ISO-10303-21;
HEADER;
/* Generated by software containing ST-Developer
 * from STEP Tools, Inc. (www.steptools.com) 
 */
/* OPTION: using custom renumber hook */

FILE_DESCRIPTION(
/* description */ ('STEP AP242 Edition 2',
'CAx-IF Rec.Pracs.---Representation and Presentation of Product Manufa
cturing Information (PMI)---4.0---2014-10-13',
'CAx-IF Rec.Pracs.---3D Tessellated Geometry---0.4---2014-09-14','2;1',
'CAx-IF Rec.Pracs.---User Defined Attributes---1.5---2016-08-15'),
/* implementation_level */ '2;1');

FILE_NAME(
/* name */ 'case',
/* time_stamp */ '2026-08-07T19:20:32Z',
/* author */ (''),
/* organization */ (''),
/* preprocessor_version */ 'ST-DEVELOPER v20',
/* originating_system */ 'ONSHAPE BY PTC INC, 1.219',
/* authorisation */ '  ');

FILE_SCHEMA (('AP242_MANAGED_MODEL_BASED_3D_ENGINEERING_MIM_LF { 1 0 10303 442 3 1 4 }'));
ENDSEC;

DATA;
#10=SHAPE_REPRESENTATION_RELATIONSHIP('','',#2292,#12);
#11=SHAPE_REPRESENTATION_RELATIONSHIP('','',#2293,#13);
#12=ADVANCED_BREP_SHAPE_REPRESENTATION('',(#2288),#3822);
#13=ADVANCED_BREP_SHAPE_REPRESENTATION('',(#2289),#3823);
#14=PLANE('',#2298);
#15=PLANE('',#2302);
#16=PLANE('',#2306);
#17=PLANE('',#2313);
#18=PLANE('',#2317);
#19=PLANE('',#2321);
#20=PLANE('',#2328);
#21=PLANE('',#2332);
#22=PLANE('',#2336);
#23=PLANE('',#2343);
#24=PLANE('',#2347);
#25=PLANE('',#2351);
#26=PLANE('',#2358);
#27=PLANE('',#2362);
#28=PLANE('',#2366);
#29=PLANE('',#2373);
#30=PLANE('',#2377);
#31=PLANE('',#2381);
#32=PLANE('',#2388);
#33=PLANE('',#2392);
#34=PLANE('',#2396);
#35=PLANE('',#2403);
#36=PLANE('',#2407);
#37=PLANE('',#2411);
#38=PLANE('',#2418);
#39=PLANE('',#2422);
#40=PLANE('',#2426);
#41=PLANE('',#2430);
#42=PLANE('',#2434);
#43=PLANE('',#2438);
#44=PLANE('',#2442);
#45=PLANE('',#2443);
#46=PLANE('',#2444);
#47=PLANE('',#2445);
#48=PLANE('',#2446);
#49=PLANE('',#2447);
#50=PLANE('',#2448);
#51=PLANE('',#2449);
#52=PLANE('',#2450);
#53=PLANE('',#2451);
#54=PLANE('',#2452);
#55=PLANE('',#2453);
#56=PLANE('',#2469);
#57=PLANE('',#2470);
#58=PLANE('',#2471);
#59=PLANE('',#2472);
#60=PLANE('',#2474);
#61=PLANE('',#2478);
#62=PLANE('',#2482);
#63=PLANE('',#2486);
#64=PLANE('',#2502);
#65=PLANE('',#2503);
#66=PLANE('',#2504);
#67=PLANE('',#2505);
#68=PLANE('',#2506);
#69=PLANE('',#2507);
#70=PLANE('',#2508);
#71=PLANE('',#2509);
#72=PLANE('',#2510);
#73=PLANE('',#2511);
#74=PLANE('',#2512);
#75=LINE('',#3172,#291);
#76=LINE('',#3176,#292);
#77=LINE('',#3178,#293);
#78=LINE('',#3180,#294);
#79=LINE('',#3182,#295);
#80=LINE('',#3186,#296);
#81=LINE('',#3190,#297);
#82=LINE('',#3192,#298);
#83=LINE('',#3194,#299);
#84=LINE('',#3198,#300);
#85=LINE('',#3202,#301);
#86=LINE('',#3204,#302);
#87=LINE('',#3206,#303);
#88=LINE('',#3210,#304);
#89=LINE('',#3217,#305);
#90=LINE('',#3221,#306);
#91=LINE('',#3223,#307);
#92=LINE('',#3225,#308);
#93=LINE('',#3227,#309);
#94=LINE('',#3231,#310);
#95=LINE('',#3235,#311);
#96=LINE('',#3237,#312);
#97=LINE('',#3239,#313);
#98=LINE('',#3243,#314);
#99=LINE('',#3247,#315);
#100=LINE('',#3249,#316);
#101=LINE('',#3251,#317);
#102=LINE('',#3255,#318);
#103=LINE('',#3262,#319);
#104=LINE('',#3266,#320);
#105=LINE('',#3268,#321);
#106=LINE('',#3270,#322);
#107=LINE('',#3272,#323);
#108=LINE('',#3276,#324);
#109=LINE('',#3280,#325);
#110=LINE('',#3282,#326);
#111=LINE('',#3284,#327);
#112=LINE('',#3288,#328);
#113=LINE('',#3292,#329);
#114=LINE('',#3294,#330);
#115=LINE('',#3296,#331);
#116=LINE('',#3300,#332);
#117=LINE('',#3307,#333);
#118=LINE('',#3311,#334);
#119=LINE('',#3313,#335);
#120=LINE('',#3315,#336);
#121=LINE('',#3317,#337);
#122=LINE('',#3321,#338);
#123=LINE('',#3325,#339);
#124=LINE('',#3327,#340);
#125=LINE('',#3329,#341);
#126=LINE('',#3333,#342);
#127=LINE('',#3337,#343);
#128=LINE('',#3339,#344);
#129=LINE('',#3341,#345);
#130=LINE('',#3345,#346);
#131=LINE('',#3352,#347);
#132=LINE('',#3356,#348);
#133=LINE('',#3358,#349);
#134=LINE('',#3360,#350);
#135=LINE('',#3362,#351);
#136=LINE('',#3366,#352);
#137=LINE('',#3370,#353);
#138=LINE('',#3372,#354);
#139=LINE('',#3374,#355);
#140=LINE('',#3378,#356);
#141=LINE('',#3382,#357);
#142=LINE('',#3384,#358);
#143=LINE('',#3386,#359);
#144=LINE('',#3390,#360);
#145=LINE('',#3397,#361);
#146=LINE('',#3401,#362);
#147=LINE('',#3403,#363);
#148=LINE('',#3405,#364);
#149=LINE('',#3407,#365);
#150=LINE('',#3411,#366);
#151=LINE('',#3415,#367);
#152=LINE('',#3417,#368);
#153=LINE('',#3419,#369);
#154=LINE('',#3423,#370);
#155=LINE('',#3427,#371);
#156=LINE('',#3429,#372);
#157=LINE('',#3431,#373);
#158=LINE('',#3435,#374);
#159=LINE('',#3442,#375);
#160=LINE('',#3446,#376);
#161=LINE('',#3448,#377);
#162=LINE('',#3450,#378);
#163=LINE('',#3452,#379);
#164=LINE('',#3456,#380);
#165=LINE('',#3460,#381);
#166=LINE('',#3462,#382);
#167=LINE('',#3464,#383);
#168=LINE('',#3468,#384);
#169=LINE('',#3472,#385);
#170=LINE('',#3474,#386);
#171=LINE('',#3476,#387);
#172=LINE('',#3480,#388);
#173=LINE('',#3487,#389);
#174=LINE('',#3491,#390);
#175=LINE('',#3493,#391);
#176=LINE('',#3495,#392);
#177=LINE('',#3497,#393);
#178=LINE('',#3501,#394);
#179=LINE('',#3505,#395);
#180=LINE('',#3507,#396);
#181=LINE('',#3509,#397);
#182=LINE('',#3513,#398);
#183=LINE('',#3517,#399);
#184=LINE('',#3519,#400);
#185=LINE('',#3521,#401);
#186=LINE('',#3525,#402);
#187=LINE('',#3532,#403);
#188=LINE('',#3536,#404);
#189=LINE('',#3538,#405);
#190=LINE('',#3540,#406);
#191=LINE('',#3542,#407);
#192=LINE('',#3546,#408);
#193=LINE('',#3550,#409);
#194=LINE('',#3552,#410);
#195=LINE('',#3554,#411);
#196=LINE('',#3558,#412);
#197=LINE('',#3562,#413);
#198=LINE('',#3564,#414);
#199=LINE('',#3566,#415);
#200=LINE('',#3570,#416);
#201=LINE('',#3574,#417);
#202=LINE('',#3577,#418);
#203=LINE('',#3579,#419);
#204=LINE('',#3581,#420);
#205=LINE('',#3585,#421);
#206=LINE('',#3589,#422);
#207=LINE('',#3591,#423);
#208=LINE('',#3593,#424);
#209=LINE('',#3597,#425);
#210=LINE('',#3601,#426);
#211=LINE('',#3603,#427);
#212=LINE('',#3605,#428);
#213=LINE('',#3609,#429);
#214=LINE('',#3613,#430);
#215=LINE('',#3615,#431);
#216=LINE('',#3617,#432);
#217=LINE('',#3619,#433);
#218=LINE('',#3622,#434);
#219=LINE('',#3624,#435);
#220=LINE('',#3626,#436);
#221=LINE('',#3628,#437);
#222=LINE('',#3630,#438);
#223=LINE('',#3632,#439);
#224=LINE('',#3634,#440);
#225=LINE('',#3636,#441);
#226=LINE('',#3638,#442);
#227=LINE('',#3640,#443);
#228=LINE('',#3641,#444);
#229=LINE('',#3643,#445);
#230=LINE('',#3644,#446);
#231=LINE('',#3646,#447);
#232=LINE('',#3647,#448);
#233=LINE('',#3649,#449);
#234=LINE('',#3650,#450);
#235=LINE('',#3652,#451);
#236=LINE('',#3653,#452);
#237=LINE('',#3655,#453);
#238=LINE('',#3656,#454);
#239=LINE('',#3658,#455);
#240=LINE('',#3659,#456);
#241=LINE('',#3661,#457);
#242=LINE('',#3662,#458);
#243=LINE('',#3687,#459);
#244=LINE('',#3688,#460);
#245=LINE('',#3690,#461);
#246=LINE('',#3691,#462);
#247=LINE('',#3696,#463);
#248=LINE('',#3699,#464);
#249=LINE('',#3701,#465);
#250=LINE('',#3703,#466);
#251=LINE('',#3707,#467);
#252=LINE('',#3711,#468);
#253=LINE('',#3713,#469);
#254=LINE('',#3715,#470);
#255=LINE('',#3719,#471);
#256=LINE('',#3723,#472);
#257=LINE('',#3726,#473);
#258=LINE('',#3728,#474);
#259=LINE('',#3730,#475);
#260=LINE('',#3732,#476);
#261=LINE('',#3734,#477);
#262=LINE('',#3735,#478);
#263=LINE('',#3739,#479);
#264=LINE('',#3743,#480);
#265=LINE('',#3745,#481);
#266=LINE('',#3747,#482);
#267=LINE('',#3772,#483);
#268=LINE('',#3775,#484);
#269=LINE('',#3776,#485);
#270=LINE('',#3778,#486);
#271=LINE('',#3781,#487);
#272=LINE('',#3783,#488);
#273=LINE('',#3785,#489);
#274=LINE('',#3787,#490);
#275=LINE('',#3789,#491);
#276=LINE('',#3791,#492);
#277=LINE('',#3793,#493);
#278=LINE('',#3795,#494);
#279=LINE('',#3797,#495);
#280=LINE('',#3799,#496);
#281=LINE('',#3801,#497);
#282=LINE('',#3803,#498);
#283=LINE('',#3805,#499);
#284=LINE('',#3807,#500);
#285=LINE('',#3808,#501);
#286=LINE('',#3811,#502);
#287=LINE('',#3813,#503);
#288=LINE('',#3814,#504);
#289=LINE('',#3816,#505);
#290=LINE('',#3818,#506);
#291=VECTOR('',#2519,1.);
#292=VECTOR('',#2522,1.);
#293=VECTOR('',#2525,1.);
#294=VECTOR('',#2526,1.);
#295=VECTOR('',#2527,1.);
#296=VECTOR('',#2532,1.);
#297=VECTOR('',#2537,1.);
#298=VECTOR('',#2538,1.);
#299=VECTOR('',#2539,1.);
#300=VECTOR('',#2544,1.);
#301=VECTOR('',#2549,1.);
#302=VECTOR('',#2550,1.);
#303=VECTOR('',#2551,1.);
#304=VECTOR('',#2556,1.);
#305=VECTOR('',#2563,1.);
#306=VECTOR('',#2566,1.);
#307=VECTOR('',#2569,1.);
#308=VECTOR('',#2570,1.);
#309=VECTOR('',#2571,1.);
#310=VECTOR('',#2576,1.);
#311=VECTOR('',#2581,1.);
#312=VECTOR('',#2582,1.);
#313=VECTOR('',#2583,1.);
#314=VECTOR('',#2588,1.);
#315=VECTOR('',#2593,1.);
#316=VECTOR('',#2594,1.);
#317=VECTOR('',#2595,1.);
#318=VECTOR('',#2600,1.);
#319=VECTOR('',#2607,1.);
#320=VECTOR('',#2610,1.);
#321=VECTOR('',#2613,1.);
#322=VECTOR('',#2614,1.);
#323=VECTOR('',#2615,1.);
#324=VECTOR('',#2620,1.);
#325=VECTOR('',#2625,1.);
#326=VECTOR('',#2626,1.);
#327=VECTOR('',#2627,1.);
#328=VECTOR('',#2632,1.);
#329=VECTOR('',#2637,1.);
#330=VECTOR('',#2638,1.);
#331=VECTOR('',#2639,1.);
#332=VECTOR('',#2644,1.);
#333=VECTOR('',#2651,1.);
#334=VECTOR('',#2654,1.);
#335=VECTOR('',#2657,1.);
#336=VECTOR('',#2658,1.);
#337=VECTOR('',#2659,1.);
#338=VECTOR('',#2664,1.);
#339=VECTOR('',#2669,1.);
#340=VECTOR('',#2670,1.);
#341=VECTOR('',#2671,1.);
#342=VECTOR('',#2676,1.);
#343=VECTOR('',#2681,1.);
#344=VECTOR('',#2682,1.);
#345=VECTOR('',#2683,1.);
#346=VECTOR('',#2688,1.);
#347=VECTOR('',#2695,1.);
#348=VECTOR('',#2698,1.);
#349=VECTOR('',#2701,1.);
#350=VECTOR('',#2702,1.);
#351=VECTOR('',#2703,1.);
#352=VECTOR('',#2708,1.);
#353=VECTOR('',#2713,1.);
#354=VECTOR('',#2714,1.);
#355=VECTOR('',#2715,1.);
#356=VECTOR('',#2720,1.);
#357=VECTOR('',#2725,1.);
#358=VECTOR('',#2726,1.);
#359=VECTOR('',#2727,1.);
#360=VECTOR('',#2732,1.);
#361=VECTOR('',#2739,1.);
#362=VECTOR('',#2742,1.);
#363=VECTOR('',#2745,1.);
#364=VECTOR('',#2746,1.);
#365=VECTOR('',#2747,1.);
#366=VECTOR('',#2752,1.);
#367=VECTOR('',#2757,1.);
#368=VECTOR('',#2758,1.);
#369=VECTOR('',#2759,1.);
#370=VECTOR('',#2764,1.);
#371=VECTOR('',#2769,1.);
#372=VECTOR('',#2770,1.);
#373=VECTOR('',#2771,1.);
#374=VECTOR('',#2776,1.);
#375=VECTOR('',#2783,1.);
#376=VECTOR('',#2786,1.);
#377=VECTOR('',#2789,1.);
#378=VECTOR('',#2790,1.);
#379=VECTOR('',#2791,1.);
#380=VECTOR('',#2796,1.);
#381=VECTOR('',#2801,1.);
#382=VECTOR('',#2802,1.);
#383=VECTOR('',#2803,1.);
#384=VECTOR('',#2808,1.);
#385=VECTOR('',#2813,1.);
#386=VECTOR('',#2814,1.);
#387=VECTOR('',#2815,1.);
#388=VECTOR('',#2820,1.);
#389=VECTOR('',#2827,1.);
#390=VECTOR('',#2830,1.);
#391=VECTOR('',#2833,1.);
#392=VECTOR('',#2834,1.);
#393=VECTOR('',#2835,1.);
#394=VECTOR('',#2840,1.);
#395=VECTOR('',#2845,1.);
#396=VECTOR('',#2846,1.);
#397=VECTOR('',#2847,1.);
#398=VECTOR('',#2852,1.);
#399=VECTOR('',#2857,1.);
#400=VECTOR('',#2858,1.);
#401=VECTOR('',#2859,1.);
#402=VECTOR('',#2864,1.);
#403=VECTOR('',#2871,1.);
#404=VECTOR('',#2874,1.);
#405=VECTOR('',#2877,1.);
#406=VECTOR('',#2878,1.);
#407=VECTOR('',#2879,1.);
#408=VECTOR('',#2884,1.);
#409=VECTOR('',#2889,1.);
#410=VECTOR('',#2890,1.);
#411=VECTOR('',#2891,1.);
#412=VECTOR('',#2896,1.);
#413=VECTOR('',#2901,1.);
#414=VECTOR('',#2902,1.);
#415=VECTOR('',#2903,1.);
#416=VECTOR('',#2908,1.);
#417=VECTOR('',#2913,1.);
#418=VECTOR('',#2914,1.);
#419=VECTOR('',#2915,1.);
#420=VECTOR('',#2916,1.);
#421=VECTOR('',#2921,1.);
#422=VECTOR('',#2926,1.);
#423=VECTOR('',#2927,1.);
#424=VECTOR('',#2928,1.);
#425=VECTOR('',#2933,1.);
#426=VECTOR('',#2938,1.);
#427=VECTOR('',#2939,1.);
#428=VECTOR('',#2940,1.);
#429=VECTOR('',#2945,1.);
#430=VECTOR('',#2950,1.);
#431=VECTOR('',#2951,1.);
#432=VECTOR('',#2952,1.);
#433=VECTOR('',#2955,1.);
#434=VECTOR('',#2956,1.);
#435=VECTOR('',#2957,1.);
#436=VECTOR('',#2958,1.);
#437=VECTOR('',#2961,1.);
#438=VECTOR('',#2962,1.);
#439=VECTOR('',#2963,1.);
#440=VECTOR('',#2966,1.);
#441=VECTOR('',#2967,1.);
#442=VECTOR('',#2968,1.);
#443=VECTOR('',#2971,1.);
#444=VECTOR('',#2972,1.);
#445=VECTOR('',#2975,1.);
#446=VECTOR('',#2976,1.);
#447=VECTOR('',#2979,1.);
#448=VECTOR('',#2980,1.);
#449=VECTOR('',#2983,1.);
#450=VECTOR('',#2984,1.);
#451=VECTOR('',#2987,1.);
#452=VECTOR('',#2988,1.);
#453=VECTOR('',#2991,1.);
#454=VECTOR('',#2992,1.);
#455=VECTOR('',#2995,1.);
#456=VECTOR('',#2996,1.);
#457=VECTOR('',#2999,1.);
#458=VECTOR('',#3000,1.);
#459=VECTOR('',#3033,1.);
#460=VECTOR('',#3034,1.);
#461=VECTOR('',#3037,1.);
#462=VECTOR('',#3038,1.);
#463=VECTOR('',#3047,1.);
#464=VECTOR('',#3048,1.);
#465=VECTOR('',#3049,1.);
#466=VECTOR('',#3050,1.);
#467=VECTOR('',#3055,1.);
#468=VECTOR('',#3060,1.);
#469=VECTOR('',#3061,1.);
#470=VECTOR('',#3062,1.);
#471=VECTOR('',#3067,1.);
#472=VECTOR('',#3072,1.);
#473=VECTOR('',#3073,1.);
#474=VECTOR('',#3074,1.);
#475=VECTOR('',#3075,1.);
#476=VECTOR('',#3076,1.);
#477=VECTOR('',#3077,1.);
#478=VECTOR('',#3078,1.);
#479=VECTOR('',#3083,1.);
#480=VECTOR('',#3088,1.);
#481=VECTOR('',#3089,1.);
#482=VECTOR('',#3090,1.);
#483=VECTOR('',#3123,1.);
#484=VECTOR('',#3124,1.);
#485=VECTOR('',#3125,1.);
#486=VECTOR('',#3128,1.);
#487=VECTOR('',#3129,1.);
#488=VECTOR('',#3130,1.);
#489=VECTOR('',#3131,1.);
#490=VECTOR('',#3134,1.);
#491=VECTOR('',#3135,1.);
#492=VECTOR('',#3136,1.);
#493=VECTOR('',#3139,1.);
#494=VECTOR('',#3140,1.);
#495=VECTOR('',#3141,1.);
#496=VECTOR('',#3142,1.);
#497=VECTOR('',#3143,1.);
#498=VECTOR('',#3144,1.);
#499=VECTOR('',#3145,1.);
#500=VECTOR('',#3148,1.);
#501=VECTOR('',#3149,1.);
#502=VECTOR('',#3154,1.);
#503=VECTOR('',#3157,1.);
#504=VECTOR('',#3158,1.);
#505=VECTOR('',#3161,1.);
#506=VECTOR('',#3164,1.);
#507=ORIENTED_EDGE('',*,*,#1147,.F.);
#508=ORIENTED_EDGE('',*,*,#1148,.F.);
#509=ORIENTED_EDGE('',*,*,#1149,.T.);
#510=ORIENTED_EDGE('',*,*,#1150,.T.);
#511=ORIENTED_EDGE('',*,*,#1151,.T.);
#512=ORIENTED_EDGE('',*,*,#1152,.F.);
#513=ORIENTED_EDGE('',*,*,#1153,.F.);
#514=ORIENTED_EDGE('',*,*,#1148,.T.);
#515=ORIENTED_EDGE('',*,*,#1154,.F.);
#516=ORIENTED_EDGE('',*,*,#1155,.F.);
#517=ORIENTED_EDGE('',*,*,#1156,.T.);
#518=ORIENTED_EDGE('',*,*,#1152,.T.);
#519=ORIENTED_EDGE('',*,*,#1157,.T.);
#520=ORIENTED_EDGE('',*,*,#1158,.F.);
#521=ORIENTED_EDGE('',*,*,#1159,.F.);
#522=ORIENTED_EDGE('',*,*,#1155,.T.);
#523=ORIENTED_EDGE('',*,*,#1160,.F.);
#524=ORIENTED_EDGE('',*,*,#1161,.F.);
#525=ORIENTED_EDGE('',*,*,#1162,.T.);
#526=ORIENTED_EDGE('',*,*,#1158,.T.);
#527=ORIENTED_EDGE('',*,*,#1163,.F.);
#528=ORIENTED_EDGE('',*,*,#1164,.F.);
#529=ORIENTED_EDGE('',*,*,#1165,.T.);
#530=ORIENTED_EDGE('',*,*,#1161,.T.);
#531=ORIENTED_EDGE('',*,*,#1166,.F.);
#532=ORIENTED_EDGE('',*,*,#1167,.F.);
#533=ORIENTED_EDGE('',*,*,#1168,.T.);
#534=ORIENTED_EDGE('',*,*,#1164,.T.);
#535=ORIENTED_EDGE('',*,*,#1169,.F.);
#536=ORIENTED_EDGE('',*,*,#1170,.F.);
#537=ORIENTED_EDGE('',*,*,#1171,.T.);
#538=ORIENTED_EDGE('',*,*,#1172,.T.);
#539=ORIENTED_EDGE('',*,*,#1173,.T.);
#540=ORIENTED_EDGE('',*,*,#1174,.F.);
#541=ORIENTED_EDGE('',*,*,#1175,.F.);
#542=ORIENTED_EDGE('',*,*,#1170,.T.);
#543=ORIENTED_EDGE('',*,*,#1176,.F.);
#544=ORIENTED_EDGE('',*,*,#1177,.F.);
#545=ORIENTED_EDGE('',*,*,#1178,.T.);
#546=ORIENTED_EDGE('',*,*,#1174,.T.);
#547=ORIENTED_EDGE('',*,*,#1179,.T.);
#548=ORIENTED_EDGE('',*,*,#1180,.F.);
#549=ORIENTED_EDGE('',*,*,#1181,.F.);
#550=ORIENTED_EDGE('',*,*,#1177,.T.);
#551=ORIENTED_EDGE('',*,*,#1182,.F.);
#552=ORIENTED_EDGE('',*,*,#1183,.F.);
#553=ORIENTED_EDGE('',*,*,#1184,.T.);
#554=ORIENTED_EDGE('',*,*,#1180,.T.);
#555=ORIENTED_EDGE('',*,*,#1185,.F.);
#556=ORIENTED_EDGE('',*,*,#1186,.F.);
#557=ORIENTED_EDGE('',*,*,#1187,.T.);
#558=ORIENTED_EDGE('',*,*,#1183,.T.);
#559=ORIENTED_EDGE('',*,*,#1188,.F.);
#560=ORIENTED_EDGE('',*,*,#1189,.F.);
#561=ORIENTED_EDGE('',*,*,#1190,.T.);
#562=ORIENTED_EDGE('',*,*,#1186,.T.);
#563=ORIENTED_EDGE('',*,*,#1191,.F.);
#564=ORIENTED_EDGE('',*,*,#1192,.F.);
#565=ORIENTED_EDGE('',*,*,#1193,.T.);
#566=ORIENTED_EDGE('',*,*,#1194,.T.);
#567=ORIENTED_EDGE('',*,*,#1195,.T.);
#568=ORIENTED_EDGE('',*,*,#1196,.F.);
#569=ORIENTED_EDGE('',*,*,#1197,.F.);
#570=ORIENTED_EDGE('',*,*,#1192,.T.);
#571=ORIENTED_EDGE('',*,*,#1198,.F.);
#572=ORIENTED_EDGE('',*,*,#1199,.F.);
#573=ORIENTED_EDGE('',*,*,#1200,.T.);
#574=ORIENTED_EDGE('',*,*,#1196,.T.);
#575=ORIENTED_EDGE('',*,*,#1201,.T.);
#576=ORIENTED_EDGE('',*,*,#1202,.F.);
#577=ORIENTED_EDGE('',*,*,#1203,.F.);
#578=ORIENTED_EDGE('',*,*,#1199,.T.);
#579=ORIENTED_EDGE('',*,*,#1204,.F.);
#580=ORIENTED_EDGE('',*,*,#1205,.F.);
#581=ORIENTED_EDGE('',*,*,#1206,.T.);
#582=ORIENTED_EDGE('',*,*,#1202,.T.);
#583=ORIENTED_EDGE('',*,*,#1207,.F.);
#584=ORIENTED_EDGE('',*,*,#1208,.F.);
#585=ORIENTED_EDGE('',*,*,#1209,.T.);
#586=ORIENTED_EDGE('',*,*,#1205,.T.);
#587=ORIENTED_EDGE('',*,*,#1210,.F.);
#588=ORIENTED_EDGE('',*,*,#1211,.F.);
#589=ORIENTED_EDGE('',*,*,#1212,.T.);
#590=ORIENTED_EDGE('',*,*,#1208,.T.);
#591=ORIENTED_EDGE('',*,*,#1213,.F.);
#592=ORIENTED_EDGE('',*,*,#1214,.F.);
#593=ORIENTED_EDGE('',*,*,#1215,.T.);
#594=ORIENTED_EDGE('',*,*,#1216,.T.);
#595=ORIENTED_EDGE('',*,*,#1217,.T.);
#596=ORIENTED_EDGE('',*,*,#1218,.F.);
#597=ORIENTED_EDGE('',*,*,#1219,.F.);
#598=ORIENTED_EDGE('',*,*,#1214,.T.);
#599=ORIENTED_EDGE('',*,*,#1220,.F.);
#600=ORIENTED_EDGE('',*,*,#1221,.F.);
#601=ORIENTED_EDGE('',*,*,#1222,.T.);
#602=ORIENTED_EDGE('',*,*,#1218,.T.);
#603=ORIENTED_EDGE('',*,*,#1223,.T.);
#604=ORIENTED_EDGE('',*,*,#1224,.F.);
#605=ORIENTED_EDGE('',*,*,#1225,.F.);
#606=ORIENTED_EDGE('',*,*,#1221,.T.);
#607=ORIENTED_EDGE('',*,*,#1226,.F.);
#608=ORIENTED_EDGE('',*,*,#1227,.F.);
#609=ORIENTED_EDGE('',*,*,#1228,.T.);
#610=ORIENTED_EDGE('',*,*,#1224,.T.);
#611=ORIENTED_EDGE('',*,*,#1229,.F.);
#612=ORIENTED_EDGE('',*,*,#1230,.F.);
#613=ORIENTED_EDGE('',*,*,#1231,.T.);
#614=ORIENTED_EDGE('',*,*,#1227,.T.);
#615=ORIENTED_EDGE('',*,*,#1232,.F.);
#616=ORIENTED_EDGE('',*,*,#1233,.F.);
#617=ORIENTED_EDGE('',*,*,#1234,.T.);
#618=ORIENTED_EDGE('',*,*,#1230,.T.);
#619=ORIENTED_EDGE('',*,*,#1235,.F.);
#620=ORIENTED_EDGE('',*,*,#1236,.F.);
#621=ORIENTED_EDGE('',*,*,#1237,.T.);
#622=ORIENTED_EDGE('',*,*,#1238,.T.);
#623=ORIENTED_EDGE('',*,*,#1239,.T.);
#624=ORIENTED_EDGE('',*,*,#1240,.F.);
#625=ORIENTED_EDGE('',*,*,#1241,.F.);
#626=ORIENTED_EDGE('',*,*,#1236,.T.);
#627=ORIENTED_EDGE('',*,*,#1242,.F.);
#628=ORIENTED_EDGE('',*,*,#1243,.F.);
#629=ORIENTED_EDGE('',*,*,#1244,.T.);
#630=ORIENTED_EDGE('',*,*,#1240,.T.);
#631=ORIENTED_EDGE('',*,*,#1245,.T.);
#632=ORIENTED_EDGE('',*,*,#1246,.F.);
#633=ORIENTED_EDGE('',*,*,#1247,.F.);
#634=ORIENTED_EDGE('',*,*,#1243,.T.);
#635=ORIENTED_EDGE('',*,*,#1248,.F.);
#636=ORIENTED_EDGE('',*,*,#1249,.F.);
#637=ORIENTED_EDGE('',*,*,#1250,.T.);
#638=ORIENTED_EDGE('',*,*,#1246,.T.);
#639=ORIENTED_EDGE('',*,*,#1251,.F.);
#640=ORIENTED_EDGE('',*,*,#1252,.F.);
#641=ORIENTED_EDGE('',*,*,#1253,.T.);
#642=ORIENTED_EDGE('',*,*,#1249,.T.);
#643=ORIENTED_EDGE('',*,*,#1254,.F.);
#644=ORIENTED_EDGE('',*,*,#1255,.F.);
#645=ORIENTED_EDGE('',*,*,#1256,.T.);
#646=ORIENTED_EDGE('',*,*,#1252,.T.);
#647=ORIENTED_EDGE('',*,*,#1257,.F.);
#648=ORIENTED_EDGE('',*,*,#1258,.F.);
#649=ORIENTED_EDGE('',*,*,#1259,.T.);
#650=ORIENTED_EDGE('',*,*,#1260,.T.);
#651=ORIENTED_EDGE('',*,*,#1261,.T.);
#652=ORIENTED_EDGE('',*,*,#1262,.F.);
#653=ORIENTED_EDGE('',*,*,#1263,.F.);
#654=ORIENTED_EDGE('',*,*,#1258,.T.);
#655=ORIENTED_EDGE('',*,*,#1264,.F.);
#656=ORIENTED_EDGE('',*,*,#1265,.F.);
#657=ORIENTED_EDGE('',*,*,#1266,.T.);
#658=ORIENTED_EDGE('',*,*,#1262,.T.);
#659=ORIENTED_EDGE('',*,*,#1267,.T.);
#660=ORIENTED_EDGE('',*,*,#1268,.F.);
#661=ORIENTED_EDGE('',*,*,#1269,.F.);
#662=ORIENTED_EDGE('',*,*,#1265,.T.);
#663=ORIENTED_EDGE('',*,*,#1270,.F.);
#664=ORIENTED_EDGE('',*,*,#1271,.F.);
#665=ORIENTED_EDGE('',*,*,#1272,.T.);
#666=ORIENTED_EDGE('',*,*,#1268,.T.);
#667=ORIENTED_EDGE('',*,*,#1273,.F.);
#668=ORIENTED_EDGE('',*,*,#1274,.F.);
#669=ORIENTED_EDGE('',*,*,#1275,.T.);
#670=ORIENTED_EDGE('',*,*,#1271,.T.);
#671=ORIENTED_EDGE('',*,*,#1276,.F.);
#672=ORIENTED_EDGE('',*,*,#1277,.F.);
#673=ORIENTED_EDGE('',*,*,#1278,.T.);
#674=ORIENTED_EDGE('',*,*,#1274,.T.);
#675=ORIENTED_EDGE('',*,*,#1279,.F.);
#676=ORIENTED_EDGE('',*,*,#1280,.F.);
#677=ORIENTED_EDGE('',*,*,#1281,.T.);
#678=ORIENTED_EDGE('',*,*,#1282,.T.);
#679=ORIENTED_EDGE('',*,*,#1283,.T.);
#680=ORIENTED_EDGE('',*,*,#1284,.F.);
#681=ORIENTED_EDGE('',*,*,#1285,.F.);
#682=ORIENTED_EDGE('',*,*,#1280,.T.);
#683=ORIENTED_EDGE('',*,*,#1286,.F.);
#684=ORIENTED_EDGE('',*,*,#1287,.F.);
#685=ORIENTED_EDGE('',*,*,#1288,.T.);
#686=ORIENTED_EDGE('',*,*,#1284,.T.);
#687=ORIENTED_EDGE('',*,*,#1289,.T.);
#688=ORIENTED_EDGE('',*,*,#1290,.F.);
#689=ORIENTED_EDGE('',*,*,#1291,.F.);
#690=ORIENTED_EDGE('',*,*,#1287,.T.);
#691=ORIENTED_EDGE('',*,*,#1292,.F.);
#692=ORIENTED_EDGE('',*,*,#1293,.F.);
#693=ORIENTED_EDGE('',*,*,#1294,.T.);
#694=ORIENTED_EDGE('',*,*,#1290,.T.);
#695=ORIENTED_EDGE('',*,*,#1295,.F.);
#696=ORIENTED_EDGE('',*,*,#1296,.F.);
#697=ORIENTED_EDGE('',*,*,#1297,.T.);
#698=ORIENTED_EDGE('',*,*,#1293,.T.);
#699=ORIENTED_EDGE('',*,*,#1298,.F.);
#700=ORIENTED_EDGE('',*,*,#1299,.F.);
#701=ORIENTED_EDGE('',*,*,#1300,.T.);
#702=ORIENTED_EDGE('',*,*,#1296,.T.);
#703=ORIENTED_EDGE('',*,*,#1301,.F.);
#704=ORIENTED_EDGE('',*,*,#1302,.F.);
#705=ORIENTED_EDGE('',*,*,#1303,.T.);
#706=ORIENTED_EDGE('',*,*,#1304,.T.);
#707=ORIENTED_EDGE('',*,*,#1305,.T.);
#708=ORIENTED_EDGE('',*,*,#1306,.F.);
#709=ORIENTED_EDGE('',*,*,#1307,.F.);
#710=ORIENTED_EDGE('',*,*,#1302,.T.);
#711=ORIENTED_EDGE('',*,*,#1308,.F.);
#712=ORIENTED_EDGE('',*,*,#1309,.F.);
#713=ORIENTED_EDGE('',*,*,#1310,.T.);
#714=ORIENTED_EDGE('',*,*,#1306,.T.);
#715=ORIENTED_EDGE('',*,*,#1311,.T.);
#716=ORIENTED_EDGE('',*,*,#1312,.F.);
#717=ORIENTED_EDGE('',*,*,#1313,.F.);
#718=ORIENTED_EDGE('',*,*,#1309,.T.);
#719=ORIENTED_EDGE('',*,*,#1314,.F.);
#720=ORIENTED_EDGE('',*,*,#1315,.F.);
#721=ORIENTED_EDGE('',*,*,#1316,.T.);
#722=ORIENTED_EDGE('',*,*,#1312,.T.);
#723=ORIENTED_EDGE('',*,*,#1317,.F.);
#724=ORIENTED_EDGE('',*,*,#1318,.F.);
#725=ORIENTED_EDGE('',*,*,#1319,.T.);
#726=ORIENTED_EDGE('',*,*,#1315,.T.);
#727=ORIENTED_EDGE('',*,*,#1320,.F.);
#728=ORIENTED_EDGE('',*,*,#1321,.F.);
#729=ORIENTED_EDGE('',*,*,#1322,.T.);
#730=ORIENTED_EDGE('',*,*,#1318,.T.);
#731=ORIENTED_EDGE('',*,*,#1323,.F.);
#732=ORIENTED_EDGE('',*,*,#1324,.F.);
#733=ORIENTED_EDGE('',*,*,#1325,.T.);
#734=ORIENTED_EDGE('',*,*,#1326,.T.);
#735=ORIENTED_EDGE('',*,*,#1327,.T.);
#736=ORIENTED_EDGE('',*,*,#1328,.F.);
#737=ORIENTED_EDGE('',*,*,#1329,.F.);
#738=ORIENTED_EDGE('',*,*,#1324,.T.);
#739=ORIENTED_EDGE('',*,*,#1330,.F.);
#740=ORIENTED_EDGE('',*,*,#1331,.F.);
#741=ORIENTED_EDGE('',*,*,#1332,.T.);
#742=ORIENTED_EDGE('',*,*,#1328,.T.);
#743=ORIENTED_EDGE('',*,*,#1333,.T.);
#744=ORIENTED_EDGE('',*,*,#1334,.F.);
#745=ORIENTED_EDGE('',*,*,#1335,.F.);
#746=ORIENTED_EDGE('',*,*,#1331,.T.);
#747=ORIENTED_EDGE('',*,*,#1336,.F.);
#748=ORIENTED_EDGE('',*,*,#1337,.F.);
#749=ORIENTED_EDGE('',*,*,#1338,.T.);
#750=ORIENTED_EDGE('',*,*,#1334,.T.);
#751=ORIENTED_EDGE('',*,*,#1339,.F.);
#752=ORIENTED_EDGE('',*,*,#1340,.F.);
#753=ORIENTED_EDGE('',*,*,#1341,.T.);
#754=ORIENTED_EDGE('',*,*,#1337,.T.);
#755=ORIENTED_EDGE('',*,*,#1342,.F.);
#756=ORIENTED_EDGE('',*,*,#1343,.F.);
#757=ORIENTED_EDGE('',*,*,#1344,.T.);
#758=ORIENTED_EDGE('',*,*,#1340,.T.);
#759=ORIENTED_EDGE('',*,*,#1345,.F.);
#760=ORIENTED_EDGE('',*,*,#1346,.F.);
#761=ORIENTED_EDGE('',*,*,#1347,.T.);
#762=ORIENTED_EDGE('',*,*,#1348,.T.);
#763=ORIENTED_EDGE('',*,*,#1349,.T.);
#764=ORIENTED_EDGE('',*,*,#1350,.F.);
#765=ORIENTED_EDGE('',*,*,#1351,.F.);
#766=ORIENTED_EDGE('',*,*,#1346,.T.);
#767=ORIENTED_EDGE('',*,*,#1352,.F.);
#768=ORIENTED_EDGE('',*,*,#1353,.F.);
#769=ORIENTED_EDGE('',*,*,#1354,.T.);
#770=ORIENTED_EDGE('',*,*,#1350,.T.);
#771=ORIENTED_EDGE('',*,*,#1355,.T.);
#772=ORIENTED_EDGE('',*,*,#1356,.F.);
#773=ORIENTED_EDGE('',*,*,#1357,.F.);
#774=ORIENTED_EDGE('',*,*,#1353,.T.);
#775=ORIENTED_EDGE('',*,*,#1358,.F.);
#776=ORIENTED_EDGE('',*,*,#1359,.F.);
#777=ORIENTED_EDGE('',*,*,#1360,.T.);
#778=ORIENTED_EDGE('',*,*,#1356,.T.);
#779=ORIENTED_EDGE('',*,*,#1361,.T.);
#780=ORIENTED_EDGE('',*,*,#1362,.F.);
#781=ORIENTED_EDGE('',*,*,#1363,.F.);
#782=ORIENTED_EDGE('',*,*,#1359,.T.);
#783=ORIENTED_EDGE('',*,*,#1364,.F.);
#784=ORIENTED_EDGE('',*,*,#1365,.F.);
#785=ORIENTED_EDGE('',*,*,#1366,.T.);
#786=ORIENTED_EDGE('',*,*,#1362,.T.);
#787=ORIENTED_EDGE('',*,*,#1367,.F.);
#788=ORIENTED_EDGE('',*,*,#1368,.F.);
#789=ORIENTED_EDGE('',*,*,#1369,.T.);
#790=ORIENTED_EDGE('',*,*,#1370,.T.);
#791=ORIENTED_EDGE('',*,*,#1371,.T.);
#792=ORIENTED_EDGE('',*,*,#1372,.F.);
#793=ORIENTED_EDGE('',*,*,#1373,.F.);
#794=ORIENTED_EDGE('',*,*,#1368,.T.);
#795=ORIENTED_EDGE('',*,*,#1374,.T.);
#796=ORIENTED_EDGE('',*,*,#1375,.F.);
#797=ORIENTED_EDGE('',*,*,#1376,.F.);
#798=ORIENTED_EDGE('',*,*,#1372,.T.);
#799=ORIENTED_EDGE('',*,*,#1377,.F.);
#800=ORIENTED_EDGE('',*,*,#1172,.F.);
#801=ORIENTED_EDGE('',*,*,#1378,.T.);
#802=ORIENTED_EDGE('',*,*,#1189,.T.);
#803=ORIENTED_EDGE('',*,*,#1379,.F.);
#804=ORIENTED_EDGE('',*,*,#1194,.F.);
#805=ORIENTED_EDGE('',*,*,#1380,.T.);
#806=ORIENTED_EDGE('',*,*,#1211,.T.);
#807=ORIENTED_EDGE('',*,*,#1381,.F.);
#808=ORIENTED_EDGE('',*,*,#1216,.F.);
#809=ORIENTED_EDGE('',*,*,#1382,.T.);
#810=ORIENTED_EDGE('',*,*,#1233,.T.);
#811=ORIENTED_EDGE('',*,*,#1383,.F.);
#812=ORIENTED_EDGE('',*,*,#1238,.F.);
#813=ORIENTED_EDGE('',*,*,#1384,.T.);
#814=ORIENTED_EDGE('',*,*,#1255,.T.);
#815=ORIENTED_EDGE('',*,*,#1385,.F.);
#816=ORIENTED_EDGE('',*,*,#1260,.F.);
#817=ORIENTED_EDGE('',*,*,#1386,.T.);
#818=ORIENTED_EDGE('',*,*,#1277,.T.);
#819=ORIENTED_EDGE('',*,*,#1387,.F.);
#820=ORIENTED_EDGE('',*,*,#1282,.F.);
#821=ORIENTED_EDGE('',*,*,#1388,.T.);
#822=ORIENTED_EDGE('',*,*,#1299,.T.);
#823=ORIENTED_EDGE('',*,*,#1389,.F.);
#824=ORIENTED_EDGE('',*,*,#1304,.F.);
#825=ORIENTED_EDGE('',*,*,#1390,.T.);
#826=ORIENTED_EDGE('',*,*,#1321,.T.);
#827=ORIENTED_EDGE('',*,*,#1391,.F.);
#828=ORIENTED_EDGE('',*,*,#1326,.F.);
#829=ORIENTED_EDGE('',*,*,#1392,.T.);
#830=ORIENTED_EDGE('',*,*,#1343,.T.);
#831=ORIENTED_EDGE('',*,*,#1393,.T.);
#832=ORIENTED_EDGE('',*,*,#1348,.F.);
#833=ORIENTED_EDGE('',*,*,#1394,.F.);
#834=ORIENTED_EDGE('',*,*,#1365,.T.);
#835=ORIENTED_EDGE('',*,*,#1395,.T.);
#836=ORIENTED_EDGE('',*,*,#1396,.F.);
#837=ORIENTED_EDGE('',*,*,#1397,.T.);
#838=ORIENTED_EDGE('',*,*,#1398,.F.);
#839=ORIENTED_EDGE('',*,*,#1399,.T.);
#840=ORIENTED_EDGE('',*,*,#1400,.F.);
#841=ORIENTED_EDGE('',*,*,#1401,.T.);
#842=ORIENTED_EDGE('',*,*,#1402,.F.);
#843=ORIENTED_EDGE('',*,*,#1403,.F.);
#844=ORIENTED_EDGE('',*,*,#1370,.F.);
#845=ORIENTED_EDGE('',*,*,#1404,.T.);
#846=ORIENTED_EDGE('',*,*,#1375,.T.);
#847=ORIENTED_EDGE('',*,*,#1405,.F.);
#848=ORIENTED_EDGE('',*,*,#1150,.F.);
#849=ORIENTED_EDGE('',*,*,#1406,.T.);
#850=ORIENTED_EDGE('',*,*,#1167,.T.);
#851=ORIENTED_EDGE('',*,*,#1369,.F.);
#852=ORIENTED_EDGE('',*,*,#1373,.T.);
#853=ORIENTED_EDGE('',*,*,#1376,.T.);
#854=ORIENTED_EDGE('',*,*,#1404,.F.);
#855=ORIENTED_EDGE('',*,*,#1401,.F.);
#856=ORIENTED_EDGE('',*,*,#1399,.F.);
#857=ORIENTED_EDGE('',*,*,#1397,.F.);
#858=ORIENTED_EDGE('',*,*,#1395,.F.);
#859=ORIENTED_EDGE('',*,*,#1347,.F.);
#860=ORIENTED_EDGE('',*,*,#1351,.T.);
#861=ORIENTED_EDGE('',*,*,#1354,.F.);
#862=ORIENTED_EDGE('',*,*,#1357,.T.);
#863=ORIENTED_EDGE('',*,*,#1360,.F.);
#864=ORIENTED_EDGE('',*,*,#1363,.T.);
#865=ORIENTED_EDGE('',*,*,#1366,.F.);
#866=ORIENTED_EDGE('',*,*,#1394,.T.);
#867=ORIENTED_EDGE('',*,*,#1325,.F.);
#868=ORIENTED_EDGE('',*,*,#1329,.T.);
#869=ORIENTED_EDGE('',*,*,#1332,.F.);
#870=ORIENTED_EDGE('',*,*,#1335,.T.);
#871=ORIENTED_EDGE('',*,*,#1338,.F.);
#872=ORIENTED_EDGE('',*,*,#1341,.F.);
#873=ORIENTED_EDGE('',*,*,#1344,.F.);
#874=ORIENTED_EDGE('',*,*,#1392,.F.);
#875=ORIENTED_EDGE('',*,*,#1303,.F.);
#876=ORIENTED_EDGE('',*,*,#1307,.T.);
#877=ORIENTED_EDGE('',*,*,#1310,.F.);
#878=ORIENTED_EDGE('',*,*,#1313,.T.);
#879=ORIENTED_EDGE('',*,*,#1316,.F.);
#880=ORIENTED_EDGE('',*,*,#1319,.F.);
#881=ORIENTED_EDGE('',*,*,#1322,.F.);
#882=ORIENTED_EDGE('',*,*,#1390,.F.);
#883=ORIENTED_EDGE('',*,*,#1281,.F.);
#884=ORIENTED_EDGE('',*,*,#1285,.T.);
#885=ORIENTED_EDGE('',*,*,#1288,.F.);
#886=ORIENTED_EDGE('',*,*,#1291,.T.);
#887=ORIENTED_EDGE('',*,*,#1294,.F.);
#888=ORIENTED_EDGE('',*,*,#1297,.F.);
#889=ORIENTED_EDGE('',*,*,#1300,.F.);
#890=ORIENTED_EDGE('',*,*,#1388,.F.);
#891=ORIENTED_EDGE('',*,*,#1259,.F.);
#892=ORIENTED_EDGE('',*,*,#1263,.T.);
#893=ORIENTED_EDGE('',*,*,#1266,.F.);
#894=ORIENTED_EDGE('',*,*,#1269,.T.);
#895=ORIENTED_EDGE('',*,*,#1272,.F.);
#896=ORIENTED_EDGE('',*,*,#1275,.F.);
#897=ORIENTED_EDGE('',*,*,#1278,.F.);
#898=ORIENTED_EDGE('',*,*,#1386,.F.);
#899=ORIENTED_EDGE('',*,*,#1237,.F.);
#900=ORIENTED_EDGE('',*,*,#1241,.T.);
#901=ORIENTED_EDGE('',*,*,#1244,.F.);
#902=ORIENTED_EDGE('',*,*,#1247,.T.);
#903=ORIENTED_EDGE('',*,*,#1250,.F.);
#904=ORIENTED_EDGE('',*,*,#1253,.F.);
#905=ORIENTED_EDGE('',*,*,#1256,.F.);
#906=ORIENTED_EDGE('',*,*,#1384,.F.);
#907=ORIENTED_EDGE('',*,*,#1215,.F.);
#908=ORIENTED_EDGE('',*,*,#1219,.T.);
#909=ORIENTED_EDGE('',*,*,#1222,.F.);
#910=ORIENTED_EDGE('',*,*,#1225,.T.);
#911=ORIENTED_EDGE('',*,*,#1228,.F.);
#912=ORIENTED_EDGE('',*,*,#1231,.F.);
#913=ORIENTED_EDGE('',*,*,#1234,.F.);
#914=ORIENTED_EDGE('',*,*,#1382,.F.);
#915=ORIENTED_EDGE('',*,*,#1193,.F.);
#916=ORIENTED_EDGE('',*,*,#1197,.T.);
#917=ORIENTED_EDGE('',*,*,#1200,.F.);
#918=ORIENTED_EDGE('',*,*,#1203,.T.);
#919=ORIENTED_EDGE('',*,*,#1206,.F.);
#920=ORIENTED_EDGE('',*,*,#1209,.F.);
#921=ORIENTED_EDGE('',*,*,#1212,.F.);
#922=ORIENTED_EDGE('',*,*,#1380,.F.);
#923=ORIENTED_EDGE('',*,*,#1171,.F.);
#924=ORIENTED_EDGE('',*,*,#1175,.T.);
#925=ORIENTED_EDGE('',*,*,#1178,.F.);
#926=ORIENTED_EDGE('',*,*,#1181,.T.);
#927=ORIENTED_EDGE('',*,*,#1184,.F.);
#928=ORIENTED_EDGE('',*,*,#1187,.F.);
#929=ORIENTED_EDGE('',*,*,#1190,.F.);
#930=ORIENTED_EDGE('',*,*,#1378,.F.);
#931=ORIENTED_EDGE('',*,*,#1149,.F.);
#932=ORIENTED_EDGE('',*,*,#1153,.T.);
#933=ORIENTED_EDGE('',*,*,#1156,.F.);
#934=ORIENTED_EDGE('',*,*,#1159,.T.);
#935=ORIENTED_EDGE('',*,*,#1162,.F.);
#936=ORIENTED_EDGE('',*,*,#1165,.F.);
#937=ORIENTED_EDGE('',*,*,#1168,.F.);
#938=ORIENTED_EDGE('',*,*,#1406,.F.);
#939=ORIENTED_EDGE('',*,*,#1367,.T.);
#940=ORIENTED_EDGE('',*,*,#1403,.T.);
#941=ORIENTED_EDGE('',*,*,#1374,.F.);
#942=ORIENTED_EDGE('',*,*,#1371,.F.);
#943=ORIENTED_EDGE('',*,*,#1402,.T.);
#944=ORIENTED_EDGE('',*,*,#1400,.T.);
#945=ORIENTED_EDGE('',*,*,#1398,.T.);
#946=ORIENTED_EDGE('',*,*,#1396,.T.);
#947=ORIENTED_EDGE('',*,*,#1345,.T.);
#948=ORIENTED_EDGE('',*,*,#1393,.F.);
#949=ORIENTED_EDGE('',*,*,#1364,.T.);
#950=ORIENTED_EDGE('',*,*,#1361,.F.);
#951=ORIENTED_EDGE('',*,*,#1358,.T.);
#952=ORIENTED_EDGE('',*,*,#1355,.F.);
#953=ORIENTED_EDGE('',*,*,#1352,.T.);
#954=ORIENTED_EDGE('',*,*,#1349,.F.);
#955=ORIENTED_EDGE('',*,*,#1323,.T.);
#956=ORIENTED_EDGE('',*,*,#1391,.T.);
#957=ORIENTED_EDGE('',*,*,#1342,.T.);
#958=ORIENTED_EDGE('',*,*,#1339,.T.);
#959=ORIENTED_EDGE('',*,*,#1336,.T.);
#960=ORIENTED_EDGE('',*,*,#1333,.F.);
#961=ORIENTED_EDGE('',*,*,#1330,.T.);
#962=ORIENTED_EDGE('',*,*,#1327,.F.);
#963=ORIENTED_EDGE('',*,*,#1301,.T.);
#964=ORIENTED_EDGE('',*,*,#1389,.T.);
#965=ORIENTED_EDGE('',*,*,#1320,.T.);
#966=ORIENTED_EDGE('',*,*,#1317,.T.);
#967=ORIENTED_EDGE('',*,*,#1314,.T.);
#968=ORIENTED_EDGE('',*,*,#1311,.F.);
#969=ORIENTED_EDGE('',*,*,#1308,.T.);
#970=ORIENTED_EDGE('',*,*,#1305,.F.);
#971=ORIENTED_EDGE('',*,*,#1279,.T.);
#972=ORIENTED_EDGE('',*,*,#1387,.T.);
#973=ORIENTED_EDGE('',*,*,#1298,.T.);
#974=ORIENTED_EDGE('',*,*,#1295,.T.);
#975=ORIENTED_EDGE('',*,*,#1292,.T.);
#976=ORIENTED_EDGE('',*,*,#1289,.F.);
#977=ORIENTED_EDGE('',*,*,#1286,.T.);
#978=ORIENTED_EDGE('',*,*,#1283,.F.);
#979=ORIENTED_EDGE('',*,*,#1257,.T.);
#980=ORIENTED_EDGE('',*,*,#1385,.T.);
#981=ORIENTED_EDGE('',*,*,#1276,.T.);
#982=ORIENTED_EDGE('',*,*,#1273,.T.);
#983=ORIENTED_EDGE('',*,*,#1270,.T.);
#984=ORIENTED_EDGE('',*,*,#1267,.F.);
#985=ORIENTED_EDGE('',*,*,#1264,.T.);
#986=ORIENTED_EDGE('',*,*,#1261,.F.);
#987=ORIENTED_EDGE('',*,*,#1235,.T.);
#988=ORIENTED_EDGE('',*,*,#1383,.T.);
#989=ORIENTED_EDGE('',*,*,#1254,.T.);
#990=ORIENTED_EDGE('',*,*,#1251,.T.);
#991=ORIENTED_EDGE('',*,*,#1248,.T.);
#992=ORIENTED_EDGE('',*,*,#1245,.F.);
#993=ORIENTED_EDGE('',*,*,#1242,.T.);
#994=ORIENTED_EDGE('',*,*,#1239,.F.);
#995=ORIENTED_EDGE('',*,*,#1213,.T.);
#996=ORIENTED_EDGE('',*,*,#1381,.T.);
#997=ORIENTED_EDGE('',*,*,#1232,.T.);
#998=ORIENTED_EDGE('',*,*,#1229,.T.);
#999=ORIENTED_EDGE('',*,*,#1226,.T.);
#1000=ORIENTED_EDGE('',*,*,#1223,.F.);
#1001=ORIENTED_EDGE('',*,*,#1220,.T.);
#1002=ORIENTED_EDGE('',*,*,#1217,.F.);
#1003=ORIENTED_EDGE('',*,*,#1191,.T.);
#1004=ORIENTED_EDGE('',*,*,#1379,.T.);
#1005=ORIENTED_EDGE('',*,*,#1210,.T.);
#1006=ORIENTED_EDGE('',*,*,#1207,.T.);
#1007=ORIENTED_EDGE('',*,*,#1204,.T.);
#1008=ORIENTED_EDGE('',*,*,#1201,.F.);
#1009=ORIENTED_EDGE('',*,*,#1198,.T.);
#1010=ORIENTED_EDGE('',*,*,#1195,.F.);
#1011=ORIENTED_EDGE('',*,*,#1169,.T.);
#1012=ORIENTED_EDGE('',*,*,#1377,.T.);
#1013=ORIENTED_EDGE('',*,*,#1188,.T.);
#1014=ORIENTED_EDGE('',*,*,#1185,.T.);
#1015=ORIENTED_EDGE('',*,*,#1182,.T.);
#1016=ORIENTED_EDGE('',*,*,#1179,.F.);
#1017=ORIENTED_EDGE('',*,*,#1176,.T.);
#1018=ORIENTED_EDGE('',*,*,#1173,.F.);
#1019=ORIENTED_EDGE('',*,*,#1147,.T.);
#1020=ORIENTED_EDGE('',*,*,#1405,.T.);
#1021=ORIENTED_EDGE('',*,*,#1166,.T.);
#1022=ORIENTED_EDGE('',*,*,#1163,.T.);
#1023=ORIENTED_EDGE('',*,*,#1160,.T.);
#1024=ORIENTED_EDGE('',*,*,#1157,.F.);
#1025=ORIENTED_EDGE('',*,*,#1154,.T.);
#1026=ORIENTED_EDGE('',*,*,#1151,.F.);
#1027=ORIENTED_EDGE('',*,*,#1407,.F.);
#1028=ORIENTED_EDGE('',*,*,#1408,.F.);
#1029=ORIENTED_EDGE('',*,*,#1409,.T.);
#1030=ORIENTED_EDGE('',*,*,#1410,.T.);
#1031=ORIENTED_EDGE('',*,*,#1411,.T.);
#1032=ORIENTED_EDGE('',*,*,#1412,.F.);
#1033=ORIENTED_EDGE('',*,*,#1413,.F.);
#1034=ORIENTED_EDGE('',*,*,#1408,.T.);
#1035=ORIENTED_EDGE('',*,*,#1414,.F.);
#1036=ORIENTED_EDGE('',*,*,#1415,.F.);
#1037=ORIENTED_EDGE('',*,*,#1416,.T.);
#1038=ORIENTED_EDGE('',*,*,#1412,.T.);
#1039=ORIENTED_EDGE('',*,*,#1417,.T.);
#1040=ORIENTED_EDGE('',*,*,#1418,.F.);
#1041=ORIENTED_EDGE('',*,*,#1419,.F.);
#1042=ORIENTED_EDGE('',*,*,#1415,.T.);
#1043=ORIENTED_EDGE('',*,*,#1420,.F.);
#1044=ORIENTED_EDGE('',*,*,#1421,.T.);
#1045=ORIENTED_EDGE('',*,*,#1422,.T.);
#1046=ORIENTED_EDGE('',*,*,#1423,.F.);
#1047=ORIENTED_EDGE('',*,*,#1424,.F.);
#1048=ORIENTED_EDGE('',*,*,#1425,.T.);
#1049=ORIENTED_EDGE('',*,*,#1418,.T.);
#1050=ORIENTED_EDGE('',*,*,#1426,.F.);
#1051=ORIENTED_EDGE('',*,*,#1427,.T.);
#1052=ORIENTED_EDGE('',*,*,#1428,.F.);
#1053=ORIENTED_EDGE('',*,*,#1429,.F.);
#1054=ORIENTED_EDGE('',*,*,#1424,.T.);
#1055=ORIENTED_EDGE('',*,*,#1430,.F.);
#1056=ORIENTED_EDGE('',*,*,#1431,.F.);
#1057=ORIENTED_EDGE('',*,*,#1432,.T.);
#1058=ORIENTED_EDGE('',*,*,#1428,.T.);
#1059=ORIENTED_EDGE('',*,*,#1433,.F.);
#1060=ORIENTED_EDGE('',*,*,#1434,.T.);
#1061=ORIENTED_EDGE('',*,*,#1435,.F.);
#1062=ORIENTED_EDGE('',*,*,#1436,.T.);
#1063=ORIENTED_EDGE('',*,*,#1437,.F.);
#1064=ORIENTED_EDGE('',*,*,#1438,.T.);
#1065=ORIENTED_EDGE('',*,*,#1439,.F.);
#1066=ORIENTED_EDGE('',*,*,#1440,.T.);
#1067=ORIENTED_EDGE('',*,*,#1441,.T.);
#1068=ORIENTED_EDGE('',*,*,#1410,.F.);
#1069=ORIENTED_EDGE('',*,*,#1442,.F.);
#1070=ORIENTED_EDGE('',*,*,#1431,.T.);
#1071=ORIENTED_EDGE('',*,*,#1443,.F.);
#1072=ORIENTED_EDGE('',*,*,#1444,.T.);
#1073=ORIENTED_EDGE('',*,*,#1426,.T.);
#1074=ORIENTED_EDGE('',*,*,#1417,.F.);
#1075=ORIENTED_EDGE('',*,*,#1414,.T.);
#1076=ORIENTED_EDGE('',*,*,#1411,.F.);
#1077=ORIENTED_EDGE('',*,*,#1407,.T.);
#1078=ORIENTED_EDGE('',*,*,#1441,.F.);
#1079=ORIENTED_EDGE('',*,*,#1430,.T.);
#1080=ORIENTED_EDGE('',*,*,#1427,.F.);
#1081=ORIENTED_EDGE('',*,*,#1423,.T.);
#1082=ORIENTED_EDGE('',*,*,#1445,.F.);
#1083=ORIENTED_EDGE('',*,*,#1439,.T.);
#1084=ORIENTED_EDGE('',*,*,#1437,.T.);
#1085=ORIENTED_EDGE('',*,*,#1435,.T.);
#1086=ORIENTED_EDGE('',*,*,#1433,.T.);
#1087=ORIENTED_EDGE('',*,*,#1446,.F.);
#1088=ORIENTED_EDGE('',*,*,#1447,.F.);
#1089=ORIENTED_EDGE('',*,*,#1448,.F.);
#1090=ORIENTED_EDGE('',*,*,#1449,.T.);
#1091=ORIENTED_EDGE('',*,*,#1450,.F.);
#1092=ORIENTED_EDGE('',*,*,#1451,.F.);
#1093=ORIENTED_EDGE('',*,*,#1452,.F.);
#1094=ORIENTED_EDGE('',*,*,#1447,.T.);
#1095=ORIENTED_EDGE('',*,*,#1453,.F.);
#1096=ORIENTED_EDGE('',*,*,#1454,.T.);
#1097=ORIENTED_EDGE('',*,*,#1455,.T.);
#1098=ORIENTED_EDGE('',*,*,#1456,.F.);
#1099=ORIENTED_EDGE('',*,*,#1457,.F.);
#1100=ORIENTED_EDGE('',*,*,#1458,.F.);
#1101=ORIENTED_EDGE('',*,*,#1459,.F.);
#1102=ORIENTED_EDGE('',*,*,#1451,.T.);
#1103=ORIENTED_EDGE('',*,*,#1460,.F.);
#1104=ORIENTED_EDGE('',*,*,#1449,.F.);
#1105=ORIENTED_EDGE('',*,*,#1461,.F.);
#1106=ORIENTED_EDGE('',*,*,#1458,.T.);
#1107=ORIENTED_EDGE('',*,*,#1440,.F.);
#1108=ORIENTED_EDGE('',*,*,#1438,.F.);
#1109=ORIENTED_EDGE('',*,*,#1436,.F.);
#1110=ORIENTED_EDGE('',*,*,#1434,.F.);
#1111=ORIENTED_EDGE('',*,*,#1409,.F.);
#1112=ORIENTED_EDGE('',*,*,#1413,.T.);
#1113=ORIENTED_EDGE('',*,*,#1416,.F.);
#1114=ORIENTED_EDGE('',*,*,#1419,.T.);
#1115=ORIENTED_EDGE('',*,*,#1425,.F.);
#1116=ORIENTED_EDGE('',*,*,#1429,.T.);
#1117=ORIENTED_EDGE('',*,*,#1432,.F.);
#1118=ORIENTED_EDGE('',*,*,#1442,.T.);
#1119=ORIENTED_EDGE('',*,*,#1448,.T.);
#1120=ORIENTED_EDGE('',*,*,#1452,.T.);
#1121=ORIENTED_EDGE('',*,*,#1459,.T.);
#1122=ORIENTED_EDGE('',*,*,#1461,.T.);
#1123=ORIENTED_EDGE('',*,*,#1450,.T.);
#1124=ORIENTED_EDGE('',*,*,#1446,.T.);
#1125=ORIENTED_EDGE('',*,*,#1460,.T.);
#1126=ORIENTED_EDGE('',*,*,#1457,.T.);
#1127=ORIENTED_EDGE('',*,*,#1462,.T.);
#1128=ORIENTED_EDGE('',*,*,#1453,.T.);
#1129=ORIENTED_EDGE('',*,*,#1463,.F.);
#1130=ORIENTED_EDGE('',*,*,#1443,.T.);
#1131=ORIENTED_EDGE('',*,*,#1464,.T.);
#1132=ORIENTED_EDGE('',*,*,#1462,.F.);
#1133=ORIENTED_EDGE('',*,*,#1445,.T.);
#1134=ORIENTED_EDGE('',*,*,#1422,.F.);
#1135=ORIENTED_EDGE('',*,*,#1465,.F.);
#1136=ORIENTED_EDGE('',*,*,#1454,.F.);
#1137=ORIENTED_EDGE('',*,*,#1464,.F.);
#1138=ORIENTED_EDGE('',*,*,#1465,.T.);
#1139=ORIENTED_EDGE('',*,*,#1421,.F.);
#1140=ORIENTED_EDGE('',*,*,#1466,.F.);
#1141=ORIENTED_EDGE('',*,*,#1455,.F.);
#1142=ORIENTED_EDGE('',*,*,#1463,.T.);
#1143=ORIENTED_EDGE('',*,*,#1456,.T.);
#1144=ORIENTED_EDGE('',*,*,#1466,.T.);
#1145=ORIENTED_EDGE('',*,*,#1420,.T.);
#1146=ORIENTED_EDGE('',*,*,#1444,.F.);
#1147=EDGE_CURVE('',#1467,#1468,#1685,.T.);
#1148=EDGE_CURVE('',#1469,#1467,#75,.T.);
#1149=EDGE_CURVE('',#1469,#1470,#1686,.T.);
#1150=EDGE_CURVE('',#1470,#1468,#76,.T.);
#1151=EDGE_CURVE('',#1467,#1471,#77,.T.);
#1152=EDGE_CURVE('',#1472,#1471,#78,.T.);
#1153=EDGE_CURVE('',#1469,#1472,#79,.T.);
#1154=EDGE_CURVE('',#1473,#1471,#1687,.T.);
#1155=EDGE_CURVE('',#1474,#1473,#80,.T.);
#1156=EDGE_CURVE('',#1474,#1472,#1688,.T.);
#1157=EDGE_CURVE('',#1473,#1475,#81,.T.);
#1158=EDGE_CURVE('',#1476,#1475,#82,.T.);
#1159=EDGE_CURVE('',#1474,#1476,#83,.T.);
#1160=EDGE_CURVE('',#1477,#1475,#1689,.T.);
#1161=EDGE_CURVE('',#1478,#1477,#84,.T.);
#1162=EDGE_CURVE('',#1478,#1476,#1690,.T.);
#1163=EDGE_CURVE('',#1479,#1477,#85,.T.);
#1164=EDGE_CURVE('',#1480,#1479,#86,.T.);
#1165=EDGE_CURVE('',#1480,#1478,#87,.T.);
#1166=EDGE_CURVE('',#1481,#1479,#1691,.T.);
#1167=EDGE_CURVE('',#1482,#1481,#88,.T.);
#1168=EDGE_CURVE('',#1482,#1480,#1692,.T.);
#1169=EDGE_CURVE('',#1483,#1484,#1693,.T.);
#1170=EDGE_CURVE('',#1485,#1483,#89,.T.);
#1171=EDGE_CURVE('',#1485,#1486,#1694,.T.);
#1172=EDGE_CURVE('',#1486,#1484,#90,.T.);
#1173=EDGE_CURVE('',#1483,#1487,#91,.T.);
#1174=EDGE_CURVE('',#1488,#1487,#92,.T.);
#1175=EDGE_CURVE('',#1485,#1488,#93,.T.);
#1176=EDGE_CURVE('',#1489,#1487,#1695,.T.);
#1177=EDGE_CURVE('',#1490,#1489,#94,.T.);
#1178=EDGE_CURVE('',#1490,#1488,#1696,.T.);
#1179=EDGE_CURVE('',#1489,#1491,#95,.T.);
#1180=EDGE_CURVE('',#1492,#1491,#96,.T.);
#1181=EDGE_CURVE('',#1490,#1492,#97,.T.);
#1182=EDGE_CURVE('',#1493,#1491,#1697,.T.);
#1183=EDGE_CURVE('',#1494,#1493,#98,.T.);
#1184=EDGE_CURVE('',#1494,#1492,#1698,.T.);
#1185=EDGE_CURVE('',#1495,#1493,#99,.T.);
#1186=EDGE_CURVE('',#1496,#1495,#100,.T.);
#1187=EDGE_CURVE('',#1496,#1494,#101,.T.);
#1188=EDGE_CURVE('',#1497,#1495,#1699,.T.);
#1189=EDGE_CURVE('',#1498,#1497,#102,.T.);
#1190=EDGE_CURVE('',#1498,#1496,#1700,.T.);
#1191=EDGE_CURVE('',#1499,#1500,#1701,.T.);
#1192=EDGE_CURVE('',#1501,#1499,#103,.T.);
#1193=EDGE_CURVE('',#1501,#1502,#1702,.T.);
#1194=EDGE_CURVE('',#1502,#1500,#104,.T.);
#1195=EDGE_CURVE('',#1499,#1503,#105,.T.);
#1196=EDGE_CURVE('',#1504,#1503,#106,.T.);
#1197=EDGE_CURVE('',#1501,#1504,#107,.T.);
#1198=EDGE_CURVE('',#1505,#1503,#1703,.T.);
#1199=EDGE_CURVE('',#1506,#1505,#108,.T.);
#1200=EDGE_CURVE('',#1506,#1504,#1704,.T.);
#1201=EDGE_CURVE('',#1505,#1507,#109,.T.);
#1202=EDGE_CURVE('',#1508,#1507,#110,.T.);
#1203=EDGE_CURVE('',#1506,#1508,#111,.T.);
#1204=EDGE_CURVE('',#1509,#1507,#1705,.T.);
#1205=EDGE_CURVE('',#1510,#1509,#112,.T.);
#1206=EDGE_CURVE('',#1510,#1508,#1706,.T.);
#1207=EDGE_CURVE('',#1511,#1509,#113,.T.);
#1208=EDGE_CURVE('',#1512,#1511,#114,.T.);
#1209=EDGE_CURVE('',#1512,#1510,#115,.T.);
#1210=EDGE_CURVE('',#1513,#1511,#1707,.T.);
#1211=EDGE_CURVE('',#1514,#1513,#116,.T.);
#1212=EDGE_CURVE('',#1514,#1512,#1708,.T.);
#1213=EDGE_CURVE('',#1515,#1516,#1709,.T.);
#1214=EDGE_CURVE('',#1517,#1515,#117,.T.);
#1215=EDGE_CURVE('',#1517,#1518,#1710,.T.);
#1216=EDGE_CURVE('',#1518,#1516,#118,.T.);
#1217=EDGE_CURVE('',#1515,#1519,#119,.T.);
#1218=EDGE_CURVE('',#1520,#1519,#120,.T.);
#1219=EDGE_CURVE('',#1517,#1520,#121,.T.);
#1220=EDGE_CURVE('',#1521,#1519,#1711,.T.);
#1221=EDGE_CURVE('',#1522,#1521,#122,.T.);
#1222=EDGE_CURVE('',#1522,#1520,#1712,.T.);
#1223=EDGE_CURVE('',#1521,#1523,#123,.T.);
#1224=EDGE_CURVE('',#1524,#1523,#124,.T.);
#1225=EDGE_CURVE('',#1522,#1524,#125,.T.);
#1226=EDGE_CURVE('',#1525,#1523,#1713,.T.);
#1227=EDGE_CURVE('',#1526,#1525,#126,.T.);
#1228=EDGE_CURVE('',#1526,#1524,#1714,.T.);
#1229=EDGE_CURVE('',#1527,#1525,#127,.T.);
#1230=EDGE_CURVE('',#1528,#1527,#128,.T.);
#1231=EDGE_CURVE('',#1528,#1526,#129,.T.);
#1232=EDGE_CURVE('',#1529,#1527,#1715,.T.);
#1233=EDGE_CURVE('',#1530,#1529,#130,.T.);
#1234=EDGE_CURVE('',#1530,#1528,#1716,.T.);
#1235=EDGE_CURVE('',#1531,#1532,#1717,.T.);
#1236=EDGE_CURVE('',#1533,#1531,#131,.T.);
#1237=EDGE_CURVE('',#1533,#1534,#1718,.T.);
#1238=EDGE_CURVE('',#1534,#1532,#132,.T.);
#1239=EDGE_CURVE('',#1531,#1535,#133,.T.);
#1240=EDGE_CURVE('',#1536,#1535,#134,.T.);
#1241=EDGE_CURVE('',#1533,#1536,#135,.T.);
#1242=EDGE_CURVE('',#1537,#1535,#1719,.T.);
#1243=EDGE_CURVE('',#1538,#1537,#136,.T.);
#1244=EDGE_CURVE('',#1538,#1536,#1720,.T.);
#1245=EDGE_CURVE('',#1537,#1539,#137,.T.);
#1246=EDGE_CURVE('',#1540,#1539,#138,.T.);
#1247=EDGE_CURVE('',#1538,#1540,#139,.T.);
#1248=EDGE_CURVE('',#1541,#1539,#1721,.T.);
#1249=EDGE_CURVE('',#1542,#1541,#140,.T.);
#1250=EDGE_CURVE('',#1542,#1540,#1722,.T.);
#1251=EDGE_CURVE('',#1543,#1541,#141,.T.);
#1252=EDGE_CURVE('',#1544,#1543,#142,.T.);
#1253=EDGE_CURVE('',#1544,#1542,#143,.T.);
#1254=EDGE_CURVE('',#1545,#1543,#1723,.T.);
#1255=EDGE_CURVE('',#1546,#1545,#144,.T.);
#1256=EDGE_CURVE('',#1546,#1544,#1724,.T.);
#1257=EDGE_CURVE('',#1547,#1548,#1725,.T.);
#1258=EDGE_CURVE('',#1549,#1547,#145,.T.);
#1259=EDGE_CURVE('',#1549,#1550,#1726,.T.);
#1260=EDGE_CURVE('',#1550,#1548,#146,.T.);
#1261=EDGE_CURVE('',#1547,#1551,#147,.T.);
#1262=EDGE_CURVE('',#1552,#1551,#148,.T.);
#1263=EDGE_CURVE('',#1549,#1552,#149,.T.);
#1264=EDGE_CURVE('',#1553,#1551,#1727,.T.);
#1265=EDGE_CURVE('',#1554,#1553,#150,.T.);
#1266=EDGE_CURVE('',#1554,#1552,#1728,.T.);
#1267=EDGE_CURVE('',#1553,#1555,#151,.T.);
#1268=EDGE_CURVE('',#1556,#1555,#152,.T.);
#1269=EDGE_CURVE('',#1554,#1556,#153,.T.);
#1270=EDGE_CURVE('',#1557,#1555,#1729,.T.);
#1271=EDGE_CURVE('',#1558,#1557,#154,.T.);
#1272=EDGE_CURVE('',#1558,#1556,#1730,.T.);
#1273=EDGE_CURVE('',#1559,#1557,#155,.T.);
#1274=EDGE_CURVE('',#1560,#1559,#156,.T.);
#1275=EDGE_CURVE('',#1560,#1558,#157,.T.);
#1276=EDGE_CURVE('',#1561,#1559,#1731,.T.);
#1277=EDGE_CURVE('',#1562,#1561,#158,.T.);
#1278=EDGE_CURVE('',#1562,#1560,#1732,.T.);
#1279=EDGE_CURVE('',#1563,#1564,#1733,.T.);
#1280=EDGE_CURVE('',#1565,#1563,#159,.T.);
#1281=EDGE_CURVE('',#1565,#1566,#1734,.T.);
#1282=EDGE_CURVE('',#1566,#1564,#160,.T.);
#1283=EDGE_CURVE('',#1563,#1567,#161,.T.);
#1284=EDGE_CURVE('',#1568,#1567,#162,.T.);
#1285=EDGE_CURVE('',#1565,#1568,#163,.T.);
#1286=EDGE_CURVE('',#1569,#1567,#1735,.T.);
#1287=EDGE_CURVE('',#1570,#1569,#164,.T.);
#1288=EDGE_CURVE('',#1570,#1568,#1736,.T.);
#1289=EDGE_CURVE('',#1569,#1571,#165,.T.);
#1290=EDGE_CURVE('',#1572,#1571,#166,.T.);
#1291=EDGE_CURVE('',#1570,#1572,#167,.T.);
#1292=EDGE_CURVE('',#1573,#1571,#1737,.T.);
#1293=EDGE_CURVE('',#1574,#1573,#168,.T.);
#1294=EDGE_CURVE('',#1574,#1572,#1738,.T.);
#1295=EDGE_CURVE('',#1575,#1573,#169,.T.);
#1296=EDGE_CURVE('',#1576,#1575,#170,.T.);
#1297=EDGE_CURVE('',#1576,#1574,#171,.T.);
#1298=EDGE_CURVE('',#1577,#1575,#1739,.T.);
#1299=EDGE_CURVE('',#1578,#1577,#172,.T.);
#1300=EDGE_CURVE('',#1578,#1576,#1740,.T.);
#1301=EDGE_CURVE('',#1579,#1580,#1741,.T.);
#1302=EDGE_CURVE('',#1581,#1579,#173,.T.);
#1303=EDGE_CURVE('',#1581,#1582,#1742,.T.);
#1304=EDGE_CURVE('',#1582,#1580,#174,.T.);
#1305=EDGE_CURVE('',#1579,#1583,#175,.T.);
#1306=EDGE_CURVE('',#1584,#1583,#176,.T.);
#1307=EDGE_CURVE('',#1581,#1584,#177,.T.);
#1308=EDGE_CURVE('',#1585,#1583,#1743,.T.);
#1309=EDGE_CURVE('',#1586,#1585,#178,.T.);
#1310=EDGE_CURVE('',#1586,#1584,#1744,.T.);
#1311=EDGE_CURVE('',#1585,#1587,#179,.T.);
#1312=EDGE_CURVE('',#1588,#1587,#180,.T.);
#1313=EDGE_CURVE('',#1586,#1588,#181,.T.);
#1314=EDGE_CURVE('',#1589,#1587,#1745,.T.);
#1315=EDGE_CURVE('',#1590,#1589,#182,.T.);
#1316=EDGE_CURVE('',#1590,#1588,#1746,.T.);
#1317=EDGE_CURVE('',#1591,#1589,#183,.T.);
#1318=EDGE_CURVE('',#1592,#1591,#184,.T.);
#1319=EDGE_CURVE('',#1592,#1590,#185,.T.);
#1320=EDGE_CURVE('',#1593,#1591,#1747,.T.);
#1321=EDGE_CURVE('',#1594,#1593,#186,.T.);
#1322=EDGE_CURVE('',#1594,#1592,#1748,.T.);
#1323=EDGE_CURVE('',#1595,#1596,#1749,.T.);
#1324=EDGE_CURVE('',#1597,#1595,#187,.T.);
#1325=EDGE_CURVE('',#1597,#1598,#1750,.T.);
#1326=EDGE_CURVE('',#1598,#1596,#188,.T.);
#1327=EDGE_CURVE('',#1595,#1599,#189,.T.);
#1328=EDGE_CURVE('',#1600,#1599,#190,.T.);
#1329=EDGE_CURVE('',#1597,#1600,#191,.T.);
#1330=EDGE_CURVE('',#1601,#1599,#1751,.T.);
#1331=EDGE_CURVE('',#1602,#1601,#192,.T.);
#1332=EDGE_CURVE('',#1602,#1600,#1752,.T.);
#1333=EDGE_CURVE('',#1601,#1603,#193,.T.);
#1334=EDGE_CURVE('',#1604,#1603,#194,.T.);
#1335=EDGE_CURVE('',#1602,#1604,#195,.T.);
#1336=EDGE_CURVE('',#1605,#1603,#1753,.T.);
#1337=EDGE_CURVE('',#1606,#1605,#196,.T.);
#1338=EDGE_CURVE('',#1606,#1604,#1754,.T.);
#1339=EDGE_CURVE('',#1607,#1605,#197,.T.);
#1340=EDGE_CURVE('',#1608,#1607,#198,.T.);
#1341=EDGE_CURVE('',#1608,#1606,#199,.T.);
#1342=EDGE_CURVE('',#1609,#1607,#1755,.T.);
#1343=EDGE_CURVE('',#1610,#1609,#200,.T.);
#1344=EDGE_CURVE('',#1610,#1608,#1756,.T.);
#1345=EDGE_CURVE('',#1611,#1612,#201,.T.);
#1346=EDGE_CURVE('',#1613,#1611,#202,.T.);
#1347=EDGE_CURVE('',#1613,#1614,#203,.T.);
#1348=EDGE_CURVE('',#1614,#1612,#204,.T.);
#1349=EDGE_CURVE('',#1611,#1615,#1757,.T.);
#1350=EDGE_CURVE('',#1616,#1615,#205,.T.);
#1351=EDGE_CURVE('',#1613,#1616,#1758,.T.);
#1352=EDGE_CURVE('',#1617,#1615,#206,.T.);
#1353=EDGE_CURVE('',#1618,#1617,#207,.T.);
#1354=EDGE_CURVE('',#1618,#1616,#208,.T.);
#1355=EDGE_CURVE('',#1617,#1619,#1759,.T.);
#1356=EDGE_CURVE('',#1620,#1619,#209,.T.);
#1357=EDGE_CURVE('',#1618,#1620,#1760,.T.);
#1358=EDGE_CURVE('',#1621,#1619,#210,.T.);
#1359=EDGE_CURVE('',#1622,#1621,#211,.T.);
#1360=EDGE_CURVE('',#1622,#1620,#212,.T.);
#1361=EDGE_CURVE('',#1621,#1623,#1761,.T.);
#1362=EDGE_CURVE('',#1624,#1623,#213,.T.);
#1363=EDGE_CURVE('',#1622,#1624,#1762,.T.);
#1364=EDGE_CURVE('',#1625,#1623,#214,.T.);
#1365=EDGE_CURVE('',#1626,#1625,#215,.T.);
#1366=EDGE_CURVE('',#1626,#1624,#216,.T.);
#1367=EDGE_CURVE('',#1627,#1628,#217,.T.);
#1368=EDGE_CURVE('',#1629,#1627,#218,.T.);
#1369=EDGE_CURVE('',#1629,#1630,#219,.T.);
#1370=EDGE_CURVE('',#1630,#1628,#220,.T.);
#1371=EDGE_CURVE('',#1627,#1631,#221,.T.);
#1372=EDGE_CURVE('',#1632,#1631,#222,.T.);
#1373=EDGE_CURVE('',#1629,#1632,#223,.T.);
#1374=EDGE_CURVE('',#1631,#1633,#224,.T.);
#1375=EDGE_CURVE('',#1634,#1633,#225,.T.);
#1376=EDGE_CURVE('',#1632,#1634,#226,.T.);
#1377=EDGE_CURVE('',#1484,#1497,#227,.T.);
#1378=EDGE_CURVE('',#1486,#1498,#228,.T.);
#1379=EDGE_CURVE('',#1500,#1513,#229,.T.);
#1380=EDGE_CURVE('',#1502,#1514,#230,.T.);
#1381=EDGE_CURVE('',#1516,#1529,#231,.T.);
#1382=EDGE_CURVE('',#1518,#1530,#232,.T.);
#1383=EDGE_CURVE('',#1532,#1545,#233,.T.);
#1384=EDGE_CURVE('',#1534,#1546,#234,.T.);
#1385=EDGE_CURVE('',#1548,#1561,#235,.T.);
#1386=EDGE_CURVE('',#1550,#1562,#236,.T.);
#1387=EDGE_CURVE('',#1564,#1577,#237,.T.);
#1388=EDGE_CURVE('',#1566,#1578,#238,.T.);
#1389=EDGE_CURVE('',#1580,#1593,#239,.T.);
#1390=EDGE_CURVE('',#1582,#1594,#240,.T.);
#1391=EDGE_CURVE('',#1596,#1609,#241,.T.);
#1392=EDGE_CURVE('',#1598,#1610,#242,.T.);
#1393=EDGE_CURVE('',#1625,#1612,#1763,.T.);
#1394=EDGE_CURVE('',#1626,#1614,#1764,.T.);
#1395=EDGE_CURVE('',#1635,#1635,#1765,.T.);
#1396=EDGE_CURVE('',#1636,#1636,#1766,.T.);
#1397=EDGE_CURVE('',#1637,#1637,#1767,.T.);
#1398=EDGE_CURVE('',#1638,#1638,#1768,.T.);
#1399=EDGE_CURVE('',#1639,#1639,#1769,.T.);
#1400=EDGE_CURVE('',#1640,#1640,#1770,.T.);
#1401=EDGE_CURVE('',#1641,#1641,#1771,.T.);
#1402=EDGE_CURVE('',#1642,#1642,#1772,.T.);
#1403=EDGE_CURVE('',#1628,#1633,#243,.T.);
#1404=EDGE_CURVE('',#1630,#1634,#244,.T.);
#1405=EDGE_CURVE('',#1468,#1481,#245,.T.);
#1406=EDGE_CURVE('',#1470,#1482,#246,.T.);
#1407=EDGE_CURVE('',#1643,#1644,#247,.T.);
#1408=EDGE_CURVE('',#1645,#1643,#248,.T.);
#1409=EDGE_CURVE('',#1645,#1646,#249,.T.);
#1410=EDGE_CURVE('',#1646,#1644,#250,.T.);
#1411=EDGE_CURVE('',#1643,#1647,#1773,.T.);
#1412=EDGE_CURVE('',#1648,#1647,#251,.T.);
#1413=EDGE_CURVE('',#1645,#1648,#1774,.T.);
#1414=EDGE_CURVE('',#1649,#1647,#252,.T.);
#1415=EDGE_CURVE('',#1650,#1649,#253,.T.);
#1416=EDGE_CURVE('',#1650,#1648,#254,.T.);
#1417=EDGE_CURVE('',#1649,#1651,#1775,.T.);
#1418=EDGE_CURVE('',#1652,#1651,#255,.T.);
#1419=EDGE_CURVE('',#1650,#1652,#1776,.T.);
#1420=EDGE_CURVE('',#1653,#1654,#256,.T.);
#1421=EDGE_CURVE('',#1653,#1655,#257,.T.);
#1422=EDGE_CURVE('',#1655,#1656,#258,.T.);
#1423=EDGE_CURVE('',#1657,#1656,#259,.T.);
#1424=EDGE_CURVE('',#1658,#1657,#260,.T.);
#1425=EDGE_CURVE('',#1658,#1652,#261,.T.);
#1426=EDGE_CURVE('',#1654,#1651,#262,.T.);
#1427=EDGE_CURVE('',#1657,#1659,#1777,.T.);
#1428=EDGE_CURVE('',#1660,#1659,#263,.T.);
#1429=EDGE_CURVE('',#1658,#1660,#1778,.T.);
#1430=EDGE_CURVE('',#1661,#1659,#264,.T.);
#1431=EDGE_CURVE('',#1662,#1661,#265,.T.);
#1432=EDGE_CURVE('',#1662,#1660,#266,.T.);
#1433=EDGE_CURVE('',#1663,#1663,#1779,.T.);
#1434=EDGE_CURVE('',#1664,#1664,#1780,.T.);
#1435=EDGE_CURVE('',#1665,#1665,#1781,.T.);
#1436=EDGE_CURVE('',#1666,#1666,#1782,.T.);
#1437=EDGE_CURVE('',#1667,#1667,#1783,.T.);
#1438=EDGE_CURVE('',#1668,#1668,#1784,.T.);
#1439=EDGE_CURVE('',#1669,#1669,#1785,.T.);
#1440=EDGE_CURVE('',#1670,#1670,#1786,.T.);
#1441=EDGE_CURVE('',#1661,#1644,#1787,.T.);
#1442=EDGE_CURVE('',#1662,#1646,#1788,.T.);
#1443=EDGE_CURVE('',#1671,#1672,#267,.T.);
#1444=EDGE_CURVE('',#1671,#1654,#268,.T.);
#1445=EDGE_CURVE('',#1672,#1656,#269,.T.);
#1446=EDGE_CURVE('',#1673,#1674,#270,.T.);
#1447=EDGE_CURVE('',#1675,#1673,#271,.T.);
#1448=EDGE_CURVE('',#1676,#1675,#272,.T.);
#1449=EDGE_CURVE('',#1676,#1674,#273,.T.);
#1450=EDGE_CURVE('',#1677,#1673,#274,.T.);
#1451=EDGE_CURVE('',#1678,#1677,#275,.T.);
#1452=EDGE_CURVE('',#1675,#1678,#276,.T.);
#1453=EDGE_CURVE('',#1679,#1677,#277,.T.);
#1454=EDGE_CURVE('',#1679,#1680,#278,.T.);
#1455=EDGE_CURVE('',#1680,#1681,#279,.T.);
#1456=EDGE_CURVE('',#1682,#1681,#280,.T.);
#1457=EDGE_CURVE('',#1683,#1682,#281,.T.);
#1458=EDGE_CURVE('',#1684,#1683,#282,.T.);
#1459=EDGE_CURVE('',#1678,#1684,#283,.T.);
#1460=EDGE_CURVE('',#1674,#1683,#284,.T.);
#1461=EDGE_CURVE('',#1684,#1676,#285,.T.);
#1462=EDGE_CURVE('',#1682,#1679,#286,.T.);
#1463=EDGE_CURVE('',#1671,#1682,#287,.T.);
#1464=EDGE_CURVE('',#1672,#1679,#288,.T.);
#1465=EDGE_CURVE('',#1680,#1655,#289,.T.);
#1466=EDGE_CURVE('',#1681,#1653,#290,.T.);
#1467=VERTEX_POINT('',#3170);
#1468=VERTEX_POINT('',#3171);
#1469=VERTEX_POINT('',#3173);
#1470=VERTEX_POINT('',#3175);
#1471=VERTEX_POINT('',#3179);
#1472=VERTEX_POINT('',#3181);
#1473=VERTEX_POINT('',#3185);
#1474=VERTEX_POINT('',#3187);
#1475=VERTEX_POINT('',#3191);
#1476=VERTEX_POINT('',#3193);
#1477=VERTEX_POINT('',#3197);
#1478=VERTEX_POINT('',#3199);
#1479=VERTEX_POINT('',#3203);
#1480=VERTEX_POINT('',#3205);
#1481=VERTEX_POINT('',#3209);
#1482=VERTEX_POINT('',#3211);
#1483=VERTEX_POINT('',#3215);
#1484=VERTEX_POINT('',#3216);
#1485=VERTEX_POINT('',#3218);
#1486=VERTEX_POINT('',#3220);
#1487=VERTEX_POINT('',#3224);
#1488=VERTEX_POINT('',#3226);
#1489=VERTEX_POINT('',#3230);
#1490=VERTEX_POINT('',#3232);
#1491=VERTEX_POINT('',#3236);
#1492=VERTEX_POINT('',#3238);
#1493=VERTEX_POINT('',#3242);
#1494=VERTEX_POINT('',#3244);
#1495=VERTEX_POINT('',#3248);
#1496=VERTEX_POINT('',#3250);
#1497=VERTEX_POINT('',#3254);
#1498=VERTEX_POINT('',#3256);
#1499=VERTEX_POINT('',#3260);
#1500=VERTEX_POINT('',#3261);
#1501=VERTEX_POINT('',#3263);
#1502=VERTEX_POINT('',#3265);
#1503=VERTEX_POINT('',#3269);
#1504=VERTEX_POINT('',#3271);
#1505=VERTEX_POINT('',#3275);
#1506=VERTEX_POINT('',#3277);
#1507=VERTEX_POINT('',#3281);
#1508=VERTEX_POINT('',#3283);
#1509=VERTEX_POINT('',#3287);
#1510=VERTEX_POINT('',#3289);
#1511=VERTEX_POINT('',#3293);
#1512=VERTEX_POINT('',#3295);
#1513=VERTEX_POINT('',#3299);
#1514=VERTEX_POINT('',#3301);
#1515=VERTEX_POINT('',#3305);
#1516=VERTEX_POINT('',#3306);
#1517=VERTEX_POINT('',#3308);
#1518=VERTEX_POINT('',#3310);
#1519=VERTEX_POINT('',#3314);
#1520=VERTEX_POINT('',#3316);
#1521=VERTEX_POINT('',#3320);
#1522=VERTEX_POINT('',#3322);
#1523=VERTEX_POINT('',#3326);
#1524=VERTEX_POINT('',#3328);
#1525=VERTEX_POINT('',#3332);
#1526=VERTEX_POINT('',#3334);
#1527=VERTEX_POINT('',#3338);
#1528=VERTEX_POINT('',#3340);
#1529=VERTEX_POINT('',#3344);
#1530=VERTEX_POINT('',#3346);
#1531=VERTEX_POINT('',#3350);
#1532=VERTEX_POINT('',#3351);
#1533=VERTEX_POINT('',#3353);
#1534=VERTEX_POINT('',#3355);
#1535=VERTEX_POINT('',#3359);
#1536=VERTEX_POINT('',#3361);
#1537=VERTEX_POINT('',#3365);
#1538=VERTEX_POINT('',#3367);
#1539=VERTEX_POINT('',#3371);
#1540=VERTEX_POINT('',#3373);
#1541=VERTEX_POINT('',#3377);
#1542=VERTEX_POINT('',#3379);
#1543=VERTEX_POINT('',#3383);
#1544=VERTEX_POINT('',#3385);
#1545=VERTEX_POINT('',#3389);
#1546=VERTEX_POINT('',#3391);
#1547=VERTEX_POINT('',#3395);
#1548=VERTEX_POINT('',#3396);
#1549=VERTEX_POINT('',#3398);
#1550=VERTEX_POINT('',#3400);
#1551=VERTEX_POINT('',#3404);
#1552=VERTEX_POINT('',#3406);
#1553=VERTEX_POINT('',#3410);
#1554=VERTEX_POINT('',#3412);
#1555=VERTEX_POINT('',#3416);
#1556=VERTEX_POINT('',#3418);
#1557=VERTEX_POINT('',#3422);
#1558=VERTEX_POINT('',#3424);
#1559=VERTEX_POINT('',#3428);
#1560=VERTEX_POINT('',#3430);
#1561=VERTEX_POINT('',#3434);
#1562=VERTEX_POINT('',#3436);
#1563=VERTEX_POINT('',#3440);
#1564=VERTEX_POINT('',#3441);
#1565=VERTEX_POINT('',#3443);
#1566=VERTEX_POINT('',#3445);
#1567=VERTEX_POINT('',#3449);
#1568=VERTEX_POINT('',#3451);
#1569=VERTEX_POINT('',#3455);
#1570=VERTEX_POINT('',#3457);
#1571=VERTEX_POINT('',#3461);
#1572=VERTEX_POINT('',#3463);
#1573=VERTEX_POINT('',#3467);
#1574=VERTEX_POINT('',#3469);
#1575=VERTEX_POINT('',#3473);
#1576=VERTEX_POINT('',#3475);
#1577=VERTEX_POINT('',#3479);
#1578=VERTEX_POINT('',#3481);
#1579=VERTEX_POINT('',#3485);
#1580=VERTEX_POINT('',#3486);
#1581=VERTEX_POINT('',#3488);
#1582=VERTEX_POINT('',#3490);
#1583=VERTEX_POINT('',#3494);
#1584=VERTEX_POINT('',#3496);
#1585=VERTEX_POINT('',#3500);
#1586=VERTEX_POINT('',#3502);
#1587=VERTEX_POINT('',#3506);
#1588=VERTEX_POINT('',#3508);
#1589=VERTEX_POINT('',#3512);
#1590=VERTEX_POINT('',#3514);
#1591=VERTEX_POINT('',#3518);
#1592=VERTEX_POINT('',#3520);
#1593=VERTEX_POINT('',#3524);
#1594=VERTEX_POINT('',#3526);
#1595=VERTEX_POINT('',#3530);
#1596=VERTEX_POINT('',#3531);
#1597=VERTEX_POINT('',#3533);
#1598=VERTEX_POINT('',#3535);
#1599=VERTEX_POINT('',#3539);
#1600=VERTEX_POINT('',#3541);
#1601=VERTEX_POINT('',#3545);
#1602=VERTEX_POINT('',#3547);
#1603=VERTEX_POINT('',#3551);
#1604=VERTEX_POINT('',#3553);
#1605=VERTEX_POINT('',#3557);
#1606=VERTEX_POINT('',#3559);
#1607=VERTEX_POINT('',#3563);
#1608=VERTEX_POINT('',#3565);
#1609=VERTEX_POINT('',#3569);
#1610=VERTEX_POINT('',#3571);
#1611=VERTEX_POINT('',#3575);
#1612=VERTEX_POINT('',#3576);
#1613=VERTEX_POINT('',#3578);
#1614=VERTEX_POINT('',#3580);
#1615=VERTEX_POINT('',#3584);
#1616=VERTEX_POINT('',#3586);
#1617=VERTEX_POINT('',#3590);
#1618=VERTEX_POINT('',#3592);
#1619=VERTEX_POINT('',#3596);
#1620=VERTEX_POINT('',#3598);
#1621=VERTEX_POINT('',#3602);
#1622=VERTEX_POINT('',#3604);
#1623=VERTEX_POINT('',#3608);
#1624=VERTEX_POINT('',#3610);
#1625=VERTEX_POINT('',#3614);
#1626=VERTEX_POINT('',#3616);
#1627=VERTEX_POINT('',#3620);
#1628=VERTEX_POINT('',#3621);
#1629=VERTEX_POINT('',#3623);
#1630=VERTEX_POINT('',#3625);
#1631=VERTEX_POINT('',#3629);
#1632=VERTEX_POINT('',#3631);
#1633=VERTEX_POINT('',#3635);
#1634=VERTEX_POINT('',#3637);
#1635=VERTEX_POINT('',#3668);
#1636=VERTEX_POINT('',#3670);
#1637=VERTEX_POINT('',#3673);
#1638=VERTEX_POINT('',#3675);
#1639=VERTEX_POINT('',#3678);
#1640=VERTEX_POINT('',#3680);
#1641=VERTEX_POINT('',#3683);
#1642=VERTEX_POINT('',#3685);
#1643=VERTEX_POINT('',#3697);
#1644=VERTEX_POINT('',#3698);
#1645=VERTEX_POINT('',#3700);
#1646=VERTEX_POINT('',#3702);
#1647=VERTEX_POINT('',#3706);
#1648=VERTEX_POINT('',#3708);
#1649=VERTEX_POINT('',#3712);
#1650=VERTEX_POINT('',#3714);
#1651=VERTEX_POINT('',#3718);
#1652=VERTEX_POINT('',#3720);
#1653=VERTEX_POINT('',#3724);
#1654=VERTEX_POINT('',#3725);
#1655=VERTEX_POINT('',#3727);
#1656=VERTEX_POINT('',#3729);
#1657=VERTEX_POINT('',#3731);
#1658=VERTEX_POINT('',#3733);
#1659=VERTEX_POINT('',#3738);
#1660=VERTEX_POINT('',#3740);
#1661=VERTEX_POINT('',#3744);
#1662=VERTEX_POINT('',#3746);
#1663=VERTEX_POINT('',#3750);
#1664=VERTEX_POINT('',#3752);
#1665=VERTEX_POINT('',#3755);
#1666=VERTEX_POINT('',#3757);
#1667=VERTEX_POINT('',#3760);
#1668=VERTEX_POINT('',#3762);
#1669=VERTEX_POINT('',#3765);
#1670=VERTEX_POINT('',#3767);
#1671=VERTEX_POINT('',#3773);
#1672=VERTEX_POINT('',#3774);
#1673=VERTEX_POINT('',#3779);
#1674=VERTEX_POINT('',#3780);
#1675=VERTEX_POINT('',#3782);
#1676=VERTEX_POINT('',#3784);
#1677=VERTEX_POINT('',#3788);
#1678=VERTEX_POINT('',#3790);
#1679=VERTEX_POINT('',#3794);
#1680=VERTEX_POINT('',#3796);
#1681=VERTEX_POINT('',#3798);
#1682=VERTEX_POINT('',#3800);
#1683=VERTEX_POINT('',#3802);
#1684=VERTEX_POINT('',#3804);
#1685=CIRCLE('',#2296,0.0005);
#1686=CIRCLE('',#2297,0.0005);
#1687=CIRCLE('',#2300,0.0005);
#1688=CIRCLE('',#2301,0.0005);
#1689=CIRCLE('',#2304,0.0005);
#1690=CIRCLE('',#2305,0.0005);
#1691=CIRCLE('',#2308,0.0005);
#1692=CIRCLE('',#2309,0.0005);
#1693=CIRCLE('',#2311,0.0005);
#1694=CIRCLE('',#2312,0.0005);
#1695=CIRCLE('',#2315,0.0005);
#1696=CIRCLE('',#2316,0.0005);
#1697=CIRCLE('',#2319,0.0005);
#1698=CIRCLE('',#2320,0.0005);
#1699=CIRCLE('',#2323,0.0005);
#1700=CIRCLE('',#2324,0.0005);
#1701=CIRCLE('',#2326,0.0005);
#1702=CIRCLE('',#2327,0.0005);
#1703=CIRCLE('',#2330,0.0005);
#1704=CIRCLE('',#2331,0.0005);
#1705=CIRCLE('',#2334,0.0005);
#1706=CIRCLE('',#2335,0.0005);
#1707=CIRCLE('',#2338,0.0005);
#1708=CIRCLE('',#2339,0.0005);
#1709=CIRCLE('',#2341,0.0005);
#1710=CIRCLE('',#2342,0.0005);
#1711=CIRCLE('',#2345,0.0005);
#1712=CIRCLE('',#2346,0.0005);
#1713=CIRCLE('',#2349,0.000500000000000006);
#1714=CIRCLE('',#2350,0.000500000000000006);
#1715=CIRCLE('',#2353,0.0005);
#1716=CIRCLE('',#2354,0.0005);
#1717=CIRCLE('',#2356,0.0005);
#1718=CIRCLE('',#2357,0.0005);
#1719=CIRCLE('',#2360,0.0005);
#1720=CIRCLE('',#2361,0.0005);
#1721=CIRCLE('',#2364,0.0005);
#1722=CIRCLE('',#2365,0.0005);
#1723=CIRCLE('',#2368,0.0005);
#1724=CIRCLE('',#2369,0.0005);
#1725=CIRCLE('',#2371,0.0005);
#1726=CIRCLE('',#2372,0.0005);
#1727=CIRCLE('',#2375,0.0005);
#1728=CIRCLE('',#2376,0.0005);
#1729=CIRCLE('',#2379,0.0005);
#1730=CIRCLE('',#2380,0.0005);
#1731=CIRCLE('',#2383,0.000500000000000006);
#1732=CIRCLE('',#2384,0.000500000000000006);
#1733=CIRCLE('',#2386,0.0005);
#1734=CIRCLE('',#2387,0.0005);
#1735=CIRCLE('',#2390,0.0005);
#1736=CIRCLE('',#2391,0.0005);
#1737=CIRCLE('',#2394,0.0005);
#1738=CIRCLE('',#2395,0.0005);
#1739=CIRCLE('',#2398,0.0005);
#1740=CIRCLE('',#2399,0.0005);
#1741=CIRCLE('',#2401,0.0005);
#1742=CIRCLE('',#2402,0.0005);
#1743=CIRCLE('',#2405,0.0005);
#1744=CIRCLE('',#2406,0.0005);
#1745=CIRCLE('',#2409,0.0005);
#1746=CIRCLE('',#2410,0.0005);
#1747=CIRCLE('',#2413,0.0005);
#1748=CIRCLE('',#2414,0.0005);
#1749=CIRCLE('',#2416,0.0005);
#1750=CIRCLE('',#2417,0.0005);
#1751=CIRCLE('',#2420,0.0005);
#1752=CIRCLE('',#2421,0.0005);
#1753=CIRCLE('',#2424,0.0005);
#1754=CIRCLE('',#2425,0.0005);
#1755=CIRCLE('',#2428,0.0005);
#1756=CIRCLE('',#2429,0.0005);
#1757=CIRCLE('',#2432,0.005);
#1758=CIRCLE('',#2433,0.005);
#1759=CIRCLE('',#2436,0.005);
#1760=CIRCLE('',#2437,0.005);
#1761=CIRCLE('',#2440,0.005);
#1762=CIRCLE('',#2441,0.005);
#1763=CIRCLE('',#2455,0.005);
#1764=CIRCLE('',#2456,0.005);
#1765=CIRCLE('',#2458,0.00145);
#1766=CIRCLE('',#2459,0.00145);
#1767=CIRCLE('',#2461,0.00145);
#1768=CIRCLE('',#2462,0.00145);
#1769=CIRCLE('',#2464,0.00145);
#1770=CIRCLE('',#2465,0.00145);
#1771=CIRCLE('',#2467,0.00150631269317679);
#1772=CIRCLE('',#2468,0.00150631269317679);
#1773=CIRCLE('',#2476,0.005);
#1774=CIRCLE('',#2477,0.005);
#1775=CIRCLE('',#2480,0.005);
#1776=CIRCLE('',#2481,0.005);
#1777=CIRCLE('',#2484,0.005);
#1778=CIRCLE('',#2485,0.005);
#1779=CIRCLE('',#2488,0.00145);
#1780=CIRCLE('',#2489,0.00145);
#1781=CIRCLE('',#2491,0.00145);
#1782=CIRCLE('',#2492,0.00145);
#1783=CIRCLE('',#2494,0.00145);
#1784=CIRCLE('',#2495,0.00145);
#1785=CIRCLE('',#2497,0.00145);
#1786=CIRCLE('',#2498,0.00145);
#1787=CIRCLE('',#2500,0.005);
#1788=CIRCLE('',#2501,0.005);
#1789=EDGE_LOOP('',(#507,#508,#509,#510));
#1790=EDGE_LOOP('',(#511,#512,#513,#514));
#1791=EDGE_LOOP('',(#515,#516,#517,#518));
#1792=EDGE_LOOP('',(#519,#520,#521,#522));
#1793=EDGE_LOOP('',(#523,#524,#525,#526));
#1794=EDGE_LOOP('',(#527,#528,#529,#530));
#1795=EDGE_LOOP('',(#531,#532,#533,#534));
#1796=EDGE_LOOP('',(#535,#536,#537,#538));
#1797=EDGE_LOOP('',(#539,#540,#541,#542));
#1798=EDGE_LOOP('',(#543,#544,#545,#546));
#1799=EDGE_LOOP('',(#547,#548,#549,#550));
#1800=EDGE_LOOP('',(#551,#552,#553,#554));
#1801=EDGE_LOOP('',(#555,#556,#557,#558));
#1802=EDGE_LOOP('',(#559,#560,#561,#562));
#1803=EDGE_LOOP('',(#563,#564,#565,#566));
#1804=EDGE_LOOP('',(#567,#568,#569,#570));
#1805=EDGE_LOOP('',(#571,#572,#573,#574));
#1806=EDGE_LOOP('',(#575,#576,#577,#578));
#1807=EDGE_LOOP('',(#579,#580,#581,#582));
#1808=EDGE_LOOP('',(#583,#584,#585,#586));
#1809=EDGE_LOOP('',(#587,#588,#589,#590));
#1810=EDGE_LOOP('',(#591,#592,#593,#594));
#1811=EDGE_LOOP('',(#595,#596,#597,#598));
#1812=EDGE_LOOP('',(#599,#600,#601,#602));
#1813=EDGE_LOOP('',(#603,#604,#605,#606));
#1814=EDGE_LOOP('',(#607,#608,#609,#610));
#1815=EDGE_LOOP('',(#611,#612,#613,#614));
#1816=EDGE_LOOP('',(#615,#616,#617,#618));
#1817=EDGE_LOOP('',(#619,#620,#621,#622));
#1818=EDGE_LOOP('',(#623,#624,#625,#626));
#1819=EDGE_LOOP('',(#627,#628,#629,#630));
#1820=EDGE_LOOP('',(#631,#632,#633,#634));
#1821=EDGE_LOOP('',(#635,#636,#637,#638));
#1822=EDGE_LOOP('',(#639,#640,#641,#642));
#1823=EDGE_LOOP('',(#643,#644,#645,#646));
#1824=EDGE_LOOP('',(#647,#648,#649,#650));
#1825=EDGE_LOOP('',(#651,#652,#653,#654));
#1826=EDGE_LOOP('',(#655,#656,#657,#658));
#1827=EDGE_LOOP('',(#659,#660,#661,#662));
#1828=EDGE_LOOP('',(#663,#664,#665,#666));
#1829=EDGE_LOOP('',(#667,#668,#669,#670));
#1830=EDGE_LOOP('',(#671,#672,#673,#674));
#1831=EDGE_LOOP('',(#675,#676,#677,#678));
#1832=EDGE_LOOP('',(#679,#680,#681,#682));
#1833=EDGE_LOOP('',(#683,#684,#685,#686));
#1834=EDGE_LOOP('',(#687,#688,#689,#690));
#1835=EDGE_LOOP('',(#691,#692,#693,#694));
#1836=EDGE_LOOP('',(#695,#696,#697,#698));
#1837=EDGE_LOOP('',(#699,#700,#701,#702));
#1838=EDGE_LOOP('',(#703,#704,#705,#706));
#1839=EDGE_LOOP('',(#707,#708,#709,#710));
#1840=EDGE_LOOP('',(#711,#712,#713,#714));
#1841=EDGE_LOOP('',(#715,#716,#717,#718));
#1842=EDGE_LOOP('',(#719,#720,#721,#722));
#1843=EDGE_LOOP('',(#723,#724,#725,#726));
#1844=EDGE_LOOP('',(#727,#728,#729,#730));
#1845=EDGE_LOOP('',(#731,#732,#733,#734));
#1846=EDGE_LOOP('',(#735,#736,#737,#738));
#1847=EDGE_LOOP('',(#739,#740,#741,#742));
#1848=EDGE_LOOP('',(#743,#744,#745,#746));
#1849=EDGE_LOOP('',(#747,#748,#749,#750));
#1850=EDGE_LOOP('',(#751,#752,#753,#754));
#1851=EDGE_LOOP('',(#755,#756,#757,#758));
#1852=EDGE_LOOP('',(#759,#760,#761,#762));
#1853=EDGE_LOOP('',(#763,#764,#765,#766));
#1854=EDGE_LOOP('',(#767,#768,#769,#770));
#1855=EDGE_LOOP('',(#771,#772,#773,#774));
#1856=EDGE_LOOP('',(#775,#776,#777,#778));
#1857=EDGE_LOOP('',(#779,#780,#781,#782));
#1858=EDGE_LOOP('',(#783,#784,#785,#786));
#1859=EDGE_LOOP('',(#787,#788,#789,#790));
#1860=EDGE_LOOP('',(#791,#792,#793,#794));
#1861=EDGE_LOOP('',(#795,#796,#797,#798));
#1862=EDGE_LOOP('',(#799,#800,#801,#802));
#1863=EDGE_LOOP('',(#803,#804,#805,#806));
#1864=EDGE_LOOP('',(#807,#808,#809,#810));
#1865=EDGE_LOOP('',(#811,#812,#813,#814));
#1866=EDGE_LOOP('',(#815,#816,#817,#818));
#1867=EDGE_LOOP('',(#819,#820,#821,#822));
#1868=EDGE_LOOP('',(#823,#824,#825,#826));
#1869=EDGE_LOOP('',(#827,#828,#829,#830));
#1870=EDGE_LOOP('',(#831,#832,#833,#834));
#1871=EDGE_LOOP('',(#835));
#1872=EDGE_LOOP('',(#836));
#1873=EDGE_LOOP('',(#837));
#1874=EDGE_LOOP('',(#838));
#1875=EDGE_LOOP('',(#839));
#1876=EDGE_LOOP('',(#840));
#1877=EDGE_LOOP('',(#841));
#1878=EDGE_LOOP('',(#842));
#1879=EDGE_LOOP('',(#843,#844,#845,#846));
#1880=EDGE_LOOP('',(#847,#848,#849,#850));
#1881=EDGE_LOOP('',(#851,#852,#853,#854));
#1882=EDGE_LOOP('',(#855));
#1883=EDGE_LOOP('',(#856));
#1884=EDGE_LOOP('',(#857));
#1885=EDGE_LOOP('',(#858));
#1886=EDGE_LOOP('',(#859,#860,#861,#862,#863,#864,#865,#866));
#1887=EDGE_LOOP('',(#867,#868,#869,#870,#871,#872,#873,#874));
#1888=EDGE_LOOP('',(#875,#876,#877,#878,#879,#880,#881,#882));
#1889=EDGE_LOOP('',(#883,#884,#885,#886,#887,#888,#889,#890));
#1890=EDGE_LOOP('',(#891,#892,#893,#894,#895,#896,#897,#898));
#1891=EDGE_LOOP('',(#899,#900,#901,#902,#903,#904,#905,#906));
#1892=EDGE_LOOP('',(#907,#908,#909,#910,#911,#912,#913,#914));
#1893=EDGE_LOOP('',(#915,#916,#917,#918,#919,#920,#921,#922));
#1894=EDGE_LOOP('',(#923,#924,#925,#926,#927,#928,#929,#930));
#1895=EDGE_LOOP('',(#931,#932,#933,#934,#935,#936,#937,#938));
#1896=EDGE_LOOP('',(#939,#940,#941,#942));
#1897=EDGE_LOOP('',(#943));
#1898=EDGE_LOOP('',(#944));
#1899=EDGE_LOOP('',(#945));
#1900=EDGE_LOOP('',(#946));
#1901=EDGE_LOOP('',(#947,#948,#949,#950,#951,#952,#953,#954));
#1902=EDGE_LOOP('',(#955,#956,#957,#958,#959,#960,#961,#962));
#1903=EDGE_LOOP('',(#963,#964,#965,#966,#967,#968,#969,#970));
#1904=EDGE_LOOP('',(#971,#972,#973,#974,#975,#976,#977,#978));
#1905=EDGE_LOOP('',(#979,#980,#981,#982,#983,#984,#985,#986));
#1906=EDGE_LOOP('',(#987,#988,#989,#990,#991,#992,#993,#994));
#1907=EDGE_LOOP('',(#995,#996,#997,#998,#999,#1000,#1001,#1002));
#1908=EDGE_LOOP('',(#1003,#1004,#1005,#1006,#1007,#1008,#1009,#1010));
#1909=EDGE_LOOP('',(#1011,#1012,#1013,#1014,#1015,#1016,#1017,#1018));
#1910=EDGE_LOOP('',(#1019,#1020,#1021,#1022,#1023,#1024,#1025,#1026));
#1911=EDGE_LOOP('',(#1027,#1028,#1029,#1030));
#1912=EDGE_LOOP('',(#1031,#1032,#1033,#1034));
#1913=EDGE_LOOP('',(#1035,#1036,#1037,#1038));
#1914=EDGE_LOOP('',(#1039,#1040,#1041,#1042));
#1915=EDGE_LOOP('',(#1043,#1044,#1045,#1046,#1047,#1048,#1049,#1050));
#1916=EDGE_LOOP('',(#1051,#1052,#1053,#1054));
#1917=EDGE_LOOP('',(#1055,#1056,#1057,#1058));
#1918=EDGE_LOOP('',(#1059));
#1919=EDGE_LOOP('',(#1060));
#1920=EDGE_LOOP('',(#1061));
#1921=EDGE_LOOP('',(#1062));
#1922=EDGE_LOOP('',(#1063));
#1923=EDGE_LOOP('',(#1064));
#1924=EDGE_LOOP('',(#1065));
#1925=EDGE_LOOP('',(#1066));
#1926=EDGE_LOOP('',(#1067,#1068,#1069,#1070));
#1927=EDGE_LOOP('',(#1071,#1072,#1073,#1074,#1075,#1076,#1077,#1078,#1079,
#1080,#1081,#1082));
#1928=EDGE_LOOP('',(#1083));
#1929=EDGE_LOOP('',(#1084));
#1930=EDGE_LOOP('',(#1085));
#1931=EDGE_LOOP('',(#1086));
#1932=EDGE_LOOP('',(#1087,#1088,#1089,#1090));
#1933=EDGE_LOOP('',(#1091,#1092,#1093,#1094));
#1934=EDGE_LOOP('',(#1095,#1096,#1097,#1098,#1099,#1100,#1101,#1102));
#1935=EDGE_LOOP('',(#1103,#1104,#1105,#1106));
#1936=EDGE_LOOP('',(#1107));
#1937=EDGE_LOOP('',(#1108));
#1938=EDGE_LOOP('',(#1109));
#1939=EDGE_LOOP('',(#1110));
#1940=EDGE_LOOP('',(#1111,#1112,#1113,#1114,#1115,#1116,#1117,#1118));
#1941=EDGE_LOOP('',(#1119,#1120,#1121,#1122));
#1942=EDGE_LOOP('',(#1123,#1124,#1125,#1126,#1127,#1128));
#1943=EDGE_LOOP('',(#1129,#1130,#1131,#1132));
#1944=EDGE_LOOP('',(#1133,#1134,#1135,#1136,#1137));
#1945=EDGE_LOOP('',(#1138,#1139,#1140,#1141));
#1946=EDGE_LOOP('',(#1142,#1143,#1144,#1145,#1146));
#1947=FACE_BOUND('',#1789,.T.);
#1948=FACE_BOUND('',#1790,.T.);
#1949=FACE_BOUND('',#1791,.T.);
#1950=FACE_BOUND('',#1792,.T.);
#1951=FACE_BOUND('',#1793,.T.);
#1952=FACE_BOUND('',#1794,.T.);
#1953=FACE_BOUND('',#1795,.T.);
#1954=FACE_BOUND('',#1796,.T.);
#1955=FACE_BOUND('',#1797,.T.);
#1956=FACE_BOUND('',#1798,.T.);
#1957=FACE_BOUND('',#1799,.T.);
#1958=FACE_BOUND('',#1800,.T.);
#1959=FACE_BOUND('',#1801,.T.);
#1960=FACE_BOUND('',#1802,.T.);
#1961=FACE_BOUND('',#1803,.T.);
#1962=FACE_BOUND('',#1804,.T.);
#1963=FACE_BOUND('',#1805,.T.);
#1964=FACE_BOUND('',#1806,.T.);
#1965=FACE_BOUND('',#1807,.T.);
#1966=FACE_BOUND('',#1808,.T.);
#1967=FACE_BOUND('',#1809,.T.);
#1968=FACE_BOUND('',#1810,.T.);
#1969=FACE_BOUND('',#1811,.T.);
#1970=FACE_BOUND('',#1812,.T.);
#1971=FACE_BOUND('',#1813,.T.);
#1972=FACE_BOUND('',#1814,.T.);
#1973=FACE_BOUND('',#1815,.T.);
#1974=FACE_BOUND('',#1816,.T.);
#1975=FACE_BOUND('',#1817,.T.);
#1976=FACE_BOUND('',#1818,.T.);
#1977=FACE_BOUND('',#1819,.T.);
#1978=FACE_BOUND('',#1820,.T.);
#1979=FACE_BOUND('',#1821,.T.);
#1980=FACE_BOUND('',#1822,.T.);
#1981=FACE_BOUND('',#1823,.T.);
#1982=FACE_BOUND('',#1824,.T.);
#1983=FACE_BOUND('',#1825,.T.);
#1984=FACE_BOUND('',#1826,.T.);
#1985=FACE_BOUND('',#1827,.T.);
#1986=FACE_BOUND('',#1828,.T.);
#1987=FACE_BOUND('',#1829,.T.);
#1988=FACE_BOUND('',#1830,.T.);
#1989=FACE_BOUND('',#1831,.T.);
#1990=FACE_BOUND('',#1832,.T.);
#1991=FACE_BOUND('',#1833,.T.);
#1992=FACE_BOUND('',#1834,.T.);
#1993=FACE_BOUND('',#1835,.T.);
#1994=FACE_BOUND('',#1836,.T.);
#1995=FACE_BOUND('',#1837,.T.);
#1996=FACE_BOUND('',#1838,.T.);
#1997=FACE_BOUND('',#1839,.T.);
#1998=FACE_BOUND('',#1840,.T.);
#1999=FACE_BOUND('',#1841,.T.);
#2000=FACE_BOUND('',#1842,.T.);
#2001=FACE_BOUND('',#1843,.T.);
#2002=FACE_BOUND('',#1844,.T.);
#2003=FACE_BOUND('',#1845,.T.);
#2004=FACE_BOUND('',#1846,.T.);
#2005=FACE_BOUND('',#1847,.T.);
#2006=FACE_BOUND('',#1848,.T.);
#2007=FACE_BOUND('',#1849,.T.);
#2008=FACE_BOUND('',#1850,.T.);
#2009=FACE_BOUND('',#1851,.T.);
#2010=FACE_BOUND('',#1852,.T.);
#2011=FACE_BOUND('',#1853,.T.);
#2012=FACE_BOUND('',#1854,.T.);
#2013=FACE_BOUND('',#1855,.T.);
#2014=FACE_BOUND('',#1856,.T.);
#2015=FACE_BOUND('',#1857,.T.);
#2016=FACE_BOUND('',#1858,.T.);
#2017=FACE_BOUND('',#1859,.T.);
#2018=FACE_BOUND('',#1860,.T.);
#2019=FACE_BOUND('',#1861,.T.);
#2020=FACE_BOUND('',#1862,.T.);
#2021=FACE_BOUND('',#1863,.T.);
#2022=FACE_BOUND('',#1864,.T.);
#2023=FACE_BOUND('',#1865,.T.);
#2024=FACE_BOUND('',#1866,.T.);
#2025=FACE_BOUND('',#1867,.T.);
#2026=FACE_BOUND('',#1868,.T.);
#2027=FACE_BOUND('',#1869,.T.);
#2028=FACE_BOUND('',#1870,.T.);
#2029=FACE_BOUND('',#1871,.T.);
#2030=FACE_BOUND('',#1872,.T.);
#2031=FACE_BOUND('',#1873,.T.);
#2032=FACE_BOUND('',#1874,.T.);
#2033=FACE_BOUND('',#1875,.T.);
#2034=FACE_BOUND('',#1876,.T.);
#2035=FACE_BOUND('',#1877,.T.);
#2036=FACE_BOUND('',#1878,.T.);
#2037=FACE_BOUND('',#1879,.T.);
#2038=FACE_BOUND('',#1880,.T.);
#2039=FACE_BOUND('',#1881,.T.);
#2040=FACE_BOUND('',#1882,.T.);
#2041=FACE_BOUND('',#1883,.T.);
#2042=FACE_BOUND('',#1884,.T.);
#2043=FACE_BOUND('',#1885,.T.);
#2044=FACE_BOUND('',#1886,.T.);
#2045=FACE_BOUND('',#1887,.T.);
#2046=FACE_BOUND('',#1888,.T.);
#2047=FACE_BOUND('',#1889,.T.);
#2048=FACE_BOUND('',#1890,.T.);
#2049=FACE_BOUND('',#1891,.T.);
#2050=FACE_BOUND('',#1892,.T.);
#2051=FACE_BOUND('',#1893,.T.);
#2052=FACE_BOUND('',#1894,.T.);
#2053=FACE_BOUND('',#1895,.T.);
#2054=FACE_BOUND('',#1896,.T.);
#2055=FACE_BOUND('',#1897,.T.);
#2056=FACE_BOUND('',#1898,.T.);
#2057=FACE_BOUND('',#1899,.T.);
#2058=FACE_BOUND('',#1900,.T.);
#2059=FACE_BOUND('',#1901,.T.);
#2060=FACE_BOUND('',#1902,.T.);
#2061=FACE_BOUND('',#1903,.T.);
#2062=FACE_BOUND('',#1904,.T.);
#2063=FACE_BOUND('',#1905,.T.);
#2064=FACE_BOUND('',#1906,.T.);
#2065=FACE_BOUND('',#1907,.T.);
#2066=FACE_BOUND('',#1908,.T.);
#2067=FACE_BOUND('',#1909,.T.);
#2068=FACE_BOUND('',#1910,.T.);
#2069=FACE_BOUND('',#1911,.T.);
#2070=FACE_BOUND('',#1912,.T.);
#2071=FACE_BOUND('',#1913,.T.);
#2072=FACE_BOUND('',#1914,.T.);
#2073=FACE_BOUND('',#1915,.T.);
#2074=FACE_BOUND('',#1916,.T.);
#2075=FACE_BOUND('',#1917,.T.);
#2076=FACE_BOUND('',#1918,.T.);
#2077=FACE_BOUND('',#1919,.T.);
#2078=FACE_BOUND('',#1920,.T.);
#2079=FACE_BOUND('',#1921,.T.);
#2080=FACE_BOUND('',#1922,.T.);
#2081=FACE_BOUND('',#1923,.T.);
#2082=FACE_BOUND('',#1924,.T.);
#2083=FACE_BOUND('',#1925,.T.);
#2084=FACE_BOUND('',#1926,.T.);
#2085=FACE_BOUND('',#1927,.T.);
#2086=FACE_BOUND('',#1928,.T.);
#2087=FACE_BOUND('',#1929,.T.);
#2088=FACE_BOUND('',#1930,.T.);
#2089=FACE_BOUND('',#1931,.T.);
#2090=FACE_BOUND('',#1932,.T.);
#2091=FACE_BOUND('',#1933,.T.);
#2092=FACE_BOUND('',#1934,.T.);
#2093=FACE_BOUND('',#1935,.T.);
#2094=FACE_BOUND('',#1936,.T.);
#2095=FACE_BOUND('',#1937,.T.);
#2096=FACE_BOUND('',#1938,.T.);
#2097=FACE_BOUND('',#1939,.T.);
#2098=FACE_BOUND('',#1940,.T.);
#2099=FACE_BOUND('',#1941,.T.);
#2100=FACE_BOUND('',#1942,.T.);
#2101=FACE_BOUND('',#1943,.T.);
#2102=FACE_BOUND('',#1944,.T.);
#2103=FACE_BOUND('',#1945,.T.);
#2104=FACE_BOUND('',#1946,.T.);
#2105=CYLINDRICAL_SURFACE('',#2295,0.0005);
#2106=CYLINDRICAL_SURFACE('',#2299,0.0005);
#2107=CYLINDRICAL_SURFACE('',#2303,0.0005);
#2108=CYLINDRICAL_SURFACE('',#2307,0.0005);
#2109=CYLINDRICAL_SURFACE('',#2310,0.0005);
#2110=CYLINDRICAL_SURFACE('',#2314,0.0005);
#2111=CYLINDRICAL_SURFACE('',#2318,0.0005);
#2112=CYLINDRICAL_SURFACE('',#2322,0.0005);
#2113=CYLINDRICAL_SURFACE('',#2325,0.0005);
#2114=CYLINDRICAL_SURFACE('',#2329,0.0005);
#2115=CYLINDRICAL_SURFACE('',#2333,0.0005);
#2116=CYLINDRICAL_SURFACE('',#2337,0.0005);
#2117=CYLINDRICAL_SURFACE('',#2340,0.0005);
#2118=CYLINDRICAL_SURFACE('',#2344,0.0005);
#2119=CYLINDRICAL_SURFACE('',#2348,0.000500000000000006);
#2120=CYLINDRICAL_SURFACE('',#2352,0.0005);
#2121=CYLINDRICAL_SURFACE('',#2355,0.0005);
#2122=CYLINDRICAL_SURFACE('',#2359,0.0005);
#2123=CYLINDRICAL_SURFACE('',#2363,0.0005);
#2124=CYLINDRICAL_SURFACE('',#2367,0.0005);
#2125=CYLINDRICAL_SURFACE('',#2370,0.0005);
#2126=CYLINDRICAL_SURFACE('',#2374,0.0005);
#2127=CYLINDRICAL_SURFACE('',#2378,0.0005);
#2128=CYLINDRICAL_SURFACE('',#2382,0.000500000000000006);
#2129=CYLINDRICAL_SURFACE('',#2385,0.0005);
#2130=CYLINDRICAL_SURFACE('',#2389,0.0005);
#2131=CYLINDRICAL_SURFACE('',#2393,0.0005);
#2132=CYLINDRICAL_SURFACE('',#2397,0.0005);
#2133=CYLINDRICAL_SURFACE('',#2400,0.0005);
#2134=CYLINDRICAL_SURFACE('',#2404,0.0005);
#2135=CYLINDRICAL_SURFACE('',#2408,0.0005);
#2136=CYLINDRICAL_SURFACE('',#2412,0.0005);
#2137=CYLINDRICAL_SURFACE('',#2415,0.0005);
#2138=CYLINDRICAL_SURFACE('',#2419,0.0005);
#2139=CYLINDRICAL_SURFACE('',#2423,0.0005);
#2140=CYLINDRICAL_SURFACE('',#2427,0.0005);
#2141=CYLINDRICAL_SURFACE('',#2431,0.005);
#2142=CYLINDRICAL_SURFACE('',#2435,0.005);
#2143=CYLINDRICAL_SURFACE('',#2439,0.005);
#2144=CYLINDRICAL_SURFACE('',#2454,0.005);
#2145=CYLINDRICAL_SURFACE('',#2457,0.00145);
#2146=CYLINDRICAL_SURFACE('',#2460,0.00145);
#2147=CYLINDRICAL_SURFACE('',#2463,0.00145);
#2148=CYLINDRICAL_SURFACE('',#2466,0.00150631269317679);
#2149=CYLINDRICAL_SURFACE('',#2475,0.005);
#2150=CYLINDRICAL_SURFACE('',#2479,0.005);
#2151=CYLINDRICAL_SURFACE('',#2483,0.005);
#2152=CYLINDRICAL_SURFACE('',#2487,0.00145);
#2153=CYLINDRICAL_SURFACE('',#2490,0.00145);
#2154=CYLINDRICAL_SURFACE('',#2493,0.00145);
#2155=CYLINDRICAL_SURFACE('',#2496,0.00145);
#2156=CYLINDRICAL_SURFACE('',#2499,0.005);
#2157=ADVANCED_FACE('',(#1947),#2105,.F.);
#2158=ADVANCED_FACE('',(#1948),#14,.F.);
#2159=ADVANCED_FACE('',(#1949),#2106,.F.);
#2160=ADVANCED_FACE('',(#1950),#15,.F.);
#2161=ADVANCED_FACE('',(#1951),#2107,.F.);
#2162=ADVANCED_FACE('',(#1952),#16,.T.);
#2163=ADVANCED_FACE('',(#1953),#2108,.F.);
#2164=ADVANCED_FACE('',(#1954),#2109,.F.);
#2165=ADVANCED_FACE('',(#1955),#17,.F.);
#2166=ADVANCED_FACE('',(#1956),#2110,.F.);
#2167=ADVANCED_FACE('',(#1957),#18,.F.);
#2168=ADVANCED_FACE('',(#1958),#2111,.F.);
#2169=ADVANCED_FACE('',(#1959),#19,.T.);
#2170=ADVANCED_FACE('',(#1960),#2112,.F.);
#2171=ADVANCED_FACE('',(#1961),#2113,.F.);
#2172=ADVANCED_FACE('',(#1962),#20,.F.);
#2173=ADVANCED_FACE('',(#1963),#2114,.F.);
#2174=ADVANCED_FACE('',(#1964),#21,.F.);
#2175=ADVANCED_FACE('',(#1965),#2115,.F.);
#2176=ADVANCED_FACE('',(#1966),#22,.T.);
#2177=ADVANCED_FACE('',(#1967),#2116,.F.);
#2178=ADVANCED_FACE('',(#1968),#2117,.F.);
#2179=ADVANCED_FACE('',(#1969),#23,.F.);
#2180=ADVANCED_FACE('',(#1970),#2118,.F.);
#2181=ADVANCED_FACE('',(#1971),#24,.F.);
#2182=ADVANCED_FACE('',(#1972),#2119,.F.);
#2183=ADVANCED_FACE('',(#1973),#25,.T.);
#2184=ADVANCED_FACE('',(#1974),#2120,.F.);
#2185=ADVANCED_FACE('',(#1975),#2121,.F.);
#2186=ADVANCED_FACE('',(#1976),#26,.F.);
#2187=ADVANCED_FACE('',(#1977),#2122,.F.);
#2188=ADVANCED_FACE('',(#1978),#27,.F.);
#2189=ADVANCED_FACE('',(#1979),#2123,.F.);
#2190=ADVANCED_FACE('',(#1980),#28,.T.);
#2191=ADVANCED_FACE('',(#1981),#2124,.F.);
#2192=ADVANCED_FACE('',(#1982),#2125,.F.);
#2193=ADVANCED_FACE('',(#1983),#29,.F.);
#2194=ADVANCED_FACE('',(#1984),#2126,.F.);
#2195=ADVANCED_FACE('',(#1985),#30,.F.);
#2196=ADVANCED_FACE('',(#1986),#2127,.F.);
#2197=ADVANCED_FACE('',(#1987),#31,.T.);
#2198=ADVANCED_FACE('',(#1988),#2128,.F.);
#2199=ADVANCED_FACE('',(#1989),#2129,.F.);
#2200=ADVANCED_FACE('',(#1990),#32,.F.);
#2201=ADVANCED_FACE('',(#1991),#2130,.F.);
#2202=ADVANCED_FACE('',(#1992),#33,.F.);
#2203=ADVANCED_FACE('',(#1993),#2131,.F.);
#2204=ADVANCED_FACE('',(#1994),#34,.T.);
#2205=ADVANCED_FACE('',(#1995),#2132,.F.);
#2206=ADVANCED_FACE('',(#1996),#2133,.F.);
#2207=ADVANCED_FACE('',(#1997),#35,.F.);
#2208=ADVANCED_FACE('',(#1998),#2134,.F.);
#2209=ADVANCED_FACE('',(#1999),#36,.F.);
#2210=ADVANCED_FACE('',(#2000),#2135,.F.);
#2211=ADVANCED_FACE('',(#2001),#37,.T.);
#2212=ADVANCED_FACE('',(#2002),#2136,.F.);
#2213=ADVANCED_FACE('',(#2003),#2137,.F.);
#2214=ADVANCED_FACE('',(#2004),#38,.F.);
#2215=ADVANCED_FACE('',(#2005),#2138,.F.);
#2216=ADVANCED_FACE('',(#2006),#39,.F.);
#2217=ADVANCED_FACE('',(#2007),#2139,.F.);
#2218=ADVANCED_FACE('',(#2008),#40,.T.);
#2219=ADVANCED_FACE('',(#2009),#2140,.F.);
#2220=ADVANCED_FACE('',(#2010),#41,.T.);
#2221=ADVANCED_FACE('',(#2011),#2141,.T.);
#2222=ADVANCED_FACE('',(#2012),#42,.T.);
#2223=ADVANCED_FACE('',(#2013),#2142,.T.);
#2224=ADVANCED_FACE('',(#2014),#43,.T.);
#2225=ADVANCED_FACE('',(#2015),#2143,.T.);
#2226=ADVANCED_FACE('',(#2016),#44,.T.);
#2227=ADVANCED_FACE('',(#2017),#45,.T.);
#2228=ADVANCED_FACE('',(#2018),#46,.F.);
#2229=ADVANCED_FACE('',(#2019),#47,.F.);
#2230=ADVANCED_FACE('',(#2020),#48,.T.);
#2231=ADVANCED_FACE('',(#2021),#49,.T.);
#2232=ADVANCED_FACE('',(#2022),#50,.T.);
#2233=ADVANCED_FACE('',(#2023),#51,.T.);
#2234=ADVANCED_FACE('',(#2024),#52,.T.);
#2235=ADVANCED_FACE('',(#2025),#53,.T.);
#2236=ADVANCED_FACE('',(#2026),#54,.T.);
#2237=ADVANCED_FACE('',(#2027),#55,.T.);
#2238=ADVANCED_FACE('',(#2028),#2144,.T.);
#2239=ADVANCED_FACE('',(#2029,#2030),#2145,.F.);
#2240=ADVANCED_FACE('',(#2031,#2032),#2146,.F.);
#2241=ADVANCED_FACE('',(#2033,#2034),#2147,.F.);
#2242=ADVANCED_FACE('',(#2035,#2036),#2148,.F.);
#2243=ADVANCED_FACE('',(#2037),#56,.T.);
#2244=ADVANCED_FACE('',(#2038),#57,.T.);
#2245=ADVANCED_FACE('',(#2039,#2040,#2041,#2042,#2043,#2044,#2045,#2046,
#2047,#2048,#2049,#2050,#2051,#2052,#2053),#58,.T.);
#2246=ADVANCED_FACE('',(#2054,#2055,#2056,#2057,#2058,#2059,#2060,#2061,
#2062,#2063,#2064,#2065,#2066,#2067,#2068),#59,.F.);
#2247=ADVANCED_FACE('',(#2069),#60,.T.);
#2248=ADVANCED_FACE('',(#2070),#2149,.T.);
#2249=ADVANCED_FACE('',(#2071),#61,.T.);
#2250=ADVANCED_FACE('',(#2072),#2150,.T.);
#2251=ADVANCED_FACE('',(#2073),#62,.T.);
#2252=ADVANCED_FACE('',(#2074),#2151,.T.);
#2253=ADVANCED_FACE('',(#2075),#63,.T.);
#2254=ADVANCED_FACE('',(#2076,#2077),#2152,.F.);
#2255=ADVANCED_FACE('',(#2078,#2079),#2153,.F.);
#2256=ADVANCED_FACE('',(#2080,#2081),#2154,.F.);
#2257=ADVANCED_FACE('',(#2082,#2083),#2155,.F.);
#2258=ADVANCED_FACE('',(#2084),#2156,.T.);
#2259=ADVANCED_FACE('',(#2085,#2086,#2087,#2088,#2089),#64,.F.);
#2260=ADVANCED_FACE('',(#2090),#65,.F.);
#2261=ADVANCED_FACE('',(#2091),#66,.F.);
#2262=ADVANCED_FACE('',(#2092),#67,.F.);
#2263=ADVANCED_FACE('',(#2093),#68,.F.);
#2264=ADVANCED_FACE('',(#2094,#2095,#2096,#2097,#2098,#2099),#69,.T.);
#2265=ADVANCED_FACE('',(#2100),#70,.T.);
#2266=ADVANCED_FACE('',(#2101),#71,.T.);
#2267=ADVANCED_FACE('',(#2102),#72,.T.);
#2268=ADVANCED_FACE('',(#2103),#73,.T.);
#2269=ADVANCED_FACE('',(#2104),#74,.F.);
#2270=CLOSED_SHELL('',(#2157,#2158,#2159,#2160,#2161,#2162,#2163,#2164,
#2165,#2166,#2167,#2168,#2169,#2170,#2171,#2172,#2173,#2174,#2175,#2176,
#2177,#2178,#2179,#2180,#2181,#2182,#2183,#2184,#2185,#2186,#2187,#2188,
#2189,#2190,#2191,#2192,#2193,#2194,#2195,#2196,#2197,#2198,#2199,#2200,
#2201,#2202,#2203,#2204,#2205,#2206,#2207,#2208,#2209,#2210,#2211,#2212,
#2213,#2214,#2215,#2216,#2217,#2218,#2219,#2220,#2221,#2222,#2223,#2224,
#2225,#2226,#2227,#2228,#2229,#2230,#2231,#2232,#2233,#2234,#2235,#2236,
#2237,#2238,#2239,#2240,#2241,#2242,#2243,#2244,#2245,#2246));
#2271=CLOSED_SHELL('',(#2247,#2248,#2249,#2250,#2251,#2252,#2253,#2254,
#2255,#2256,#2257,#2258,#2259,#2260,#2261,#2262,#2263,#2264,#2265,#2266,
#2267,#2268,#2269));
#2272=STYLED_ITEM('',(#2274),#2288);
#2273=STYLED_ITEM('',(#2275),#2289);
#2274=PRESENTATION_STYLE_ASSIGNMENT((#2276));
#2275=PRESENTATION_STYLE_ASSIGNMENT((#2277));
#2276=SURFACE_STYLE_USAGE(.BOTH.,#2278);
#2277=SURFACE_STYLE_USAGE(.BOTH.,#2279);
#2278=SURFACE_SIDE_STYLE('',(#2280));
#2279=SURFACE_SIDE_STYLE('',(#2281));
#2280=SURFACE_STYLE_FILL_AREA(#2282);
#2281=SURFACE_STYLE_FILL_AREA(#2283);
#2282=FILL_AREA_STYLE('',(#2284));
#2283=FILL_AREA_STYLE('',(#2285));
#2284=FILL_AREA_STYLE_COLOUR('',#2286);
#2285=FILL_AREA_STYLE_COLOUR('',#2287);
#2286=COLOUR_RGB('',0.615686274509804,0.811764705882353,0.929411764705882);
#2287=COLOUR_RGB('',0.498039215686275,0.498039215686275,0.498039215686275);
#2288=MANIFOLD_SOLID_BREP('Part 2',#2270);
#2289=MANIFOLD_SOLID_BREP('Part 1',#2271);
#2290=SHAPE_DEFINITION_REPRESENTATION(#3832,#2292);
#2291=SHAPE_DEFINITION_REPRESENTATION(#3833,#2293);
#2292=SHAPE_REPRESENTATION('Part 2',(#2294),#3822);
#2293=SHAPE_REPRESENTATION('Part 1',(#2473),#3823);
#2294=AXIS2_PLACEMENT_3D('',#3167,#2513,#2514);
#2295=AXIS2_PLACEMENT_3D('',#3168,#2515,#2516);
#2296=AXIS2_PLACEMENT_3D('',#3169,#2517,#2518);
#2297=AXIS2_PLACEMENT_3D('',#3174,#2520,#2521);
#2298=AXIS2_PLACEMENT_3D('',#3177,#2523,#2524);
#2299=AXIS2_PLACEMENT_3D('',#3183,#2528,#2529);
#2300=AXIS2_PLACEMENT_3D('',#3184,#2530,#2531);
#2301=AXIS2_PLACEMENT_3D('',#3188,#2533,#2534);
#2302=AXIS2_PLACEMENT_3D('',#3189,#2535,#2536);
#2303=AXIS2_PLACEMENT_3D('',#3195,#2540,#2541);
#2304=AXIS2_PLACEMENT_3D('',#3196,#2542,#2543);
#2305=AXIS2_PLACEMENT_3D('',#3200,#2545,#2546);
#2306=AXIS2_PLACEMENT_3D('',#3201,#2547,#2548);
#2307=AXIS2_PLACEMENT_3D('',#3207,#2552,#2553);
#2308=AXIS2_PLACEMENT_3D('',#3208,#2554,#2555);
#2309=AXIS2_PLACEMENT_3D('',#3212,#2557,#2558);
#2310=AXIS2_PLACEMENT_3D('',#3213,#2559,#2560);
#2311=AXIS2_PLACEMENT_3D('',#3214,#2561,#2562);
#2312=AXIS2_PLACEMENT_3D('',#3219,#2564,#2565);
#2313=AXIS2_PLACEMENT_3D('',#3222,#2567,#2568);
#2314=AXIS2_PLACEMENT_3D('',#3228,#2572,#2573);
#2315=AXIS2_PLACEMENT_3D('',#3229,#2574,#2575);
#2316=AXIS2_PLACEMENT_3D('',#3233,#2577,#2578);
#2317=AXIS2_PLACEMENT_3D('',#3234,#2579,#2580);
#2318=AXIS2_PLACEMENT_3D('',#3240,#2584,#2585);
#2319=AXIS2_PLACEMENT_3D('',#3241,#2586,#2587);
#2320=AXIS2_PLACEMENT_3D('',#3245,#2589,#2590);
#2321=AXIS2_PLACEMENT_3D('',#3246,#2591,#2592);
#2322=AXIS2_PLACEMENT_3D('',#3252,#2596,#2597);
#2323=AXIS2_PLACEMENT_3D('',#3253,#2598,#2599);
#2324=AXIS2_PLACEMENT_3D('',#3257,#2601,#2602);
#2325=AXIS2_PLACEMENT_3D('',#3258,#2603,#2604);
#2326=AXIS2_PLACEMENT_3D('',#3259,#2605,#2606);
#2327=AXIS2_PLACEMENT_3D('',#3264,#2608,#2609);
#2328=AXIS2_PLACEMENT_3D('',#3267,#2611,#2612);
#2329=AXIS2_PLACEMENT_3D('',#3273,#2616,#2617);
#2330=AXIS2_PLACEMENT_3D('',#3274,#2618,#2619);
#2331=AXIS2_PLACEMENT_3D('',#3278,#2621,#2622);
#2332=AXIS2_PLACEMENT_3D('',#3279,#2623,#2624);
#2333=AXIS2_PLACEMENT_3D('',#3285,#2628,#2629);
#2334=AXIS2_PLACEMENT_3D('',#3286,#2630,#2631);
#2335=AXIS2_PLACEMENT_3D('',#3290,#2633,#2634);
#2336=AXIS2_PLACEMENT_3D('',#3291,#2635,#2636);
#2337=AXIS2_PLACEMENT_3D('',#3297,#2640,#2641);
#2338=AXIS2_PLACEMENT_3D('',#3298,#2642,#2643);
#2339=AXIS2_PLACEMENT_3D('',#3302,#2645,#2646);
#2340=AXIS2_PLACEMENT_3D('',#3303,#2647,#2648);
#2341=AXIS2_PLACEMENT_3D('',#3304,#2649,#2650);
#2342=AXIS2_PLACEMENT_3D('',#3309,#2652,#2653);
#2343=AXIS2_PLACEMENT_3D('',#3312,#2655,#2656);
#2344=AXIS2_PLACEMENT_3D('',#3318,#2660,#2661);
#2345=AXIS2_PLACEMENT_3D('',#3319,#2662,#2663);
#2346=AXIS2_PLACEMENT_3D('',#3323,#2665,#2666);
#2347=AXIS2_PLACEMENT_3D('',#3324,#2667,#2668);
#2348=AXIS2_PLACEMENT_3D('',#3330,#2672,#2673);
#2349=AXIS2_PLACEMENT_3D('',#3331,#2674,#2675);
#2350=AXIS2_PLACEMENT_3D('',#3335,#2677,#2678);
#2351=AXIS2_PLACEMENT_3D('',#3336,#2679,#2680);
#2352=AXIS2_PLACEMENT_3D('',#3342,#2684,#2685);
#2353=AXIS2_PLACEMENT_3D('',#3343,#2686,#2687);
#2354=AXIS2_PLACEMENT_3D('',#3347,#2689,#2690);
#2355=AXIS2_PLACEMENT_3D('',#3348,#2691,#2692);
#2356=AXIS2_PLACEMENT_3D('',#3349,#2693,#2694);
#2357=AXIS2_PLACEMENT_3D('',#3354,#2696,#2697);
#2358=AXIS2_PLACEMENT_3D('',#3357,#2699,#2700);
#2359=AXIS2_PLACEMENT_3D('',#3363,#2704,#2705);
#2360=AXIS2_PLACEMENT_3D('',#3364,#2706,#2707);
#2361=AXIS2_PLACEMENT_3D('',#3368,#2709,#2710);
#2362=AXIS2_PLACEMENT_3D('',#3369,#2711,#2712);
#2363=AXIS2_PLACEMENT_3D('',#3375,#2716,#2717);
#2364=AXIS2_PLACEMENT_3D('',#3376,#2718,#2719);
#2365=AXIS2_PLACEMENT_3D('',#3380,#2721,#2722);
#2366=AXIS2_PLACEMENT_3D('',#3381,#2723,#2724);
#2367=AXIS2_PLACEMENT_3D('',#3387,#2728,#2729);
#2368=AXIS2_PLACEMENT_3D('',#3388,#2730,#2731);
#2369=AXIS2_PLACEMENT_3D('',#3392,#2733,#2734);
#2370=AXIS2_PLACEMENT_3D('',#3393,#2735,#2736);
#2371=AXIS2_PLACEMENT_3D('',#3394,#2737,#2738);
#2372=AXIS2_PLACEMENT_3D('',#3399,#2740,#2741);
#2373=AXIS2_PLACEMENT_3D('',#3402,#2743,#2744);
#2374=AXIS2_PLACEMENT_3D('',#3408,#2748,#2749);
#2375=AXIS2_PLACEMENT_3D('',#3409,#2750,#2751);
#2376=AXIS2_PLACEMENT_3D('',#3413,#2753,#2754);
#2377=AXIS2_PLACEMENT_3D('',#3414,#2755,#2756);
#2378=AXIS2_PLACEMENT_3D('',#3420,#2760,#2761);
#2379=AXIS2_PLACEMENT_3D('',#3421,#2762,#2763);
#2380=AXIS2_PLACEMENT_3D('',#3425,#2765,#2766);
#2381=AXIS2_PLACEMENT_3D('',#3426,#2767,#2768);
#2382=AXIS2_PLACEMENT_3D('',#3432,#2772,#2773);
#2383=AXIS2_PLACEMENT_3D('',#3433,#2774,#2775);
#2384=AXIS2_PLACEMENT_3D('',#3437,#2777,#2778);
#2385=AXIS2_PLACEMENT_3D('',#3438,#2779,#2780);
#2386=AXIS2_PLACEMENT_3D('',#3439,#2781,#2782);
#2387=AXIS2_PLACEMENT_3D('',#3444,#2784,#2785);
#2388=AXIS2_PLACEMENT_3D('',#3447,#2787,#2788);
#2389=AXIS2_PLACEMENT_3D('',#3453,#2792,#2793);
#2390=AXIS2_PLACEMENT_3D('',#3454,#2794,#2795);
#2391=AXIS2_PLACEMENT_3D('',#3458,#2797,#2798);
#2392=AXIS2_PLACEMENT_3D('',#3459,#2799,#2800);
#2393=AXIS2_PLACEMENT_3D('',#3465,#2804,#2805);
#2394=AXIS2_PLACEMENT_3D('',#3466,#2806,#2807);
#2395=AXIS2_PLACEMENT_3D('',#3470,#2809,#2810);
#2396=AXIS2_PLACEMENT_3D('',#3471,#2811,#2812);
#2397=AXIS2_PLACEMENT_3D('',#3477,#2816,#2817);
#2398=AXIS2_PLACEMENT_3D('',#3478,#2818,#2819);
#2399=AXIS2_PLACEMENT_3D('',#3482,#2821,#2822);
#2400=AXIS2_PLACEMENT_3D('',#3483,#2823,#2824);
#2401=AXIS2_PLACEMENT_3D('',#3484,#2825,#2826);
#2402=AXIS2_PLACEMENT_3D('',#3489,#2828,#2829);
#2403=AXIS2_PLACEMENT_3D('',#3492,#2831,#2832);
#2404=AXIS2_PLACEMENT_3D('',#3498,#2836,#2837);
#2405=AXIS2_PLACEMENT_3D('',#3499,#2838,#2839);
#2406=AXIS2_PLACEMENT_3D('',#3503,#2841,#2842);
#2407=AXIS2_PLACEMENT_3D('',#3504,#2843,#2844);
#2408=AXIS2_PLACEMENT_3D('',#3510,#2848,#2849);
#2409=AXIS2_PLACEMENT_3D('',#3511,#2850,#2851);
#2410=AXIS2_PLACEMENT_3D('',#3515,#2853,#2854);
#2411=AXIS2_PLACEMENT_3D('',#3516,#2855,#2856);
#2412=AXIS2_PLACEMENT_3D('',#3522,#2860,#2861);
#2413=AXIS2_PLACEMENT_3D('',#3523,#2862,#2863);
#2414=AXIS2_PLACEMENT_3D('',#3527,#2865,#2866);
#2415=AXIS2_PLACEMENT_3D('',#3528,#2867,#2868);
#2416=AXIS2_PLACEMENT_3D('',#3529,#2869,#2870);
#2417=AXIS2_PLACEMENT_3D('',#3534,#2872,#2873);
#2418=AXIS2_PLACEMENT_3D('',#3537,#2875,#2876);
#2419=AXIS2_PLACEMENT_3D('',#3543,#2880,#2881);
#2420=AXIS2_PLACEMENT_3D('',#3544,#2882,#2883);
#2421=AXIS2_PLACEMENT_3D('',#3548,#2885,#2886);
#2422=AXIS2_PLACEMENT_3D('',#3549,#2887,#2888);
#2423=AXIS2_PLACEMENT_3D('',#3555,#2892,#2893);
#2424=AXIS2_PLACEMENT_3D('',#3556,#2894,#2895);
#2425=AXIS2_PLACEMENT_3D('',#3560,#2897,#2898);
#2426=AXIS2_PLACEMENT_3D('',#3561,#2899,#2900);
#2427=AXIS2_PLACEMENT_3D('',#3567,#2904,#2905);
#2428=AXIS2_PLACEMENT_3D('',#3568,#2906,#2907);
#2429=AXIS2_PLACEMENT_3D('',#3572,#2909,#2910);
#2430=AXIS2_PLACEMENT_3D('',#3573,#2911,#2912);
#2431=AXIS2_PLACEMENT_3D('',#3582,#2917,#2918);
#2432=AXIS2_PLACEMENT_3D('',#3583,#2919,#2920);
#2433=AXIS2_PLACEMENT_3D('',#3587,#2922,#2923);
#2434=AXIS2_PLACEMENT_3D('',#3588,#2924,#2925);
#2435=AXIS2_PLACEMENT_3D('',#3594,#2929,#2930);
#2436=AXIS2_PLACEMENT_3D('',#3595,#2931,#2932);
#2437=AXIS2_PLACEMENT_3D('',#3599,#2934,#2935);
#2438=AXIS2_PLACEMENT_3D('',#3600,#2936,#2937);
#2439=AXIS2_PLACEMENT_3D('',#3606,#2941,#2942);
#2440=AXIS2_PLACEMENT_3D('',#3607,#2943,#2944);
#2441=AXIS2_PLACEMENT_3D('',#3611,#2946,#2947);
#2442=AXIS2_PLACEMENT_3D('',#3612,#2948,#2949);
#2443=AXIS2_PLACEMENT_3D('',#3618,#2953,#2954);
#2444=AXIS2_PLACEMENT_3D('',#3627,#2959,#2960);
#2445=AXIS2_PLACEMENT_3D('',#3633,#2964,#2965);
#2446=AXIS2_PLACEMENT_3D('',#3639,#2969,#2970);
#2447=AXIS2_PLACEMENT_3D('',#3642,#2973,#2974);
#2448=AXIS2_PLACEMENT_3D('',#3645,#2977,#2978);
#2449=AXIS2_PLACEMENT_3D('',#3648,#2981,#2982);
#2450=AXIS2_PLACEMENT_3D('',#3651,#2985,#2986);
#2451=AXIS2_PLACEMENT_3D('',#3654,#2989,#2990);
#2452=AXIS2_PLACEMENT_3D('',#3657,#2993,#2994);
#2453=AXIS2_PLACEMENT_3D('',#3660,#2997,#2998);
#2454=AXIS2_PLACEMENT_3D('',#3663,#3001,#3002);
#2455=AXIS2_PLACEMENT_3D('',#3664,#3003,#3004);
#2456=AXIS2_PLACEMENT_3D('',#3665,#3005,#3006);
#2457=AXIS2_PLACEMENT_3D('',#3666,#3007,#3008);
#2458=AXIS2_PLACEMENT_3D('',#3667,#3009,#3010);
#2459=AXIS2_PLACEMENT_3D('',#3669,#3011,#3012);
#2460=AXIS2_PLACEMENT_3D('',#3671,#3013,#3014);
#2461=AXIS2_PLACEMENT_3D('',#3672,#3015,#3016);
#2462=AXIS2_PLACEMENT_3D('',#3674,#3017,#3018);
#2463=AXIS2_PLACEMENT_3D('',#3676,#3019,#3020);
#2464=AXIS2_PLACEMENT_3D('',#3677,#3021,#3022);
#2465=AXIS2_PLACEMENT_3D('',#3679,#3023,#3024);
#2466=AXIS2_PLACEMENT_3D('',#3681,#3025,#3026);
#2467=AXIS2_PLACEMENT_3D('',#3682,#3027,#3028);
#2468=AXIS2_PLACEMENT_3D('',#3684,#3029,#3030);
#2469=AXIS2_PLACEMENT_3D('',#3686,#3031,#3032);
#2470=AXIS2_PLACEMENT_3D('',#3689,#3035,#3036);
#2471=AXIS2_PLACEMENT_3D('',#3692,#3039,#3040);
#2472=AXIS2_PLACEMENT_3D('',#3693,#3041,#3042);
#2473=AXIS2_PLACEMENT_3D('',#3694,#3043,#3044);
#2474=AXIS2_PLACEMENT_3D('',#3695,#3045,#3046);
#2475=AXIS2_PLACEMENT_3D('',#3704,#3051,#3052);
#2476=AXIS2_PLACEMENT_3D('',#3705,#3053,#3054);
#2477=AXIS2_PLACEMENT_3D('',#3709,#3056,#3057);
#2478=AXIS2_PLACEMENT_3D('',#3710,#3058,#3059);
#2479=AXIS2_PLACEMENT_3D('',#3716,#3063,#3064);
#2480=AXIS2_PLACEMENT_3D('',#3717,#3065,#3066);
#2481=AXIS2_PLACEMENT_3D('',#3721,#3068,#3069);
#2482=AXIS2_PLACEMENT_3D('',#3722,#3070,#3071);
#2483=AXIS2_PLACEMENT_3D('',#3736,#3079,#3080);
#2484=AXIS2_PLACEMENT_3D('',#3737,#3081,#3082);
#2485=AXIS2_PLACEMENT_3D('',#3741,#3084,#3085);
#2486=AXIS2_PLACEMENT_3D('',#3742,#3086,#3087);
#2487=AXIS2_PLACEMENT_3D('',#3748,#3091,#3092);
#2488=AXIS2_PLACEMENT_3D('',#3749,#3093,#3094);
#2489=AXIS2_PLACEMENT_3D('',#3751,#3095,#3096);
#2490=AXIS2_PLACEMENT_3D('',#3753,#3097,#3098);
#2491=AXIS2_PLACEMENT_3D('',#3754,#3099,#3100);
#2492=AXIS2_PLACEMENT_3D('',#3756,#3101,#3102);
#2493=AXIS2_PLACEMENT_3D('',#3758,#3103,#3104);
#2494=AXIS2_PLACEMENT_3D('',#3759,#3105,#3106);
#2495=AXIS2_PLACEMENT_3D('',#3761,#3107,#3108);
#2496=AXIS2_PLACEMENT_3D('',#3763,#3109,#3110);
#2497=AXIS2_PLACEMENT_3D('',#3764,#3111,#3112);
#2498=AXIS2_PLACEMENT_3D('',#3766,#3113,#3114);
#2499=AXIS2_PLACEMENT_3D('',#3768,#3115,#3116);
#2500=AXIS2_PLACEMENT_3D('',#3769,#3117,#3118);
#2501=AXIS2_PLACEMENT_3D('',#3770,#3119,#3120);
#2502=AXIS2_PLACEMENT_3D('',#3771,#3121,#3122);
#2503=AXIS2_PLACEMENT_3D('',#3777,#3126,#3127);
#2504=AXIS2_PLACEMENT_3D('',#3786,#3132,#3133);
#2505=AXIS2_PLACEMENT_3D('',#3792,#3137,#3138);
#2506=AXIS2_PLACEMENT_3D('',#3806,#3146,#3147);
#2507=AXIS2_PLACEMENT_3D('',#3809,#3150,#3151);
#2508=AXIS2_PLACEMENT_3D('',#3810,#3152,#3153);
#2509=AXIS2_PLACEMENT_3D('',#3812,#3155,#3156);
#2510=AXIS2_PLACEMENT_3D('',#3815,#3159,#3160);
#2511=AXIS2_PLACEMENT_3D('',#3817,#3162,#3163);
#2512=AXIS2_PLACEMENT_3D('',#3819,#3165,#3166);
#2513=DIRECTION('',(0.,0.,1.));
#2514=DIRECTION('',(1.,0.,0.));
#2515=DIRECTION('',(0.,0.,-1.));
#2516=DIRECTION('',(-1.,0.,0.));
#2517=DIRECTION('',(0.,0.,1.));
#2518=DIRECTION('',(1.,0.,0.));
#2519=DIRECTION('',(0.,0.,-1.));
#2520=DIRECTION('',(0.,0.,1.));
#2521=DIRECTION('',(1.,0.,0.));
#2522=DIRECTION('',(0.,0.,-1.));
#2523=DIRECTION('',(0.,1.,0.));
#2524=DIRECTION('',(0.,0.,1.));
#2525=DIRECTION('',(1.,0.,0.));
#2526=DIRECTION('',(0.,0.,-1.));
#2527=DIRECTION('',(1.,0.,0.));
#2528=DIRECTION('',(0.,0.,-1.));
#2529=DIRECTION('',(-1.,0.,0.));
#2530=DIRECTION('',(0.,0.,1.));
#2531=DIRECTION('',(1.,0.,0.));
#2532=DIRECTION('',(0.,0.,-1.));
#2533=DIRECTION('',(0.,0.,1.));
#2534=DIRECTION('',(1.,0.,0.));
#2535=DIRECTION('',(1.,0.,0.));
#2536=DIRECTION('',(0.,0.,-1.));
#2537=DIRECTION('',(0.,-1.,0.));
#2538=DIRECTION('',(0.,0.,-1.));
#2539=DIRECTION('',(0.,-1.,0.));
#2540=DIRECTION('',(0.,0.,-1.));
#2541=DIRECTION('',(-1.,0.,0.));
#2542=DIRECTION('',(0.,0.,1.));
#2543=DIRECTION('',(1.,0.,0.));
#2544=DIRECTION('',(0.,0.,-1.));
#2545=DIRECTION('',(0.,0.,1.));
#2546=DIRECTION('',(1.,0.,0.));
#2547=DIRECTION('',(0.,1.,0.));
#2548=DIRECTION('',(0.,0.,1.));
#2549=DIRECTION('',(1.,0.,0.));
#2550=DIRECTION('',(0.,0.,-1.));
#2551=DIRECTION('',(1.,0.,0.));
#2552=DIRECTION('',(0.,0.,-1.));
#2553=DIRECTION('',(-1.,0.,0.));
#2554=DIRECTION('',(0.,0.,1.));
#2555=DIRECTION('',(1.,0.,0.));
#2556=DIRECTION('',(0.,0.,-1.));
#2557=DIRECTION('',(0.,0.,1.));
#2558=DIRECTION('',(1.,0.,0.));
#2559=DIRECTION('',(0.,0.,-1.));
#2560=DIRECTION('',(-1.,0.,0.));
#2561=DIRECTION('',(0.,0.,1.));
#2562=DIRECTION('',(1.,0.,0.));
#2563=DIRECTION('',(0.,0.,-1.));
#2564=DIRECTION('',(0.,0.,1.));
#2565=DIRECTION('',(1.,0.,0.));
#2566=DIRECTION('',(0.,0.,-1.));
#2567=DIRECTION('',(0.,1.,0.));
#2568=DIRECTION('',(0.,0.,1.));
#2569=DIRECTION('',(1.,0.,0.));
#2570=DIRECTION('',(0.,0.,-1.));
#2571=DIRECTION('',(1.,0.,0.));
#2572=DIRECTION('',(0.,0.,-1.));
#2573=DIRECTION('',(-1.,0.,0.));
#2574=DIRECTION('',(0.,0.,1.));
#2575=DIRECTION('',(1.,0.,0.));
#2576=DIRECTION('',(0.,0.,-1.));
#2577=DIRECTION('',(0.,0.,1.));
#2578=DIRECTION('',(1.,0.,0.));
#2579=DIRECTION('',(1.,0.,0.));
#2580=DIRECTION('',(0.,0.,-1.));
#2581=DIRECTION('',(0.,-1.,0.));
#2582=DIRECTION('',(0.,0.,-1.));
#2583=DIRECTION('',(0.,-1.,0.));
#2584=DIRECTION('',(0.,0.,-1.));
#2585=DIRECTION('',(-1.,0.,0.));
#2586=DIRECTION('',(0.,0.,1.));
#2587=DIRECTION('',(1.,0.,0.));
#2588=DIRECTION('',(0.,0.,-1.));
#2589=DIRECTION('',(0.,0.,1.));
#2590=DIRECTION('',(1.,0.,0.));
#2591=DIRECTION('',(0.,1.,0.));
#2592=DIRECTION('',(0.,0.,1.));
#2593=DIRECTION('',(1.,0.,0.));
#2594=DIRECTION('',(0.,0.,-1.));
#2595=DIRECTION('',(1.,0.,0.));
#2596=DIRECTION('',(0.,0.,-1.));
#2597=DIRECTION('',(-1.,0.,0.));
#2598=DIRECTION('',(0.,0.,1.));
#2599=DIRECTION('',(1.,0.,0.));
#2600=DIRECTION('',(0.,0.,-1.));
#2601=DIRECTION('',(0.,0.,1.));
#2602=DIRECTION('',(1.,0.,0.));
#2603=DIRECTION('',(0.,0.,-1.));
#2604=DIRECTION('',(-1.,0.,0.));
#2605=DIRECTION('',(0.,0.,1.));
#2606=DIRECTION('',(1.,0.,0.));
#2607=DIRECTION('',(0.,0.,-1.));
#2608=DIRECTION('',(0.,0.,1.));
#2609=DIRECTION('',(1.,0.,0.));
#2610=DIRECTION('',(0.,0.,-1.));
#2611=DIRECTION('',(0.,1.,0.));
#2612=DIRECTION('',(0.,0.,1.));
#2613=DIRECTION('',(1.,0.,0.));
#2614=DIRECTION('',(0.,0.,-1.));
#2615=DIRECTION('',(1.,0.,0.));
#2616=DIRECTION('',(0.,0.,-1.));
#2617=DIRECTION('',(-1.,0.,0.));
#2618=DIRECTION('',(0.,0.,1.));
#2619=DIRECTION('',(1.,0.,0.));
#2620=DIRECTION('',(0.,0.,-1.));
#2621=DIRECTION('',(0.,0.,1.));
#2622=DIRECTION('',(1.,0.,0.));
#2623=DIRECTION('',(1.,0.,0.));
#2624=DIRECTION('',(0.,0.,-1.));
#2625=DIRECTION('',(0.,-1.,0.));
#2626=DIRECTION('',(0.,0.,-1.));
#2627=DIRECTION('',(0.,-1.,0.));
#2628=DIRECTION('',(0.,0.,-1.));
#2629=DIRECTION('',(-1.,0.,0.));
#2630=DIRECTION('',(0.,0.,1.));
#2631=DIRECTION('',(1.,0.,0.));
#2632=DIRECTION('',(0.,0.,-1.));
#2633=DIRECTION('',(0.,0.,1.));
#2634=DIRECTION('',(1.,0.,0.));
#2635=DIRECTION('',(0.,1.,0.));
#2636=DIRECTION('',(0.,0.,1.));
#2637=DIRECTION('',(1.,0.,0.));
#2638=DIRECTION('',(0.,0.,-1.));
#2639=DIRECTION('',(1.,0.,0.));
#2640=DIRECTION('',(0.,0.,-1.));
#2641=DIRECTION('',(-1.,0.,0.));
#2642=DIRECTION('',(0.,0.,1.));
#2643=DIRECTION('',(1.,0.,0.));
#2644=DIRECTION('',(0.,0.,-1.));
#2645=DIRECTION('',(0.,0.,1.));
#2646=DIRECTION('',(1.,0.,0.));
#2647=DIRECTION('',(0.,0.,-1.));
#2648=DIRECTION('',(-1.,0.,0.));
#2649=DIRECTION('',(0.,0.,1.));
#2650=DIRECTION('',(1.,0.,0.));
#2651=DIRECTION('',(0.,0.,-1.));
#2652=DIRECTION('',(0.,0.,1.));
#2653=DIRECTION('',(1.,0.,0.));
#2654=DIRECTION('',(0.,0.,-1.));
#2655=DIRECTION('',(0.,1.,0.));
#2656=DIRECTION('',(0.,0.,1.));
#2657=DIRECTION('',(1.,0.,0.));
#2658=DIRECTION('',(0.,0.,-1.));
#2659=DIRECTION('',(1.,0.,0.));
#2660=DIRECTION('',(0.,0.,-1.));
#2661=DIRECTION('',(-1.,0.,0.));
#2662=DIRECTION('',(0.,0.,1.));
#2663=DIRECTION('',(1.,0.,0.));
#2664=DIRECTION('',(0.,0.,-1.));
#2665=DIRECTION('',(0.,0.,1.));
#2666=DIRECTION('',(1.,0.,0.));
#2667=DIRECTION('',(1.,0.,0.));
#2668=DIRECTION('',(0.,0.,-1.));
#2669=DIRECTION('',(0.,-1.,0.));
#2670=DIRECTION('',(0.,0.,-1.));
#2671=DIRECTION('',(0.,-1.,0.));
#2672=DIRECTION('',(0.,0.,-1.));
#2673=DIRECTION('',(-1.,0.,0.));
#2674=DIRECTION('',(0.,0.,1.));
#2675=DIRECTION('',(1.,0.,0.));
#2676=DIRECTION('',(0.,0.,-1.));
#2677=DIRECTION('',(0.,0.,1.));
#2678=DIRECTION('',(1.,0.,0.));
#2679=DIRECTION('',(0.,1.,0.));
#2680=DIRECTION('',(0.,0.,1.));
#2681=DIRECTION('',(1.,0.,0.));
#2682=DIRECTION('',(0.,0.,-1.));
#2683=DIRECTION('',(1.,0.,0.));
#2684=DIRECTION('',(0.,0.,-1.));
#2685=DIRECTION('',(-1.,0.,0.));
#2686=DIRECTION('',(0.,0.,1.));
#2687=DIRECTION('',(1.,0.,0.));
#2688=DIRECTION('',(0.,0.,-1.));
#2689=DIRECTION('',(0.,0.,1.));
#2690=DIRECTION('',(1.,0.,0.));
#2691=DIRECTION('',(0.,0.,-1.));
#2692=DIRECTION('',(-1.,0.,0.));
#2693=DIRECTION('',(0.,0.,1.));
#2694=DIRECTION('',(1.,0.,0.));
#2695=DIRECTION('',(0.,0.,-1.));
#2696=DIRECTION('',(0.,0.,1.));
#2697=DIRECTION('',(1.,0.,0.));
#2698=DIRECTION('',(0.,0.,-1.));
#2699=DIRECTION('',(0.,1.,0.));
#2700=DIRECTION('',(0.,0.,1.));
#2701=DIRECTION('',(1.,0.,0.));
#2702=DIRECTION('',(0.,0.,-1.));
#2703=DIRECTION('',(1.,0.,0.));
#2704=DIRECTION('',(0.,0.,-1.));
#2705=DIRECTION('',(-1.,0.,0.));
#2706=DIRECTION('',(0.,0.,1.));
#2707=DIRECTION('',(1.,0.,0.));
#2708=DIRECTION('',(0.,0.,-1.));
#2709=DIRECTION('',(0.,0.,1.));
#2710=DIRECTION('',(1.,0.,0.));
#2711=DIRECTION('',(1.,0.,0.));
#2712=DIRECTION('',(0.,0.,-1.));
#2713=DIRECTION('',(0.,-1.,0.));
#2714=DIRECTION('',(0.,0.,-1.));
#2715=DIRECTION('',(0.,-1.,0.));
#2716=DIRECTION('',(0.,0.,-1.));
#2717=DIRECTION('',(-1.,0.,0.));
#2718=DIRECTION('',(0.,0.,1.));
#2719=DIRECTION('',(1.,0.,0.));
#2720=DIRECTION('',(0.,0.,-1.));
#2721=DIRECTION('',(0.,0.,1.));
#2722=DIRECTION('',(1.,0.,0.));
#2723=DIRECTION('',(0.,1.,0.));
#2724=DIRECTION('',(0.,0.,1.));
#2725=DIRECTION('',(1.,0.,0.));
#2726=DIRECTION('',(0.,0.,-1.));
#2727=DIRECTION('',(1.,0.,0.));
#2728=DIRECTION('',(0.,0.,-1.));
#2729=DIRECTION('',(-1.,0.,0.));
#2730=DIRECTION('',(0.,0.,1.));
#2731=DIRECTION('',(1.,0.,0.));
#2732=DIRECTION('',(0.,0.,-1.));
#2733=DIRECTION('',(0.,0.,1.));
#2734=DIRECTION('',(1.,0.,0.));
#2735=DIRECTION('',(0.,0.,-1.));
#2736=DIRECTION('',(-1.,0.,0.));
#2737=DIRECTION('',(0.,0.,1.));
#2738=DIRECTION('',(1.,0.,0.));
#2739=DIRECTION('',(0.,0.,-1.));
#2740=DIRECTION('',(0.,0.,1.));
#2741=DIRECTION('',(1.,0.,0.));
#2742=DIRECTION('',(0.,0.,-1.));
#2743=DIRECTION('',(0.,1.,0.));
#2744=DIRECTION('',(0.,0.,1.));
#2745=DIRECTION('',(1.,0.,0.));
#2746=DIRECTION('',(0.,0.,-1.));
#2747=DIRECTION('',(1.,0.,0.));
#2748=DIRECTION('',(0.,0.,-1.));
#2749=DIRECTION('',(-1.,0.,0.));
#2750=DIRECTION('',(0.,0.,1.));
#2751=DIRECTION('',(1.,0.,0.));
#2752=DIRECTION('',(0.,0.,-1.));
#2753=DIRECTION('',(0.,0.,1.));
#2754=DIRECTION('',(1.,0.,0.));
#2755=DIRECTION('',(1.,0.,0.));
#2756=DIRECTION('',(0.,0.,-1.));
#2757=DIRECTION('',(0.,-1.,0.));
#2758=DIRECTION('',(0.,0.,-1.));
#2759=DIRECTION('',(0.,-1.,0.));
#2760=DIRECTION('',(0.,0.,-1.));
#2761=DIRECTION('',(-1.,0.,0.));
#2762=DIRECTION('',(0.,0.,1.));
#2763=DIRECTION('',(1.,0.,0.));
#2764=DIRECTION('',(0.,0.,-1.));
#2765=DIRECTION('',(0.,0.,1.));
#2766=DIRECTION('',(1.,0.,0.));
#2767=DIRECTION('',(0.,1.,0.));
#2768=DIRECTION('',(0.,0.,1.));
#2769=DIRECTION('',(1.,0.,0.));
#2770=DIRECTION('',(0.,0.,-1.));
#2771=DIRECTION('',(1.,0.,0.));
#2772=DIRECTION('',(0.,0.,-1.));
#2773=DIRECTION('',(-1.,0.,0.));
#2774=DIRECTION('',(0.,0.,1.));
#2775=DIRECTION('',(1.,0.,0.));
#2776=DIRECTION('',(0.,0.,-1.));
#2777=DIRECTION('',(0.,0.,1.));
#2778=DIRECTION('',(1.,0.,0.));
#2779=DIRECTION('',(0.,0.,-1.));
#2780=DIRECTION('',(-1.,0.,0.));
#2781=DIRECTION('',(0.,0.,1.));
#2782=DIRECTION('',(1.,0.,0.));
#2783=DIRECTION('',(0.,0.,-1.));
#2784=DIRECTION('',(0.,0.,1.));
#2785=DIRECTION('',(1.,0.,0.));
#2786=DIRECTION('',(0.,0.,-1.));
#2787=DIRECTION('',(0.,1.,0.));
#2788=DIRECTION('',(0.,0.,1.));
#2789=DIRECTION('',(1.,0.,0.));
#2790=DIRECTION('',(0.,0.,-1.));
#2791=DIRECTION('',(1.,0.,0.));
#2792=DIRECTION('',(0.,0.,-1.));
#2793=DIRECTION('',(-1.,0.,0.));
#2794=DIRECTION('',(0.,0.,1.));
#2795=DIRECTION('',(1.,0.,0.));
#2796=DIRECTION('',(0.,0.,-1.));
#2797=DIRECTION('',(0.,0.,1.));
#2798=DIRECTION('',(1.,0.,0.));
#2799=DIRECTION('',(1.,0.,0.));
#2800=DIRECTION('',(0.,0.,-1.));
#2801=DIRECTION('',(0.,-1.,0.));
#2802=DIRECTION('',(0.,0.,-1.));
#2803=DIRECTION('',(0.,-1.,0.));
#2804=DIRECTION('',(0.,0.,-1.));
#2805=DIRECTION('',(-1.,0.,0.));
#2806=DIRECTION('',(0.,0.,1.));
#2807=DIRECTION('',(1.,0.,0.));
#2808=DIRECTION('',(0.,0.,-1.));
#2809=DIRECTION('',(0.,0.,1.));
#2810=DIRECTION('',(1.,0.,0.));
#2811=DIRECTION('',(0.,1.,0.));
#2812=DIRECTION('',(0.,0.,1.));
#2813=DIRECTION('',(1.,0.,0.));
#2814=DIRECTION('',(0.,0.,-1.));
#2815=DIRECTION('',(1.,0.,0.));
#2816=DIRECTION('',(0.,0.,-1.));
#2817=DIRECTION('',(-1.,0.,0.));
#2818=DIRECTION('',(0.,0.,1.));
#2819=DIRECTION('',(1.,0.,0.));
#2820=DIRECTION('',(0.,0.,-1.));
#2821=DIRECTION('',(0.,0.,1.));
#2822=DIRECTION('',(1.,0.,0.));
#2823=DIRECTION('',(0.,0.,-1.));
#2824=DIRECTION('',(-1.,0.,0.));
#2825=DIRECTION('',(0.,0.,1.));
#2826=DIRECTION('',(1.,0.,0.));
#2827=DIRECTION('',(0.,0.,-1.));
#2828=DIRECTION('',(0.,0.,1.));
#2829=DIRECTION('',(1.,0.,0.));
#2830=DIRECTION('',(0.,0.,-1.));
#2831=DIRECTION('',(0.,1.,0.));
#2832=DIRECTION('',(0.,0.,1.));
#2833=DIRECTION('',(1.,0.,0.));
#2834=DIRECTION('',(0.,0.,-1.));
#2835=DIRECTION('',(1.,0.,0.));
#2836=DIRECTION('',(0.,0.,-1.));
#2837=DIRECTION('',(-1.,0.,0.));
#2838=DIRECTION('',(0.,0.,1.));
#2839=DIRECTION('',(1.,0.,0.));
#2840=DIRECTION('',(0.,0.,-1.));
#2841=DIRECTION('',(0.,0.,1.));
#2842=DIRECTION('',(1.,0.,0.));
#2843=DIRECTION('',(1.,0.,0.));
#2844=DIRECTION('',(0.,0.,-1.));
#2845=DIRECTION('',(0.,-1.,0.));
#2846=DIRECTION('',(0.,0.,-1.));
#2847=DIRECTION('',(0.,-1.,0.));
#2848=DIRECTION('',(0.,0.,-1.));
#2849=DIRECTION('',(-1.,0.,0.));
#2850=DIRECTION('',(0.,0.,1.));
#2851=DIRECTION('',(1.,0.,0.));
#2852=DIRECTION('',(0.,0.,-1.));
#2853=DIRECTION('',(0.,0.,1.));
#2854=DIRECTION('',(1.,0.,0.));
#2855=DIRECTION('',(0.,1.,0.));
#2856=DIRECTION('',(0.,0.,1.));
#2857=DIRECTION('',(1.,0.,0.));
#2858=DIRECTION('',(0.,0.,-1.));
#2859=DIRECTION('',(1.,0.,0.));
#2860=DIRECTION('',(0.,0.,-1.));
#2861=DIRECTION('',(-1.,0.,0.));
#2862=DIRECTION('',(0.,0.,1.));
#2863=DIRECTION('',(1.,0.,0.));
#2864=DIRECTION('',(0.,0.,-1.));
#2865=DIRECTION('',(0.,0.,1.));
#2866=DIRECTION('',(1.,0.,0.));
#2867=DIRECTION('',(0.,0.,-1.));
#2868=DIRECTION('',(-1.,0.,0.));
#2869=DIRECTION('',(0.,0.,1.));
#2870=DIRECTION('',(1.,0.,0.));
#2871=DIRECTION('',(0.,0.,-1.));
#2872=DIRECTION('',(0.,0.,1.));
#2873=DIRECTION('',(1.,0.,0.));
#2874=DIRECTION('',(0.,0.,-1.));
#2875=DIRECTION('',(0.,1.,0.));
#2876=DIRECTION('',(0.,0.,1.));
#2877=DIRECTION('',(1.,0.,0.));
#2878=DIRECTION('',(0.,0.,-1.));
#2879=DIRECTION('',(1.,0.,0.));
#2880=DIRECTION('',(0.,0.,-1.));
#2881=DIRECTION('',(-1.,0.,0.));
#2882=DIRECTION('',(0.,0.,1.));
#2883=DIRECTION('',(1.,0.,0.));
#2884=DIRECTION('',(0.,0.,-1.));
#2885=DIRECTION('',(0.,0.,1.));
#2886=DIRECTION('',(1.,0.,0.));
#2887=DIRECTION('',(1.,0.,0.));
#2888=DIRECTION('',(0.,0.,-1.));
#2889=DIRECTION('',(0.,-1.,0.));
#2890=DIRECTION('',(0.,0.,-1.));
#2891=DIRECTION('',(0.,-1.,0.));
#2892=DIRECTION('',(0.,0.,-1.));
#2893=DIRECTION('',(-1.,0.,0.));
#2894=DIRECTION('',(0.,0.,1.));
#2895=DIRECTION('',(1.,0.,0.));
#2896=DIRECTION('',(0.,0.,-1.));
#2897=DIRECTION('',(0.,0.,1.));
#2898=DIRECTION('',(1.,0.,0.));
#2899=DIRECTION('',(0.,1.,0.));
#2900=DIRECTION('',(0.,0.,1.));
#2901=DIRECTION('',(1.,0.,0.));
#2902=DIRECTION('',(0.,0.,-1.));
#2903=DIRECTION('',(1.,0.,0.));
#2904=DIRECTION('',(0.,0.,-1.));
#2905=DIRECTION('',(-1.,0.,0.));
#2906=DIRECTION('',(0.,0.,1.));
#2907=DIRECTION('',(1.,0.,0.));
#2908=DIRECTION('',(0.,0.,-1.));
#2909=DIRECTION('',(0.,0.,1.));
#2910=DIRECTION('',(1.,0.,0.));
#2911=DIRECTION('',(1.,0.,0.));
#2912=DIRECTION('',(0.,0.,-1.));
#2913=DIRECTION('',(0.,-1.,0.));
#2914=DIRECTION('',(0.,0.,-1.));
#2915=DIRECTION('',(0.,-1.,0.));
#2916=DIRECTION('',(0.,0.,-1.));
#2917=DIRECTION('',(0.,0.,-1.));
#2918=DIRECTION('',(-1.,0.,0.));
#2919=DIRECTION('',(0.,0.,1.));
#2920=DIRECTION('',(1.,0.,0.));
#2921=DIRECTION('',(0.,0.,-1.));
#2922=DIRECTION('',(0.,0.,1.));
#2923=DIRECTION('',(1.,0.,0.));
#2924=DIRECTION('',(0.,1.,0.));
#2925=DIRECTION('',(0.,0.,1.));
#2926=DIRECTION('',(1.,0.,0.));
#2927=DIRECTION('',(0.,0.,-1.));
#2928=DIRECTION('',(1.,0.,0.));
#2929=DIRECTION('',(0.,0.,-1.));
#2930=DIRECTION('',(-1.,0.,0.));
#2931=DIRECTION('',(0.,0.,1.));
#2932=DIRECTION('',(1.,0.,0.));
#2933=DIRECTION('',(0.,0.,-1.));
#2934=DIRECTION('',(0.,0.,1.));
#2935=DIRECTION('',(1.,0.,0.));
#2936=DIRECTION('',(-1.,0.,0.));
#2937=DIRECTION('',(0.,0.,1.));
#2938=DIRECTION('',(0.,1.,0.));
#2939=DIRECTION('',(0.,0.,-1.));
#2940=DIRECTION('',(0.,1.,0.));
#2941=DIRECTION('',(0.,0.,-1.));
#2942=DIRECTION('',(-1.,0.,0.));
#2943=DIRECTION('',(0.,0.,1.));
#2944=DIRECTION('',(1.,0.,0.));
#2945=DIRECTION('',(0.,0.,-1.));
#2946=DIRECTION('',(0.,0.,1.));
#2947=DIRECTION('',(1.,0.,0.));
#2948=DIRECTION('',(0.,-1.,0.));
#2949=DIRECTION('',(0.,0.,-1.));
#2950=DIRECTION('',(-1.,0.,0.));
#2951=DIRECTION('',(0.,0.,-1.));
#2952=DIRECTION('',(-1.,0.,0.));
#2953=DIRECTION('',(1.,0.,0.));
#2954=DIRECTION('',(0.,0.,-1.));
#2955=DIRECTION('',(0.,-1.,0.));
#2956=DIRECTION('',(0.,0.,-1.));
#2957=DIRECTION('',(0.,-1.,0.));
#2958=DIRECTION('',(0.,0.,-1.));
#2959=DIRECTION('',(0.,1.,0.));
#2960=DIRECTION('',(0.,0.,1.));
#2961=DIRECTION('',(1.,0.,0.));
#2962=DIRECTION('',(0.,0.,-1.));
#2963=DIRECTION('',(1.,0.,0.));
#2964=DIRECTION('',(1.,0.,0.));
#2965=DIRECTION('',(0.,0.,-1.));
#2966=DIRECTION('',(0.,-1.,0.));
#2967=DIRECTION('',(0.,0.,-1.));
#2968=DIRECTION('',(0.,-1.,0.));
#2969=DIRECTION('',(1.,0.,0.));
#2970=DIRECTION('',(0.,0.,-1.));
#2971=DIRECTION('',(0.,-1.,0.));
#2972=DIRECTION('',(0.,-1.,0.));
#2973=DIRECTION('',(1.,0.,0.));
#2974=DIRECTION('',(0.,0.,-1.));
#2975=DIRECTION('',(0.,-1.,0.));
#2976=DIRECTION('',(0.,-1.,0.));
#2977=DIRECTION('',(1.,0.,0.));
#2978=DIRECTION('',(0.,0.,-1.));
#2979=DIRECTION('',(0.,-1.,0.));
#2980=DIRECTION('',(0.,-1.,0.));
#2981=DIRECTION('',(1.,0.,0.));
#2982=DIRECTION('',(0.,0.,-1.));
#2983=DIRECTION('',(0.,-1.,0.));
#2984=DIRECTION('',(0.,-1.,0.));
#2985=DIRECTION('',(1.,0.,0.));
#2986=DIRECTION('',(0.,0.,-1.));
#2987=DIRECTION('',(0.,-1.,0.));
#2988=DIRECTION('',(0.,-1.,0.));
#2989=DIRECTION('',(1.,0.,0.));
#2990=DIRECTION('',(0.,0.,-1.));
#2991=DIRECTION('',(0.,-1.,0.));
#2992=DIRECTION('',(0.,-1.,0.));
#2993=DIRECTION('',(1.,0.,0.));
#2994=DIRECTION('',(0.,0.,-1.));
#2995=DIRECTION('',(0.,-1.,0.));
#2996=DIRECTION('',(0.,-1.,0.));
#2997=DIRECTION('',(1.,0.,0.));
#2998=DIRECTION('',(0.,0.,-1.));
#2999=DIRECTION('',(0.,-1.,0.));
#3000=DIRECTION('',(0.,-1.,0.));
#3001=DIRECTION('',(0.,0.,-1.));
#3002=DIRECTION('',(-1.,0.,0.));
#3003=DIRECTION('',(0.,0.,1.));
#3004=DIRECTION('',(1.,0.,0.));
#3005=DIRECTION('',(0.,0.,1.));
#3006=DIRECTION('',(1.,0.,0.));
#3007=DIRECTION('',(0.,0.,-1.));
#3008=DIRECTION('',(-1.,0.,0.));
#3009=DIRECTION('',(0.,0.,1.));
#3010=DIRECTION('',(1.,0.,0.));
#3011=DIRECTION('',(0.,0.,1.));
#3012=DIRECTION('',(1.,0.,0.));
#3013=DIRECTION('',(0.,0.,-1.));
#3014=DIRECTION('',(-1.,0.,0.));
#3015=DIRECTION('',(0.,0.,1.));
#3016=DIRECTION('',(1.,0.,0.));
#3017=DIRECTION('',(0.,0.,1.));
#3018=DIRECTION('',(1.,0.,0.));
#3019=DIRECTION('',(0.,0.,-1.));
#3020=DIRECTION('',(-1.,0.,0.));
#3021=DIRECTION('',(0.,0.,1.));
#3022=DIRECTION('',(1.,0.,0.));
#3023=DIRECTION('',(0.,0.,1.));
#3024=DIRECTION('',(1.,0.,0.));
#3025=DIRECTION('',(0.,0.,-1.));
#3026=DIRECTION('',(-1.,0.,0.));
#3027=DIRECTION('',(0.,0.,1.));
#3028=DIRECTION('',(1.,0.,0.));
#3029=DIRECTION('',(0.,0.,1.));
#3030=DIRECTION('',(1.,0.,0.));
#3031=DIRECTION('',(-2.34997676874346E-16,1.,0.));
#3032=DIRECTION('',(-1.,-2.34997676874346E-16,0.));
#3033=DIRECTION('',(1.,2.34997676874346E-16,0.));
#3034=DIRECTION('',(1.,2.34997676874346E-16,0.));
#3035=DIRECTION('',(1.,0.,0.));
#3036=DIRECTION('',(0.,0.,-1.));
#3037=DIRECTION('',(0.,-1.,0.));
#3038=DIRECTION('',(0.,-1.,0.));
#3039=DIRECTION('',(0.,0.,1.));
#3040=DIRECTION('',(1.,0.,0.));
#3041=DIRECTION('',(0.,0.,1.));
#3042=DIRECTION('',(1.,0.,0.));
#3043=DIRECTION('',(0.,0.,1.));
#3044=DIRECTION('',(1.,0.,0.));
#3045=DIRECTION('',(1.,0.,0.));
#3046=DIRECTION('',(0.,0.,-1.));
#3047=DIRECTION('',(0.,-1.,0.));
#3048=DIRECTION('',(0.,0.,-1.));
#3049=DIRECTION('',(0.,-1.,0.));
#3050=DIRECTION('',(0.,0.,-1.));
#3051=DIRECTION('',(0.,0.,-1.));
#3052=DIRECTION('',(-1.,0.,0.));
#3053=DIRECTION('',(0.,0.,1.));
#3054=DIRECTION('',(1.,0.,0.));
#3055=DIRECTION('',(0.,0.,-1.));
#3056=DIRECTION('',(0.,0.,1.));
#3057=DIRECTION('',(1.,0.,0.));
#3058=DIRECTION('',(0.,1.,0.));
#3059=DIRECTION('',(0.,0.,1.));
#3060=DIRECTION('',(1.,0.,0.));
#3061=DIRECTION('',(0.,0.,-1.));
#3062=DIRECTION('',(1.,0.,0.));
#3063=DIRECTION('',(0.,0.,-1.));
#3064=DIRECTION('',(-1.,0.,0.));
#3065=DIRECTION('',(0.,0.,1.));
#3066=DIRECTION('',(1.,0.,0.));
#3067=DIRECTION('',(0.,0.,-1.));
#3068=DIRECTION('',(0.,0.,1.));
#3069=DIRECTION('',(1.,0.,0.));
#3070=DIRECTION('',(-1.,0.,0.));
#3071=DIRECTION('',(0.,0.,1.));
#3072=DIRECTION('',(0.,0.,-1.));
#3073=DIRECTION('',(0.,-1.,2.89120579329468E-16));
#3074=DIRECTION('',(0.,0.,-1.));
#3075=DIRECTION('',(0.,1.,0.));
#3076=DIRECTION('',(0.,0.,-1.));
#3077=DIRECTION('',(0.,1.,0.));
#3078=DIRECTION('',(0.,1.,0.));
#3079=DIRECTION('',(0.,0.,-1.));
#3080=DIRECTION('',(-1.,0.,0.));
#3081=DIRECTION('',(0.,0.,1.));
#3082=DIRECTION('',(1.,0.,0.));
#3083=DIRECTION('',(0.,0.,-1.));
#3084=DIRECTION('',(0.,0.,1.));
#3085=DIRECTION('',(1.,0.,0.));
#3086=DIRECTION('',(0.,-1.,0.));
#3087=DIRECTION('',(0.,0.,-1.));
#3088=DIRECTION('',(-1.,0.,0.));
#3089=DIRECTION('',(0.,0.,-1.));
#3090=DIRECTION('',(-1.,0.,0.));
#3091=DIRECTION('',(0.,0.,-1.));
#3092=DIRECTION('',(-1.,0.,0.));
#3093=DIRECTION('',(0.,0.,1.));
#3094=DIRECTION('',(1.,0.,0.));
#3095=DIRECTION('',(0.,0.,1.));
#3096=DIRECTION('',(1.,0.,0.));
#3097=DIRECTION('',(0.,0.,-1.));
#3098=DIRECTION('',(-1.,0.,0.));
#3099=DIRECTION('',(0.,0.,1.));
#3100=DIRECTION('',(1.,0.,0.));
#3101=DIRECTION('',(0.,0.,1.));
#3102=DIRECTION('',(1.,0.,0.));
#3103=DIRECTION('',(0.,0.,-1.));
#3104=DIRECTION('',(-1.,0.,0.));
#3105=DIRECTION('',(0.,0.,1.));
#3106=DIRECTION('',(1.,0.,0.));
#3107=DIRECTION('',(0.,0.,1.));
#3108=DIRECTION('',(1.,0.,0.));
#3109=DIRECTION('',(0.,0.,-1.));
#3110=DIRECTION('',(-1.,0.,0.));
#3111=DIRECTION('',(0.,0.,1.));
#3112=DIRECTION('',(1.,0.,0.));
#3113=DIRECTION('',(0.,0.,1.));
#3114=DIRECTION('',(1.,0.,0.));
#3115=DIRECTION('',(0.,0.,-1.));
#3116=DIRECTION('',(-1.,0.,0.));
#3117=DIRECTION('',(0.,0.,1.));
#3118=DIRECTION('',(1.,0.,0.));
#3119=DIRECTION('',(0.,0.,1.));
#3120=DIRECTION('',(1.,0.,0.));
#3121=DIRECTION('',(0.,0.,1.));
#3122=DIRECTION('',(1.,0.,0.));
#3123=DIRECTION('',(0.,-1.,0.));
#3124=DIRECTION('',(-1.,0.,0.));
#3125=DIRECTION('',(-1.,0.,0.));
#3126=DIRECTION('',(1.,0.,0.));
#3127=DIRECTION('',(0.,0.,-1.));
#3128=DIRECTION('',(0.,1.,0.));
#3129=DIRECTION('',(0.,0.,-1.));
#3130=DIRECTION('',(0.,-1.,0.));
#3131=DIRECTION('',(0.,0.,-1.));
#3132=DIRECTION('',(0.,-1.,0.));
#3133=DIRECTION('',(0.,0.,-1.));
#3134=DIRECTION('',(1.,0.,0.));
#3135=DIRECTION('',(0.,0.,-1.));
#3136=DIRECTION('',(-1.,0.,0.));
#3137=DIRECTION('',(-1.,0.,0.));
#3138=DIRECTION('',(0.,0.,1.));
#3139=DIRECTION('',(0.,-1.,0.));
#3140=DIRECTION('',(0.,0.,1.));
#3141=DIRECTION('',(0.,1.,-2.89120579329468E-16));
#3142=DIRECTION('',(0.,0.,1.));
#3143=DIRECTION('',(0.,-1.,0.));
#3144=DIRECTION('',(0.,0.,-1.));
#3145=DIRECTION('',(0.,1.,0.));
#3146=DIRECTION('',(0.,1.,0.));
#3147=DIRECTION('',(0.,0.,1.));
#3148=DIRECTION('',(-1.,0.,0.));
#3149=DIRECTION('',(1.,0.,0.));
#3150=DIRECTION('',(0.,0.,1.));
#3151=DIRECTION('',(1.,0.,0.));
#3152=DIRECTION('',(0.,0.,1.));
#3153=DIRECTION('',(1.,0.,0.));
#3154=DIRECTION('',(0.,-1.,0.));
#3155=DIRECTION('',(-1.,0.,0.));
#3156=DIRECTION('',(0.,0.,1.));
#3157=DIRECTION('',(0.,0.,1.));
#3158=DIRECTION('',(0.,0.,1.));
#3159=DIRECTION('',(0.,1.,0.));
#3160=DIRECTION('',(0.,0.,1.));
#3161=DIRECTION('',(-1.,0.,0.));
#3162=DIRECTION('',(0.,-2.89120579329468E-16,-1.));
#3163=DIRECTION('',(0.,1.,-2.89120579329468E-16));
#3164=DIRECTION('',(-1.,0.,0.));
#3165=DIRECTION('',(0.,1.,0.));
#3166=DIRECTION('',(0.,0.,1.));
#3167=CARTESIAN_POINT('',(0.,0.,0.));
#3168=CARTESIAN_POINT('',(0.01255,-0.0214591369603323,0.016));
#3169=CARTESIAN_POINT('',(0.01255,-0.0214591369603323,0.013));
#3170=CARTESIAN_POINT('',(0.01255,-0.0209591369603323,0.013));
#3171=CARTESIAN_POINT('',(0.01205,-0.0214591369603323,0.013));
#3172=CARTESIAN_POINT('',(0.01255,-0.0209591369603323,0.016));
#3173=CARTESIAN_POINT('',(0.01255,-0.0209591369603323,0.016));
#3174=CARTESIAN_POINT('',(0.01255,-0.0214591369603323,0.016));
#3175=CARTESIAN_POINT('',(0.01205,-0.0214591369603323,0.016));
#3176=CARTESIAN_POINT('',(0.01205,-0.0214591369603323,0.016));
#3177=CARTESIAN_POINT('',(0.01905,-0.0209591369603323,0.016));
#3178=CARTESIAN_POINT('',(0.01905,-0.0209591369603323,0.013));
#3179=CARTESIAN_POINT('',(0.02555,-0.0209591369603323,0.013));
#3180=CARTESIAN_POINT('',(0.02555,-0.0209591369603323,0.016));
#3181=CARTESIAN_POINT('',(0.02555,-0.0209591369603323,0.016));
#3182=CARTESIAN_POINT('',(0.01905,-0.0209591369603323,0.016));
#3183=CARTESIAN_POINT('',(0.02555,-0.0214591369603323,0.016));
#3184=CARTESIAN_POINT('',(0.02555,-0.0214591369603323,0.013));
#3185=CARTESIAN_POINT('',(0.02605,-0.0214591369603323,0.013));
#3186=CARTESIAN_POINT('',(0.02605,-0.0214591369603323,0.016));
#3187=CARTESIAN_POINT('',(0.02605,-0.0214591369603323,0.016));
#3188=CARTESIAN_POINT('',(0.02555,-0.0214591369603323,0.016));
#3189=CARTESIAN_POINT('',(0.02605,-0.0279591369603323,0.016));
#3190=CARTESIAN_POINT('',(0.02605,-0.0279591369603323,0.013));
#3191=CARTESIAN_POINT('',(0.02605,-0.0344591369603323,0.013));
#3192=CARTESIAN_POINT('',(0.02605,-0.0344591369603323,0.016));
#3193=CARTESIAN_POINT('',(0.02605,-0.0344591369603323,0.016));
#3194=CARTESIAN_POINT('',(0.02605,-0.0279591369603323,0.016));
#3195=CARTESIAN_POINT('',(0.02555,-0.0344591369603323,0.016));
#3196=CARTESIAN_POINT('',(0.02555,-0.0344591369603323,0.013));
#3197=CARTESIAN_POINT('',(0.02555,-0.0349591369603323,0.013));
#3198=CARTESIAN_POINT('',(0.02555,-0.0349591369603323,0.016));
#3199=CARTESIAN_POINT('',(0.02555,-0.0349591369603323,0.016));
#3200=CARTESIAN_POINT('',(0.02555,-0.0344591369603323,0.016));
#3201=CARTESIAN_POINT('',(0.01905,-0.0349591369603323,0.016));
#3202=CARTESIAN_POINT('',(0.01905,-0.0349591369603323,0.013));
#3203=CARTESIAN_POINT('',(0.01255,-0.0349591369603323,0.013));
#3204=CARTESIAN_POINT('',(0.01255,-0.0349591369603323,0.016));
#3205=CARTESIAN_POINT('',(0.01255,-0.0349591369603323,0.016));
#3206=CARTESIAN_POINT('',(0.01905,-0.0349591369603323,0.016));
#3207=CARTESIAN_POINT('',(0.01255,-0.0344591369603323,0.016));
#3208=CARTESIAN_POINT('',(0.01255,-0.0344591369603323,0.013));
#3209=CARTESIAN_POINT('',(0.01205,-0.0344591369603323,0.013));
#3210=CARTESIAN_POINT('',(0.01205,-0.0344591369603323,0.016));
#3211=CARTESIAN_POINT('',(0.01205,-0.0344591369603323,0.016));
#3212=CARTESIAN_POINT('',(0.01255,-0.0344591369603323,0.016));
#3213=CARTESIAN_POINT('',(-0.0065,-0.0214591369603323,0.016));
#3214=CARTESIAN_POINT('',(-0.0065,-0.0214591369603323,0.013));
#3215=CARTESIAN_POINT('',(-0.0065,-0.0209591369603323,0.013));
#3216=CARTESIAN_POINT('',(-0.007,-0.0214591369603323,0.013));
#3217=CARTESIAN_POINT('',(-0.0065,-0.0209591369603323,0.016));
#3218=CARTESIAN_POINT('',(-0.0065,-0.0209591369603323,0.016));
#3219=CARTESIAN_POINT('',(-0.0065,-0.0214591369603323,0.016));
#3220=CARTESIAN_POINT('',(-0.007,-0.0214591369603323,0.016));
#3221=CARTESIAN_POINT('',(-0.007,-0.0214591369603323,0.016));
#3222=CARTESIAN_POINT('',(1.7347234759768E-18,-0.0209591369603323,0.016));
#3223=CARTESIAN_POINT('',(1.7347234759768E-18,-0.0209591369603323,0.013));
#3224=CARTESIAN_POINT('',(0.0065,-0.0209591369603323,0.013));
#3225=CARTESIAN_POINT('',(0.0065,-0.0209591369603323,0.016));
#3226=CARTESIAN_POINT('',(0.0065,-0.0209591369603323,0.016));
#3227=CARTESIAN_POINT('',(1.7347234759768E-18,-0.0209591369603323,0.016));
#3228=CARTESIAN_POINT('',(0.0065,-0.0214591369603323,0.016));
#3229=CARTESIAN_POINT('',(0.0065,-0.0214591369603323,0.013));
#3230=CARTESIAN_POINT('',(0.007,-0.0214591369603323,0.013));
#3231=CARTESIAN_POINT('',(0.007,-0.0214591369603323,0.016));
#3232=CARTESIAN_POINT('',(0.007,-0.0214591369603323,0.016));
#3233=CARTESIAN_POINT('',(0.0065,-0.0214591369603323,0.016));
#3234=CARTESIAN_POINT('',(0.007,-0.0279591369603323,0.016));
#3235=CARTESIAN_POINT('',(0.007,-0.0279591369603323,0.013));
#3236=CARTESIAN_POINT('',(0.007,-0.0344591369603323,0.013));
#3237=CARTESIAN_POINT('',(0.007,-0.0344591369603323,0.016));
#3238=CARTESIAN_POINT('',(0.007,-0.0344591369603323,0.016));
#3239=CARTESIAN_POINT('',(0.007,-0.0279591369603323,0.016));
#3240=CARTESIAN_POINT('',(0.0065,-0.0344591369603323,0.016));
#3241=CARTESIAN_POINT('',(0.0065,-0.0344591369603323,0.013));
#3242=CARTESIAN_POINT('',(0.0065,-0.0349591369603323,0.013));
#3243=CARTESIAN_POINT('',(0.0065,-0.0349591369603323,0.016));
#3244=CARTESIAN_POINT('',(0.0065,-0.0349591369603323,0.016));
#3245=CARTESIAN_POINT('',(0.0065,-0.0344591369603323,0.016));
#3246=CARTESIAN_POINT('',(1.7347234759768E-18,-0.0349591369603323,0.016));
#3247=CARTESIAN_POINT('',(1.7347234759768E-18,-0.0349591369603323,0.013));
#3248=CARTESIAN_POINT('',(-0.0065,-0.0349591369603323,0.013));
#3249=CARTESIAN_POINT('',(-0.0065,-0.0349591369603323,0.016));
#3250=CARTESIAN_POINT('',(-0.0065,-0.0349591369603323,0.016));
#3251=CARTESIAN_POINT('',(1.7347234759768E-18,-0.0349591369603323,0.016));
#3252=CARTESIAN_POINT('',(-0.0065,-0.0344591369603323,0.016));
#3253=CARTESIAN_POINT('',(-0.0065,-0.0344591369603323,0.013));
#3254=CARTESIAN_POINT('',(-0.007,-0.0344591369603323,0.013));
#3255=CARTESIAN_POINT('',(-0.007,-0.0344591369603323,0.016));
#3256=CARTESIAN_POINT('',(-0.007,-0.0344591369603323,0.016));
#3257=CARTESIAN_POINT('',(-0.0065,-0.0344591369603323,0.016));
#3258=CARTESIAN_POINT('',(-0.02555,-0.0214591369603323,0.016));
#3259=CARTESIAN_POINT('',(-0.02555,-0.0214591369603323,0.013));
#3260=CARTESIAN_POINT('',(-0.02555,-0.0209591369603323,0.013));
#3261=CARTESIAN_POINT('',(-0.02605,-0.0214591369603323,0.013));
#3262=CARTESIAN_POINT('',(-0.02555,-0.0209591369603323,0.016));
#3263=CARTESIAN_POINT('',(-0.02555,-0.0209591369603323,0.016));
#3264=CARTESIAN_POINT('',(-0.02555,-0.0214591369603323,0.016));
#3265=CARTESIAN_POINT('',(-0.02605,-0.0214591369603323,0.016));
#3266=CARTESIAN_POINT('',(-0.02605,-0.0214591369603323,0.016));
#3267=CARTESIAN_POINT('',(-0.01905,-0.0209591369603323,0.016));
#3268=CARTESIAN_POINT('',(-0.01905,-0.0209591369603323,0.013));
#3269=CARTESIAN_POINT('',(-0.01255,-0.0209591369603323,0.013));
#3270=CARTESIAN_POINT('',(-0.01255,-0.0209591369603323,0.016));
#3271=CARTESIAN_POINT('',(-0.01255,-0.0209591369603323,0.016));
#3272=CARTESIAN_POINT('',(-0.01905,-0.0209591369603323,0.016));
#3273=CARTESIAN_POINT('',(-0.01255,-0.0214591369603323,0.016));
#3274=CARTESIAN_POINT('',(-0.01255,-0.0214591369603323,0.013));
#3275=CARTESIAN_POINT('',(-0.01205,-0.0214591369603323,0.013));
#3276=CARTESIAN_POINT('',(-0.01205,-0.0214591369603323,0.016));
#3277=CARTESIAN_POINT('',(-0.01205,-0.0214591369603323,0.016));
#3278=CARTESIAN_POINT('',(-0.01255,-0.0214591369603323,0.016));
#3279=CARTESIAN_POINT('',(-0.01205,-0.0279591369603323,0.016));
#3280=CARTESIAN_POINT('',(-0.01205,-0.0279591369603323,0.013));
#3281=CARTESIAN_POINT('',(-0.01205,-0.0344591369603323,0.013));
#3282=CARTESIAN_POINT('',(-0.01205,-0.0344591369603323,0.016));
#3283=CARTESIAN_POINT('',(-0.01205,-0.0344591369603323,0.016));
#3284=CARTESIAN_POINT('',(-0.01205,-0.0279591369603323,0.016));
#3285=CARTESIAN_POINT('',(-0.01255,-0.0344591369603323,0.016));
#3286=CARTESIAN_POINT('',(-0.01255,-0.0344591369603323,0.013));
#3287=CARTESIAN_POINT('',(-0.01255,-0.0349591369603323,0.013));
#3288=CARTESIAN_POINT('',(-0.01255,-0.0349591369603323,0.016));
#3289=CARTESIAN_POINT('',(-0.01255,-0.0349591369603323,0.016));
#3290=CARTESIAN_POINT('',(-0.01255,-0.0344591369603323,0.016));
#3291=CARTESIAN_POINT('',(-0.01905,-0.0349591369603323,0.016));
#3292=CARTESIAN_POINT('',(-0.01905,-0.0349591369603323,0.013));
#3293=CARTESIAN_POINT('',(-0.02555,-0.0349591369603323,0.013));
#3294=CARTESIAN_POINT('',(-0.02555,-0.0349591369603323,0.016));
#3295=CARTESIAN_POINT('',(-0.02555,-0.0349591369603323,0.016));
#3296=CARTESIAN_POINT('',(-0.01905,-0.0349591369603323,0.016));
#3297=CARTESIAN_POINT('',(-0.02555,-0.0344591369603323,0.016));
#3298=CARTESIAN_POINT('',(-0.02555,-0.0344591369603323,0.013));
#3299=CARTESIAN_POINT('',(-0.02605,-0.0344591369603323,0.013));
#3300=CARTESIAN_POINT('',(-0.02605,-0.0344591369603323,0.016));
#3301=CARTESIAN_POINT('',(-0.02605,-0.0344591369603323,0.016));
#3302=CARTESIAN_POINT('',(-0.02555,-0.0344591369603323,0.016));
#3303=CARTESIAN_POINT('',(0.01255,-0.00240913696033231,0.016));
#3304=CARTESIAN_POINT('',(0.01255,-0.00240913696033231,0.013));
#3305=CARTESIAN_POINT('',(0.01255,-0.00190913696033231,0.013));
#3306=CARTESIAN_POINT('',(0.01205,-0.00240913696033231,0.013));
#3307=CARTESIAN_POINT('',(0.01255,-0.00190913696033231,0.016));
#3308=CARTESIAN_POINT('',(0.01255,-0.00190913696033231,0.016));
#3309=CARTESIAN_POINT('',(0.01255,-0.00240913696033231,0.016));
#3310=CARTESIAN_POINT('',(0.01205,-0.00240913696033231,0.016));
#3311=CARTESIAN_POINT('',(0.01205,-0.00240913696033231,0.016));
#3312=CARTESIAN_POINT('',(0.01905,-0.00190913696033231,0.016));
#3313=CARTESIAN_POINT('',(0.01905,-0.00190913696033231,0.013));
#3314=CARTESIAN_POINT('',(0.02555,-0.00190913696033231,0.013));
#3315=CARTESIAN_POINT('',(0.02555,-0.00190913696033231,0.016));
#3316=CARTESIAN_POINT('',(0.02555,-0.00190913696033231,0.016));
#3317=CARTESIAN_POINT('',(0.01905,-0.00190913696033231,0.016));
#3318=CARTESIAN_POINT('',(0.02555,-0.00240913696033232,0.016));
#3319=CARTESIAN_POINT('',(0.02555,-0.00240913696033232,0.013));
#3320=CARTESIAN_POINT('',(0.02605,-0.00240913696033231,0.013));
#3321=CARTESIAN_POINT('',(0.02605,-0.00240913696033231,0.016));
#3322=CARTESIAN_POINT('',(0.02605,-0.00240913696033231,0.016));
#3323=CARTESIAN_POINT('',(0.02555,-0.00240913696033232,0.016));
#3324=CARTESIAN_POINT('',(0.02605,-0.00890913696033231,0.016));
#3325=CARTESIAN_POINT('',(0.02605,-0.00890913696033231,0.013));
#3326=CARTESIAN_POINT('',(0.02605,-0.0154091369603323,0.013));
#3327=CARTESIAN_POINT('',(0.02605,-0.0154091369603323,0.016));
#3328=CARTESIAN_POINT('',(0.02605,-0.0154091369603323,0.016));
#3329=CARTESIAN_POINT('',(0.02605,-0.00890913696033231,0.016));
#3330=CARTESIAN_POINT('',(0.02555,-0.0154091369603323,0.016));
#3331=CARTESIAN_POINT('',(0.02555,-0.0154091369603323,0.013));
#3332=CARTESIAN_POINT('',(0.02555,-0.0159091369603323,0.013));
#3333=CARTESIAN_POINT('',(0.02555,-0.0159091369603323,0.016));
#3334=CARTESIAN_POINT('',(0.02555,-0.0159091369603323,0.016));
#3335=CARTESIAN_POINT('',(0.02555,-0.0154091369603323,0.016));
#3336=CARTESIAN_POINT('',(0.01905,-0.0159091369603323,0.016));
#3337=CARTESIAN_POINT('',(0.01905,-0.0159091369603323,0.013));
#3338=CARTESIAN_POINT('',(0.01255,-0.0159091369603323,0.013));
#3339=CARTESIAN_POINT('',(0.01255,-0.0159091369603323,0.016));
#3340=CARTESIAN_POINT('',(0.01255,-0.0159091369603323,0.016));
#3341=CARTESIAN_POINT('',(0.01905,-0.0159091369603323,0.016));
#3342=CARTESIAN_POINT('',(0.01255,-0.0154091369603323,0.016));
#3343=CARTESIAN_POINT('',(0.01255,-0.0154091369603323,0.013));
#3344=CARTESIAN_POINT('',(0.01205,-0.0154091369603323,0.013));
#3345=CARTESIAN_POINT('',(0.01205,-0.0154091369603323,0.016));
#3346=CARTESIAN_POINT('',(0.01205,-0.0154091369603323,0.016));
#3347=CARTESIAN_POINT('',(0.01255,-0.0154091369603323,0.016));
#3348=CARTESIAN_POINT('',(-0.0065,-0.00240913696033231,0.016));
#3349=CARTESIAN_POINT('',(-0.0065,-0.00240913696033231,0.013));
#3350=CARTESIAN_POINT('',(-0.0065,-0.00190913696033231,0.013));
#3351=CARTESIAN_POINT('',(-0.007,-0.00240913696033231,0.013));
#3352=CARTESIAN_POINT('',(-0.0065,-0.00190913696033231,0.016));
#3353=CARTESIAN_POINT('',(-0.0065,-0.00190913696033231,0.016));
#3354=CARTESIAN_POINT('',(-0.0065,-0.00240913696033231,0.016));
#3355=CARTESIAN_POINT('',(-0.007,-0.00240913696033231,0.016));
#3356=CARTESIAN_POINT('',(-0.007,-0.00240913696033231,0.016));
#3357=CARTESIAN_POINT('',(1.7347234759768E-18,-0.00190913696033231,0.016));
#3358=CARTESIAN_POINT('',(1.7347234759768E-18,-0.00190913696033231,0.013));
#3359=CARTESIAN_POINT('',(0.0065,-0.00190913696033231,0.013));
#3360=CARTESIAN_POINT('',(0.0065,-0.00190913696033231,0.016));
#3361=CARTESIAN_POINT('',(0.0065,-0.00190913696033231,0.016));
#3362=CARTESIAN_POINT('',(1.7347234759768E-18,-0.00190913696033231,0.016));
#3363=CARTESIAN_POINT('',(0.0065,-0.00240913696033231,0.016));
#3364=CARTESIAN_POINT('',(0.0065,-0.00240913696033231,0.013));
#3365=CARTESIAN_POINT('',(0.007,-0.00240913696033231,0.013));
#3366=CARTESIAN_POINT('',(0.007,-0.00240913696033231,0.016));
#3367=CARTESIAN_POINT('',(0.007,-0.00240913696033231,0.016));
#3368=CARTESIAN_POINT('',(0.0065,-0.00240913696033231,0.016));
#3369=CARTESIAN_POINT('',(0.007,-0.00890913696033231,0.016));
#3370=CARTESIAN_POINT('',(0.007,-0.00890913696033231,0.013));
#3371=CARTESIAN_POINT('',(0.007,-0.0154091369603323,0.013));
#3372=CARTESIAN_POINT('',(0.007,-0.0154091369603323,0.016));
#3373=CARTESIAN_POINT('',(0.007,-0.0154091369603323,0.016));
#3374=CARTESIAN_POINT('',(0.007,-0.00890913696033231,0.016));
#3375=CARTESIAN_POINT('',(0.0065,-0.0154091369603323,0.016));
#3376=CARTESIAN_POINT('',(0.0065,-0.0154091369603323,0.013));
#3377=CARTESIAN_POINT('',(0.0065,-0.0159091369603323,0.013));
#3378=CARTESIAN_POINT('',(0.0065,-0.0159091369603323,0.016));
#3379=CARTESIAN_POINT('',(0.0065,-0.0159091369603323,0.016));
#3380=CARTESIAN_POINT('',(0.0065,-0.0154091369603323,0.016));
#3381=CARTESIAN_POINT('',(1.7347234759768E-18,-0.0159091369603323,0.016));
#3382=CARTESIAN_POINT('',(1.7347234759768E-18,-0.0159091369603323,0.013));
#3383=CARTESIAN_POINT('',(-0.0065,-0.0159091369603323,0.013));
#3384=CARTESIAN_POINT('',(-0.0065,-0.0159091369603323,0.016));
#3385=CARTESIAN_POINT('',(-0.0065,-0.0159091369603323,0.016));
#3386=CARTESIAN_POINT('',(1.7347234759768E-18,-0.0159091369603323,0.016));
#3387=CARTESIAN_POINT('',(-0.0065,-0.0154091369603323,0.016));
#3388=CARTESIAN_POINT('',(-0.0065,-0.0154091369603323,0.013));
#3389=CARTESIAN_POINT('',(-0.007,-0.0154091369603323,0.013));
#3390=CARTESIAN_POINT('',(-0.007,-0.0154091369603323,0.016));
#3391=CARTESIAN_POINT('',(-0.007,-0.0154091369603323,0.016));
#3392=CARTESIAN_POINT('',(-0.0065,-0.0154091369603323,0.016));
#3393=CARTESIAN_POINT('',(-0.02555,-0.00240913696033232,0.016));
#3394=CARTESIAN_POINT('',(-0.02555,-0.00240913696033232,0.013));
#3395=CARTESIAN_POINT('',(-0.02555,-0.00190913696033231,0.013));
#3396=CARTESIAN_POINT('',(-0.02605,-0.00240913696033231,0.013));
#3397=CARTESIAN_POINT('',(-0.02555,-0.00190913696033231,0.016));
#3398=CARTESIAN_POINT('',(-0.02555,-0.00190913696033231,0.016));
#3399=CARTESIAN_POINT('',(-0.02555,-0.00240913696033232,0.016));
#3400=CARTESIAN_POINT('',(-0.02605,-0.00240913696033231,0.016));
#3401=CARTESIAN_POINT('',(-0.02605,-0.00240913696033231,0.016));
#3402=CARTESIAN_POINT('',(-0.01905,-0.00190913696033231,0.016));
#3403=CARTESIAN_POINT('',(-0.01905,-0.00190913696033231,0.013));
#3404=CARTESIAN_POINT('',(-0.01255,-0.00190913696033231,0.013));
#3405=CARTESIAN_POINT('',(-0.01255,-0.00190913696033231,0.016));
#3406=CARTESIAN_POINT('',(-0.01255,-0.00190913696033231,0.016));
#3407=CARTESIAN_POINT('',(-0.01905,-0.00190913696033231,0.016));
#3408=CARTESIAN_POINT('',(-0.01255,-0.00240913696033231,0.016));
#3409=CARTESIAN_POINT('',(-0.01255,-0.00240913696033231,0.013));
#3410=CARTESIAN_POINT('',(-0.01205,-0.00240913696033231,0.013));
#3411=CARTESIAN_POINT('',(-0.01205,-0.00240913696033231,0.016));
#3412=CARTESIAN_POINT('',(-0.01205,-0.00240913696033231,0.016));
#3413=CARTESIAN_POINT('',(-0.01255,-0.00240913696033231,0.016));
#3414=CARTESIAN_POINT('',(-0.01205,-0.00890913696033231,0.016));
#3415=CARTESIAN_POINT('',(-0.01205,-0.00890913696033231,0.013));
#3416=CARTESIAN_POINT('',(-0.01205,-0.0154091369603323,0.013));
#3417=CARTESIAN_POINT('',(-0.01205,-0.0154091369603323,0.016));
#3418=CARTESIAN_POINT('',(-0.01205,-0.0154091369603323,0.016));
#3419=CARTESIAN_POINT('',(-0.01205,-0.00890913696033231,0.016));
#3420=CARTESIAN_POINT('',(-0.01255,-0.0154091369603323,0.016));
#3421=CARTESIAN_POINT('',(-0.01255,-0.0154091369603323,0.013));
#3422=CARTESIAN_POINT('',(-0.01255,-0.0159091369603323,0.013));
#3423=CARTESIAN_POINT('',(-0.01255,-0.0159091369603323,0.016));
#3424=CARTESIAN_POINT('',(-0.01255,-0.0159091369603323,0.016));
#3425=CARTESIAN_POINT('',(-0.01255,-0.0154091369603323,0.016));
#3426=CARTESIAN_POINT('',(-0.01905,-0.0159091369603323,0.016));
#3427=CARTESIAN_POINT('',(-0.01905,-0.0159091369603323,0.013));
#3428=CARTESIAN_POINT('',(-0.02555,-0.0159091369603323,0.013));
#3429=CARTESIAN_POINT('',(-0.02555,-0.0159091369603323,0.016));
#3430=CARTESIAN_POINT('',(-0.02555,-0.0159091369603323,0.016));
#3431=CARTESIAN_POINT('',(-0.01905,-0.0159091369603323,0.016));
#3432=CARTESIAN_POINT('',(-0.02555,-0.0154091369603323,0.016));
#3433=CARTESIAN_POINT('',(-0.02555,-0.0154091369603323,0.013));
#3434=CARTESIAN_POINT('',(-0.02605,-0.0154091369603323,0.013));
#3435=CARTESIAN_POINT('',(-0.02605,-0.0154091369603323,0.016));
#3436=CARTESIAN_POINT('',(-0.02605,-0.0154091369603323,0.016));
#3437=CARTESIAN_POINT('',(-0.02555,-0.0154091369603323,0.016));
#3438=CARTESIAN_POINT('',(0.01255,0.0166408630396677,0.016));
#3439=CARTESIAN_POINT('',(0.01255,0.0166408630396677,0.013));
#3440=CARTESIAN_POINT('',(0.01255,0.0171408630396677,0.013));
#3441=CARTESIAN_POINT('',(0.01205,0.0166408630396677,0.013));
#3442=CARTESIAN_POINT('',(0.01255,0.0171408630396677,0.016));
#3443=CARTESIAN_POINT('',(0.01255,0.0171408630396677,0.016));
#3444=CARTESIAN_POINT('',(0.01255,0.0166408630396677,0.016));
#3445=CARTESIAN_POINT('',(0.01205,0.0166408630396677,0.016));
#3446=CARTESIAN_POINT('',(0.01205,0.0166408630396677,0.016));
#3447=CARTESIAN_POINT('',(0.01905,0.0171408630396677,0.016));
#3448=CARTESIAN_POINT('',(0.01905,0.0171408630396677,0.013));
#3449=CARTESIAN_POINT('',(0.02555,0.0171408630396677,0.013));
#3450=CARTESIAN_POINT('',(0.02555,0.0171408630396677,0.016));
#3451=CARTESIAN_POINT('',(0.02555,0.0171408630396677,0.016));
#3452=CARTESIAN_POINT('',(0.01905,0.0171408630396677,0.016));
#3453=CARTESIAN_POINT('',(0.02555,0.0166408630396677,0.016));
#3454=CARTESIAN_POINT('',(0.02555,0.0166408630396677,0.013));
#3455=CARTESIAN_POINT('',(0.02605,0.0166408630396677,0.013));
#3456=CARTESIAN_POINT('',(0.02605,0.0166408630396677,0.016));
#3457=CARTESIAN_POINT('',(0.02605,0.0166408630396677,0.016));
#3458=CARTESIAN_POINT('',(0.02555,0.0166408630396677,0.016));
#3459=CARTESIAN_POINT('',(0.02605,0.0101408630396677,0.016));
#3460=CARTESIAN_POINT('',(0.02605,0.0101408630396677,0.013));
#3461=CARTESIAN_POINT('',(0.02605,0.00364086303966769,0.013));
#3462=CARTESIAN_POINT('',(0.02605,0.00364086303966769,0.016));
#3463=CARTESIAN_POINT('',(0.02605,0.00364086303966769,0.016));
#3464=CARTESIAN_POINT('',(0.02605,0.0101408630396677,0.016));
#3465=CARTESIAN_POINT('',(0.02555,0.0036408630396677,0.016));
#3466=CARTESIAN_POINT('',(0.02555,0.0036408630396677,0.013));
#3467=CARTESIAN_POINT('',(0.02555,0.00314086303966769,0.013));
#3468=CARTESIAN_POINT('',(0.02555,0.00314086303966769,0.016));
#3469=CARTESIAN_POINT('',(0.02555,0.00314086303966769,0.016));
#3470=CARTESIAN_POINT('',(0.02555,0.0036408630396677,0.016));
#3471=CARTESIAN_POINT('',(0.01905,0.0031408630396677,0.016));
#3472=CARTESIAN_POINT('',(0.01905,0.0031408630396677,0.013));
#3473=CARTESIAN_POINT('',(0.01255,0.0031408630396677,0.013));
#3474=CARTESIAN_POINT('',(0.01255,0.0031408630396677,0.016));
#3475=CARTESIAN_POINT('',(0.01255,0.0031408630396677,0.016));
#3476=CARTESIAN_POINT('',(0.01905,0.0031408630396677,0.016));
#3477=CARTESIAN_POINT('',(0.01255,0.00364086303966769,0.016));
#3478=CARTESIAN_POINT('',(0.01255,0.00364086303966769,0.013));
#3479=CARTESIAN_POINT('',(0.01205,0.00364086303966769,0.013));
#3480=CARTESIAN_POINT('',(0.01205,0.00364086303966769,0.016));
#3481=CARTESIAN_POINT('',(0.01205,0.00364086303966769,0.016));
#3482=CARTESIAN_POINT('',(0.01255,0.00364086303966769,0.016));
#3483=CARTESIAN_POINT('',(-0.0065,0.0166408630396677,0.016));
#3484=CARTESIAN_POINT('',(-0.0065,0.0166408630396677,0.013));
#3485=CARTESIAN_POINT('',(-0.0065,0.0171408630396677,0.013));
#3486=CARTESIAN_POINT('',(-0.007,0.0166408630396677,0.013));
#3487=CARTESIAN_POINT('',(-0.0065,0.0171408630396677,0.016));
#3488=CARTESIAN_POINT('',(-0.0065,0.0171408630396677,0.016));
#3489=CARTESIAN_POINT('',(-0.0065,0.0166408630396677,0.016));
#3490=CARTESIAN_POINT('',(-0.007,0.0166408630396677,0.016));
#3491=CARTESIAN_POINT('',(-0.007,0.0166408630396677,0.016));
#3492=CARTESIAN_POINT('',(1.7347234759768E-18,0.0171408630396677,0.016));
#3493=CARTESIAN_POINT('',(1.7347234759768E-18,0.0171408630396677,0.013));
#3494=CARTESIAN_POINT('',(0.0065,0.0171408630396677,0.013));
#3495=CARTESIAN_POINT('',(0.0065,0.0171408630396677,0.016));
#3496=CARTESIAN_POINT('',(0.0065,0.0171408630396677,0.016));
#3497=CARTESIAN_POINT('',(1.7347234759768E-18,0.0171408630396677,0.016));
#3498=CARTESIAN_POINT('',(0.0065,0.0166408630396677,0.016));
#3499=CARTESIAN_POINT('',(0.0065,0.0166408630396677,0.013));
#3500=CARTESIAN_POINT('',(0.007,0.0166408630396677,0.013));
#3501=CARTESIAN_POINT('',(0.007,0.0166408630396677,0.016));
#3502=CARTESIAN_POINT('',(0.007,0.0166408630396677,0.016));
#3503=CARTESIAN_POINT('',(0.0065,0.0166408630396677,0.016));
#3504=CARTESIAN_POINT('',(0.007,0.0101408630396677,0.016));
#3505=CARTESIAN_POINT('',(0.007,0.0101408630396677,0.013));
#3506=CARTESIAN_POINT('',(0.007,0.00364086303966769,0.013));
#3507=CARTESIAN_POINT('',(0.007,0.00364086303966769,0.016));
#3508=CARTESIAN_POINT('',(0.007,0.00364086303966769,0.016));
#3509=CARTESIAN_POINT('',(0.007,0.0101408630396677,0.016));
#3510=CARTESIAN_POINT('',(0.0065,0.0036408630396677,0.016));
#3511=CARTESIAN_POINT('',(0.0065,0.0036408630396677,0.013));
#3512=CARTESIAN_POINT('',(0.0065,0.00314086303966769,0.013));
#3513=CARTESIAN_POINT('',(0.0065,0.00314086303966769,0.016));
#3514=CARTESIAN_POINT('',(0.0065,0.00314086303966769,0.016));
#3515=CARTESIAN_POINT('',(0.0065,0.0036408630396677,0.016));
#3516=CARTESIAN_POINT('',(1.7347234759768E-18,0.0031408630396677,0.016));
#3517=CARTESIAN_POINT('',(1.7347234759768E-18,0.0031408630396677,0.013));
#3518=CARTESIAN_POINT('',(-0.0065,0.0031408630396677,0.013));
#3519=CARTESIAN_POINT('',(-0.0065,0.0031408630396677,0.016));
#3520=CARTESIAN_POINT('',(-0.0065,0.0031408630396677,0.016));
#3521=CARTESIAN_POINT('',(1.7347234759768E-18,0.0031408630396677,0.016));
#3522=CARTESIAN_POINT('',(-0.0065,0.00364086303966769,0.016));
#3523=CARTESIAN_POINT('',(-0.0065,0.00364086303966769,0.013));
#3524=CARTESIAN_POINT('',(-0.007,0.00364086303966769,0.013));
#3525=CARTESIAN_POINT('',(-0.007,0.00364086303966769,0.016));
#3526=CARTESIAN_POINT('',(-0.007,0.00364086303966769,0.016));
#3527=CARTESIAN_POINT('',(-0.0065,0.00364086303966769,0.016));
#3528=CARTESIAN_POINT('',(-0.02555,0.0166408630396677,0.016));
#3529=CARTESIAN_POINT('',(-0.02555,0.0166408630396677,0.013));
#3530=CARTESIAN_POINT('',(-0.02555,0.0171408630396677,0.013));
#3531=CARTESIAN_POINT('',(-0.02605,0.0166408630396677,0.013));
#3532=CARTESIAN_POINT('',(-0.02555,0.0171408630396677,0.016));
#3533=CARTESIAN_POINT('',(-0.02555,0.0171408630396677,0.016));
#3534=CARTESIAN_POINT('',(-0.02555,0.0166408630396677,0.016));
#3535=CARTESIAN_POINT('',(-0.02605,0.0166408630396677,0.016));
#3536=CARTESIAN_POINT('',(-0.02605,0.0166408630396677,0.016));
#3537=CARTESIAN_POINT('',(-0.01905,0.0171408630396677,0.016));
#3538=CARTESIAN_POINT('',(-0.01905,0.0171408630396677,0.013));
#3539=CARTESIAN_POINT('',(-0.01255,0.0171408630396677,0.013));
#3540=CARTESIAN_POINT('',(-0.01255,0.0171408630396677,0.016));
#3541=CARTESIAN_POINT('',(-0.01255,0.0171408630396677,0.016));
#3542=CARTESIAN_POINT('',(-0.01905,0.0171408630396677,0.016));
#3543=CARTESIAN_POINT('',(-0.01255,0.0166408630396677,0.016));
#3544=CARTESIAN_POINT('',(-0.01255,0.0166408630396677,0.013));
#3545=CARTESIAN_POINT('',(-0.01205,0.0166408630396677,0.013));
#3546=CARTESIAN_POINT('',(-0.01205,0.0166408630396677,0.016));
#3547=CARTESIAN_POINT('',(-0.01205,0.0166408630396677,0.016));
#3548=CARTESIAN_POINT('',(-0.01255,0.0166408630396677,0.016));
#3549=CARTESIAN_POINT('',(-0.01205,0.0101408630396677,0.016));
#3550=CARTESIAN_POINT('',(-0.01205,0.0101408630396677,0.013));
#3551=CARTESIAN_POINT('',(-0.01205,0.00364086303966769,0.013));
#3552=CARTESIAN_POINT('',(-0.01205,0.00364086303966769,0.016));
#3553=CARTESIAN_POINT('',(-0.01205,0.00364086303966769,0.016));
#3554=CARTESIAN_POINT('',(-0.01205,0.0101408630396677,0.016));
#3555=CARTESIAN_POINT('',(-0.01255,0.00364086303966769,0.016));
#3556=CARTESIAN_POINT('',(-0.01255,0.00364086303966769,0.013));
#3557=CARTESIAN_POINT('',(-0.01255,0.00314086303966769,0.013));
#3558=CARTESIAN_POINT('',(-0.01255,0.00314086303966769,0.016));
#3559=CARTESIAN_POINT('',(-0.01255,0.00314086303966769,0.016));
#3560=CARTESIAN_POINT('',(-0.01255,0.00364086303966769,0.016));
#3561=CARTESIAN_POINT('',(-0.01905,0.0031408630396677,0.016));
#3562=CARTESIAN_POINT('',(-0.01905,0.0031408630396677,0.013));
#3563=CARTESIAN_POINT('',(-0.02555,0.0031408630396677,0.013));
#3564=CARTESIAN_POINT('',(-0.02555,0.0031408630396677,0.016));
#3565=CARTESIAN_POINT('',(-0.02555,0.0031408630396677,0.016));
#3566=CARTESIAN_POINT('',(-0.01905,0.0031408630396677,0.016));
#3567=CARTESIAN_POINT('',(-0.02555,0.0036408630396677,0.016));
#3568=CARTESIAN_POINT('',(-0.02555,0.0036408630396677,0.013));
#3569=CARTESIAN_POINT('',(-0.02605,0.00364086303966769,0.013));
#3570=CARTESIAN_POINT('',(-0.02605,0.00364086303966769,0.016));
#3571=CARTESIAN_POINT('',(-0.02605,0.00364086303966769,0.016));
#3572=CARTESIAN_POINT('',(-0.02555,0.0036408630396677,0.016));
#3573=CARTESIAN_POINT('',(0.0411034118504013,-0.000239761960332294,0.016));
#3574=CARTESIAN_POINT('',(0.0411034118504013,-0.000239761960332294,0.013));
#3575=CARTESIAN_POINT('',(0.0411034118504013,0.0440046130396677,0.013));
#3576=CARTESIAN_POINT('',(0.0411034118504013,-0.0444841369603323,0.013));
#3577=CARTESIAN_POINT('',(0.0411034118504013,0.0440046130396677,0.016));
#3578=CARTESIAN_POINT('',(0.0411034118504013,0.0440046130396677,0.016));
#3579=CARTESIAN_POINT('',(0.0411034118504013,-0.000239761960332294,0.016));
#3580=CARTESIAN_POINT('',(0.0411034118504013,-0.0444841369603323,0.016));
#3581=CARTESIAN_POINT('',(0.0411034118504013,-0.0444841369603323,0.016));
#3582=CARTESIAN_POINT('',(0.0361034118504013,0.0440046130396677,0.016));
#3583=CARTESIAN_POINT('',(0.0361034118504013,0.0440046130396677,0.013));
#3584=CARTESIAN_POINT('',(0.0361034118504013,0.0490046130396677,0.013));
#3585=CARTESIAN_POINT('',(0.0361034118504013,0.0490046130396677,0.016));
#3586=CARTESIAN_POINT('',(0.0361034118504013,0.0490046130396677,0.016));
#3587=CARTESIAN_POINT('',(0.0361034118504013,0.0440046130396677,0.016));
#3588=CARTESIAN_POINT('',(-5.28381495987045E-5,0.0490046130396677,0.016));
#3589=CARTESIAN_POINT('',(-5.28381495987045E-5,0.0490046130396677,0.013));
#3590=CARTESIAN_POINT('',(-0.0362090881495987,0.0490046130396677,0.013));
#3591=CARTESIAN_POINT('',(-0.0362090881495987,0.0490046130396677,0.016));
#3592=CARTESIAN_POINT('',(-0.0362090881495987,0.0490046130396677,0.016));
#3593=CARTESIAN_POINT('',(-5.28381495987045E-5,0.0490046130396677,0.016));
#3594=CARTESIAN_POINT('',(-0.0362090881495987,0.0440046130396677,0.016));
#3595=CARTESIAN_POINT('',(-0.0362090881495987,0.0440046130396677,0.013));
#3596=CARTESIAN_POINT('',(-0.0412090881495987,0.0440046130396677,0.013));
#3597=CARTESIAN_POINT('',(-0.0412090881495987,0.0440046130396677,0.016));
#3598=CARTESIAN_POINT('',(-0.0412090881495987,0.0440046130396677,0.016));
#3599=CARTESIAN_POINT('',(-0.0362090881495987,0.0440046130396677,0.016));
#3600=CARTESIAN_POINT('',(-0.0412090881495987,-0.000239761960332309,0.016));
#3601=CARTESIAN_POINT('',(-0.0412090881495987,-0.000239761960332309,0.013));
#3602=CARTESIAN_POINT('',(-0.0412090881495987,-0.0444841369603323,0.013));
#3603=CARTESIAN_POINT('',(-0.0412090881495987,-0.0444841369603323,0.016));
#3604=CARTESIAN_POINT('',(-0.0412090881495987,-0.0444841369603323,0.016));
#3605=CARTESIAN_POINT('',(-0.0412090881495987,-0.000239761960332309,0.016));
#3606=CARTESIAN_POINT('',(-0.0362090881495987,-0.0444841369603323,0.016));
#3607=CARTESIAN_POINT('',(-0.0362090881495987,-0.0444841369603323,0.013));
#3608=CARTESIAN_POINT('',(-0.0362090881495987,-0.0494841369603323,0.013));
#3609=CARTESIAN_POINT('',(-0.0362090881495987,-0.0494841369603323,0.016));
#3610=CARTESIAN_POINT('',(-0.0362090881495987,-0.0494841369603323,0.016));
#3611=CARTESIAN_POINT('',(-0.0362090881495987,-0.0444841369603323,0.016));
#3612=CARTESIAN_POINT('',(-5.28381495987045E-5,-0.0494841369603323,0.016));
#3613=CARTESIAN_POINT('',(-5.28381495987045E-5,-0.0494841369603323,0.013));
#3614=CARTESIAN_POINT('',(0.0361034118504013,-0.0494841369603323,0.013));
#3615=CARTESIAN_POINT('',(0.0361034118504013,-0.0494841369603323,0.016));
#3616=CARTESIAN_POINT('',(0.0361034118504013,-0.0494841369603323,0.016));
#3617=CARTESIAN_POINT('',(-5.28381495987045E-5,-0.0494841369603323,0.016));
#3618=CARTESIAN_POINT('',(-0.0140090881495987,0.0297936412560022,0.016));
#3619=CARTESIAN_POINT('',(-0.0140090881495987,0.0297936412560022,0.013));
#3620=CARTESIAN_POINT('',(-0.0140090881495987,0.0349761130396677,0.013));
#3621=CARTESIAN_POINT('',(-0.0140090881495987,0.0246111694723368,0.013));
#3622=CARTESIAN_POINT('',(-0.0140090881495987,0.0349761130396677,0.016));
#3623=CARTESIAN_POINT('',(-0.0140090881495987,0.0349761130396677,0.016));
#3624=CARTESIAN_POINT('',(-0.0140090881495987,0.0297936412560022,0.016));
#3625=CARTESIAN_POINT('',(-0.0140090881495987,0.0246111694723368,0.016));
#3626=CARTESIAN_POINT('',(-0.0140090881495987,0.0246111694723368,0.016));
#3627=CARTESIAN_POINT('',(0.0007546618504013,0.0349761130396677,0.016));
#3628=CARTESIAN_POINT('',(0.0007546618504013,0.0349761130396677,0.013));
#3629=CARTESIAN_POINT('',(0.0155184118504013,0.0349761130396677,0.013));
#3630=CARTESIAN_POINT('',(0.0155184118504013,0.0349761130396677,0.016));
#3631=CARTESIAN_POINT('',(0.0155184118504013,0.0349761130396677,0.016));
#3632=CARTESIAN_POINT('',(0.0007546618504013,0.0349761130396677,0.016));
#3633=CARTESIAN_POINT('',(0.0155184118504013,0.0297936412560022,0.016));
#3634=CARTESIAN_POINT('',(0.0155184118504013,0.0297936412560022,0.013));
#3635=CARTESIAN_POINT('',(0.0155184118504013,0.0246111694723368,0.013));
#3636=CARTESIAN_POINT('',(0.0155184118504013,0.0246111694723368,0.016));
#3637=CARTESIAN_POINT('',(0.0155184118504013,0.0246111694723368,0.016));
#3638=CARTESIAN_POINT('',(0.0155184118504013,0.0297936412560022,0.016));
#3639=CARTESIAN_POINT('',(-0.007,-0.0279591369603323,0.016));
#3640=CARTESIAN_POINT('',(-0.007,-0.0279591369603323,0.013));
#3641=CARTESIAN_POINT('',(-0.007,-0.0279591369603323,0.016));
#3642=CARTESIAN_POINT('',(-0.02605,-0.0279591369603323,0.016));
#3643=CARTESIAN_POINT('',(-0.02605,-0.0279591369603323,0.013));
#3644=CARTESIAN_POINT('',(-0.02605,-0.0279591369603323,0.016));
#3645=CARTESIAN_POINT('',(0.01205,-0.00890913696033231,0.016));
#3646=CARTESIAN_POINT('',(0.01205,-0.00890913696033231,0.013));
#3647=CARTESIAN_POINT('',(0.01205,-0.00890913696033231,0.016));
#3648=CARTESIAN_POINT('',(-0.007,-0.00890913696033231,0.016));
#3649=CARTESIAN_POINT('',(-0.007,-0.00890913696033231,0.013));
#3650=CARTESIAN_POINT('',(-0.007,-0.00890913696033231,0.016));
#3651=CARTESIAN_POINT('',(-0.02605,-0.00890913696033231,0.016));
#3652=CARTESIAN_POINT('',(-0.02605,-0.00890913696033231,0.013));
#3653=CARTESIAN_POINT('',(-0.02605,-0.00890913696033231,0.016));
#3654=CARTESIAN_POINT('',(0.01205,0.0101408630396677,0.016));
#3655=CARTESIAN_POINT('',(0.01205,0.0101408630396677,0.013));
#3656=CARTESIAN_POINT('',(0.01205,0.0101408630396677,0.016));
#3657=CARTESIAN_POINT('',(-0.007,0.0101408630396677,0.016));
#3658=CARTESIAN_POINT('',(-0.007,0.0101408630396677,0.013));
#3659=CARTESIAN_POINT('',(-0.007,0.0101408630396677,0.016));
#3660=CARTESIAN_POINT('',(-0.02605,0.0101408630396677,0.016));
#3661=CARTESIAN_POINT('',(-0.02605,0.0101408630396677,0.013));
#3662=CARTESIAN_POINT('',(-0.02605,0.0101408630396677,0.016));
#3663=CARTESIAN_POINT('',(0.0361034118504013,-0.0444841369603323,0.016));
#3664=CARTESIAN_POINT('',(0.0361034118504013,-0.0444841369603323,0.013));
#3665=CARTESIAN_POINT('',(0.0361034118504013,-0.0444841369603323,0.016));
#3666=CARTESIAN_POINT('',(0.0353711788033677,0.0432723799926341,0.016));
#3667=CARTESIAN_POINT('',(0.0353711788033677,0.0432723799926341,0.016));
#3668=CARTESIAN_POINT('',(0.0368211788033677,0.0432723799926341,0.016));
#3669=CARTESIAN_POINT('',(0.0353711788033677,0.0432723799926341,0.013));
#3670=CARTESIAN_POINT('',(0.0368211788033677,0.0432723799926341,0.013));
#3671=CARTESIAN_POINT('',(-0.0354768551025651,-0.0437519039132986,0.016));
#3672=CARTESIAN_POINT('',(-0.0354768551025651,-0.0437519039132986,0.016));
#3673=CARTESIAN_POINT('',(-0.0340268551025651,-0.0437519039132986,0.016));
#3674=CARTESIAN_POINT('',(-0.0354768551025651,-0.0437519039132986,0.013));
#3675=CARTESIAN_POINT('',(-0.0340268551025651,-0.0437519039132986,0.013));
#3676=CARTESIAN_POINT('',(0.0353711788033677,-0.0437519039132986,0.016));
#3677=CARTESIAN_POINT('',(0.0353711788033677,-0.0437519039132986,0.016));
#3678=CARTESIAN_POINT('',(0.0368211788033677,-0.0437519039132986,0.016));
#3679=CARTESIAN_POINT('',(0.0353711788033677,-0.0437519039132986,0.013));
#3680=CARTESIAN_POINT('',(0.0368211788033677,-0.0437519039132986,0.013));
#3681=CARTESIAN_POINT('',(-0.0354768551025651,0.0432723799926341,0.016));
#3682=CARTESIAN_POINT('',(-0.0354768551025651,0.0432723799926341,0.016));
#3683=CARTESIAN_POINT('',(-0.0339705424093883,0.0432723799926341,0.016));
#3684=CARTESIAN_POINT('',(-0.0354768551025651,0.0432723799926341,0.013));
#3685=CARTESIAN_POINT('',(-0.0339705424093883,0.0432723799926341,0.013));
#3686=CARTESIAN_POINT('',(0.0007546618504013,0.0246111694723368,0.016));
#3687=CARTESIAN_POINT('',(0.0007546618504013,0.0246111694723368,0.013));
#3688=CARTESIAN_POINT('',(0.0007546618504013,0.0246111694723368,0.016));
#3689=CARTESIAN_POINT('',(0.01205,-0.0279591369603323,0.016));
#3690=CARTESIAN_POINT('',(0.01205,-0.0279591369603323,0.013));
#3691=CARTESIAN_POINT('',(0.01205,-0.0279591369603323,0.016));
#3692=CARTESIAN_POINT('',(-5.2838149598701E-5,-0.000239761960332298,0.016));
#3693=CARTESIAN_POINT('',(-5.2838149598701E-5,-0.000239761960332298,0.013));
#3694=CARTESIAN_POINT('',(0.,0.,0.));
#3695=CARTESIAN_POINT('',(0.0411034118504013,-0.000239761960332294,0.003));
#3696=CARTESIAN_POINT('',(0.0411034118504013,-0.000239761960332294,0.));
#3697=CARTESIAN_POINT('',(0.0411034118504013,0.0440046130396677,0.));
#3698=CARTESIAN_POINT('',(0.0411034118504013,-0.0444841369603323,0.));
#3699=CARTESIAN_POINT('',(0.0411034118504013,0.0440046130396677,0.003));
#3700=CARTESIAN_POINT('',(0.0411034118504013,0.0440046130396677,0.013));
#3701=CARTESIAN_POINT('',(0.0411034118504013,-0.000239761960332294,0.013));
#3702=CARTESIAN_POINT('',(0.0411034118504013,-0.0444841369603323,0.013));
#3703=CARTESIAN_POINT('',(0.0411034118504013,-0.0444841369603323,0.003));
#3704=CARTESIAN_POINT('',(0.0361034118504013,0.0440046130396677,0.003));
#3705=CARTESIAN_POINT('',(0.0361034118504013,0.0440046130396677,0.));
#3706=CARTESIAN_POINT('',(0.0361034118504013,0.0490046130396677,0.));
#3707=CARTESIAN_POINT('',(0.0361034118504013,0.0490046130396677,0.003));
#3708=CARTESIAN_POINT('',(0.0361034118504013,0.0490046130396677,0.013));
#3709=CARTESIAN_POINT('',(0.0361034118504013,0.0440046130396677,0.013));
#3710=CARTESIAN_POINT('',(-5.28381495987045E-5,0.0490046130396677,0.003));
#3711=CARTESIAN_POINT('',(-5.28381495987045E-5,0.0490046130396677,0.));
#3712=CARTESIAN_POINT('',(-0.0362090881495987,0.0490046130396677,0.));
#3713=CARTESIAN_POINT('',(-0.0362090881495987,0.0490046130396677,0.003));
#3714=CARTESIAN_POINT('',(-0.0362090881495987,0.0490046130396677,0.013));
#3715=CARTESIAN_POINT('',(-5.28381495987045E-5,0.0490046130396677,0.013));
#3716=CARTESIAN_POINT('',(-0.0362090881495987,0.0440046130396677,0.003));
#3717=CARTESIAN_POINT('',(-0.0362090881495987,0.0440046130396677,0.));
#3718=CARTESIAN_POINT('',(-0.0412090881495987,0.0440046130396677,0.));
#3719=CARTESIAN_POINT('',(-0.0412090881495987,0.0440046130396677,0.003));
#3720=CARTESIAN_POINT('',(-0.0412090881495987,0.0440046130396677,0.013));
#3721=CARTESIAN_POINT('',(-0.0362090881495987,0.0440046130396677,0.013));
#3722=CARTESIAN_POINT('',(-0.0412090881495987,-0.000239761960332309,0.003));
#3723=CARTESIAN_POINT('',(-0.0412090881495987,0.0335046130396677,0.004));
#3724=CARTESIAN_POINT('',(-0.0412090881495987,0.0335046130396677,0.008));
#3725=CARTESIAN_POINT('',(-0.0412090881495987,0.0335046130396677,0.));
#3726=CARTESIAN_POINT('',(-0.0412090881495987,0.0275046130396677,0.008));
#3727=CARTESIAN_POINT('',(-0.0412090881495987,0.0215046130396677,0.008));
#3728=CARTESIAN_POINT('',(-0.0412090881495987,0.0215046130396677,0.004));
#3729=CARTESIAN_POINT('',(-0.0412090881495987,0.0215046130396677,0.));
#3730=CARTESIAN_POINT('',(-0.0412090881495987,-0.000239761960332309,0.));
#3731=CARTESIAN_POINT('',(-0.0412090881495987,-0.0444841369603323,0.));
#3732=CARTESIAN_POINT('',(-0.0412090881495987,-0.0444841369603323,0.003));
#3733=CARTESIAN_POINT('',(-0.0412090881495987,-0.0444841369603323,0.013));
#3734=CARTESIAN_POINT('',(-0.0412090881495987,-0.000239761960332309,0.013));
#3735=CARTESIAN_POINT('',(-0.0412090881495987,-0.000239761960332309,0.));
#3736=CARTESIAN_POINT('',(-0.0362090881495987,-0.0444841369603323,0.003));
#3737=CARTESIAN_POINT('',(-0.0362090881495987,-0.0444841369603323,0.));
#3738=CARTESIAN_POINT('',(-0.0362090881495987,-0.0494841369603323,0.));
#3739=CARTESIAN_POINT('',(-0.0362090881495987,-0.0494841369603323,0.003));
#3740=CARTESIAN_POINT('',(-0.0362090881495987,-0.0494841369603323,0.013));
#3741=CARTESIAN_POINT('',(-0.0362090881495987,-0.0444841369603323,0.013));
#3742=CARTESIAN_POINT('',(-5.28381495987045E-5,-0.0494841369603323,0.003));
#3743=CARTESIAN_POINT('',(-5.28381495987045E-5,-0.0494841369603323,0.));
#3744=CARTESIAN_POINT('',(0.0361034118504013,-0.0494841369603323,0.));
#3745=CARTESIAN_POINT('',(0.0361034118504013,-0.0494841369603323,0.003));
#3746=CARTESIAN_POINT('',(0.0361034118504013,-0.0494841369603323,0.013));
#3747=CARTESIAN_POINT('',(-5.28381495987045E-5,-0.0494841369603323,0.013));
#3748=CARTESIAN_POINT('',(-0.0354768551025651,0.0432723799926341,0.003));
#3749=CARTESIAN_POINT('',(-0.0354768551025651,0.0432723799926341,0.));
#3750=CARTESIAN_POINT('',(-0.0340268551025651,0.0432723799926341,0.));
#3751=CARTESIAN_POINT('',(-0.0354768551025651,0.0432723799926341,0.013));
#3752=CARTESIAN_POINT('',(-0.0340268551025651,0.0432723799926341,0.013));
#3753=CARTESIAN_POINT('',(0.0353711788033677,0.0432723799926341,0.003));
#3754=CARTESIAN_POINT('',(0.0353711788033677,0.0432723799926341,0.));
#3755=CARTESIAN_POINT('',(0.0368211788033677,0.0432723799926341,0.));
#3756=CARTESIAN_POINT('',(0.0353711788033677,0.0432723799926341,0.013));
#3757=CARTESIAN_POINT('',(0.0368211788033677,0.0432723799926341,0.013));
#3758=CARTESIAN_POINT('',(-0.0354768551025651,-0.0437519039132986,0.003));
#3759=CARTESIAN_POINT('',(-0.0354768551025651,-0.0437519039132986,0.));
#3760=CARTESIAN_POINT('',(-0.0340268551025651,-0.0437519039132986,0.));
#3761=CARTESIAN_POINT('',(-0.0354768551025651,-0.0437519039132986,0.013));
#3762=CARTESIAN_POINT('',(-0.0340268551025651,-0.0437519039132986,0.013));
#3763=CARTESIAN_POINT('',(0.0353711788033677,-0.0437519039132986,0.003));
#3764=CARTESIAN_POINT('',(0.0353711788033677,-0.0437519039132986,0.));
#3765=CARTESIAN_POINT('',(0.0368211788033677,-0.0437519039132986,0.));
#3766=CARTESIAN_POINT('',(0.0353711788033677,-0.0437519039132986,0.013));
#3767=CARTESIAN_POINT('',(0.0368211788033677,-0.0437519039132986,0.013));
#3768=CARTESIAN_POINT('',(0.0361034118504013,-0.0444841369603323,0.003));
#3769=CARTESIAN_POINT('',(0.0361034118504013,-0.0444841369603323,0.));
#3770=CARTESIAN_POINT('',(0.0361034118504013,-0.0444841369603323,0.013));
#3771=CARTESIAN_POINT('',(-5.2838149598701E-5,-0.000239761960332298,0.));
#3772=CARTESIAN_POINT('',(-0.0312090881495987,-0.000239761960332309,0.));
#3773=CARTESIAN_POINT('',(-0.0312090881495987,0.0335046130396677,0.));
#3774=CARTESIAN_POINT('',(-0.0312090881495987,0.0215046130396677,0.));
#3775=CARTESIAN_POINT('',(-0.0312070881495987,0.0335046130396677,0.));
#3776=CARTESIAN_POINT('',(-0.0312070881495987,0.0215046130396677,0.));
#3777=CARTESIAN_POINT('',(0.0311034118504013,-0.000239761960332294,0.013));
#3778=CARTESIAN_POINT('',(0.0311034118504013,-0.000239761960332298,0.003));
#3779=CARTESIAN_POINT('',(0.0311034118504013,-0.0394841369603323,0.003));
#3780=CARTESIAN_POINT('',(0.0311034118504013,0.0390046130396677,0.003));
#3781=CARTESIAN_POINT('',(0.0311034118504013,-0.0394841369603323,0.013));
#3782=CARTESIAN_POINT('',(0.0311034118504013,-0.0394841369603323,0.013));
#3783=CARTESIAN_POINT('',(0.0311034118504013,-0.000239761960332294,0.013));
#3784=CARTESIAN_POINT('',(0.0311034118504013,0.0390046130396677,0.013));
#3785=CARTESIAN_POINT('',(0.0311034118504013,0.0390046130396677,0.013));
#3786=CARTESIAN_POINT('',(-5.2838149598701E-5,-0.0394841369603323,0.013));
#3787=CARTESIAN_POINT('',(-5.2838149598701E-5,-0.0394841369603323,0.003));
#3788=CARTESIAN_POINT('',(-0.0312090881495987,-0.0394841369603323,0.003));
#3789=CARTESIAN_POINT('',(-0.0312090881495987,-0.0394841369603323,0.013));
#3790=CARTESIAN_POINT('',(-0.0312090881495987,-0.0394841369603323,0.013));
#3791=CARTESIAN_POINT('',(-5.2838149598701E-5,-0.0394841369603323,0.013));
#3792=CARTESIAN_POINT('',(-0.0312090881495987,-0.000239761960332309,0.013));
#3793=CARTESIAN_POINT('',(-0.0312090881495987,-0.000239761960332298,0.003));
#3794=CARTESIAN_POINT('',(-0.0312090881495987,0.0215046130396677,0.003));
#3795=CARTESIAN_POINT('',(-0.0312090881495987,0.0215046130396677,0.004));
#3796=CARTESIAN_POINT('',(-0.0312090881495987,0.0215046130396677,0.008));
#3797=CARTESIAN_POINT('',(-0.0312090881495987,0.0275046130396677,0.008));
#3798=CARTESIAN_POINT('',(-0.0312090881495987,0.0335046130396677,0.008));
#3799=CARTESIAN_POINT('',(-0.0312090881495987,0.0335046130396677,0.004));
#3800=CARTESIAN_POINT('',(-0.0312090881495987,0.0335046130396677,0.003));
#3801=CARTESIAN_POINT('',(-0.0312090881495987,-0.000239761960332298,0.003));
#3802=CARTESIAN_POINT('',(-0.0312090881495987,0.0390046130396677,0.003));
#3803=CARTESIAN_POINT('',(-0.0312090881495987,0.0390046130396677,0.013));
#3804=CARTESIAN_POINT('',(-0.0312090881495987,0.0390046130396677,0.013));
#3805=CARTESIAN_POINT('',(-0.0312090881495987,-0.000239761960332309,0.013));
#3806=CARTESIAN_POINT('',(-5.28381495986975E-5,0.0390046130396677,0.013));
#3807=CARTESIAN_POINT('',(-5.2838149598701E-5,0.0390046130396677,0.003));
#3808=CARTESIAN_POINT('',(-5.28381495986975E-5,0.0390046130396677,0.013));
#3809=CARTESIAN_POINT('',(-5.2838149598701E-5,-0.000239761960332298,0.013));
#3810=CARTESIAN_POINT('',(-5.2838149598701E-5,-0.000239761960332298,0.003));
#3811=CARTESIAN_POINT('',(-0.0312090881495987,-0.000239761960332298,0.003));
#3812=CARTESIAN_POINT('',(-0.0312090881495987,-0.000239761960332309,0.013));
#3813=CARTESIAN_POINT('',(-0.0312090881495987,0.0335046130396677,0.004));
#3814=CARTESIAN_POINT('',(-0.0312090881495987,0.0215046130396677,0.004));
#3815=CARTESIAN_POINT('',(-0.0312070881495987,0.0215046130396677,0.004));
#3816=CARTESIAN_POINT('',(-0.0312070881495987,0.0215046130396677,0.008));
#3817=CARTESIAN_POINT('',(-0.0312070881495987,0.0275046130396677,0.008));
#3818=CARTESIAN_POINT('',(-0.0312070881495987,0.0335046130396677,0.008));
#3819=CARTESIAN_POINT('',(-0.0312070881495987,0.0335046130396677,0.004));
#3820=MECHANICAL_DESIGN_GEOMETRIC_PRESENTATION_REPRESENTATION('',(#2272),
#3822);
#3821=MECHANICAL_DESIGN_GEOMETRIC_PRESENTATION_REPRESENTATION('',(#2273),
#3823);
#3822=(
GEOMETRIC_REPRESENTATION_CONTEXT(3)
GLOBAL_UNCERTAINTY_ASSIGNED_CONTEXT((#3824))
GLOBAL_UNIT_ASSIGNED_CONTEXT((#3830,#3828,#3826))
REPRESENTATION_CONTEXT('Part 2','TOP_LEVEL_ASSEMBLY_PART')
);
#3823=(
GEOMETRIC_REPRESENTATION_CONTEXT(3)
GLOBAL_UNCERTAINTY_ASSIGNED_CONTEXT((#3825))
GLOBAL_UNIT_ASSIGNED_CONTEXT((#3831,#3829,#3827))
REPRESENTATION_CONTEXT('Part 1','TOP_LEVEL_ASSEMBLY_PART')
);
#3824=UNCERTAINTY_MEASURE_WITH_UNIT(LENGTH_MEASURE(1.E-8),#3830,
'DISTANCE_ACCURACY_VALUE','Maximum Tolerance applied to model');
#3825=UNCERTAINTY_MEASURE_WITH_UNIT(LENGTH_MEASURE(1.E-8),#3831,
'DISTANCE_ACCURACY_VALUE','Maximum Tolerance applied to model');
#3826=(
NAMED_UNIT(*)
SI_UNIT($,.STERADIAN.)
SOLID_ANGLE_UNIT()
);
#3827=(
NAMED_UNIT(*)
SI_UNIT($,.STERADIAN.)
SOLID_ANGLE_UNIT()
);
#3828=(
NAMED_UNIT(*)
PLANE_ANGLE_UNIT()
SI_UNIT($,.RADIAN.)
);
#3829=(
NAMED_UNIT(*)
PLANE_ANGLE_UNIT()
SI_UNIT($,.RADIAN.)
);
#3830=(
LENGTH_UNIT()
NAMED_UNIT(*)
SI_UNIT($,.METRE.)
);
#3831=(
LENGTH_UNIT()
NAMED_UNIT(*)
SI_UNIT($,.METRE.)
);
#3832=PRODUCT_DEFINITION_SHAPE('','',#3834);
#3833=PRODUCT_DEFINITION_SHAPE('','',#3835);
#3834=PRODUCT_DEFINITION('','',#3838,#3836);
#3835=PRODUCT_DEFINITION('','',#3839,#3837);
#3836=PRODUCT_DEFINITION_CONTEXT('',#3850,'design');
#3837=PRODUCT_DEFINITION_CONTEXT('',#3851,'design');
#3838=PRODUCT_DEFINITION_FORMATION_WITH_SPECIFIED_SOURCE('','',#3842,
 .NOT_KNOWN.);
#3839=PRODUCT_DEFINITION_FORMATION_WITH_SPECIFIED_SOURCE('','',#3843,
 .NOT_KNOWN.);
#3840=PRODUCT_RELATED_PRODUCT_CATEGORY('','',(#3842));
#3841=PRODUCT_RELATED_PRODUCT_CATEGORY('','',(#3843));
#3842=PRODUCT('Part 2','Part 2','Part 2',(#3846));
#3843=PRODUCT('Part 1','Part 1','Part 1',(#3847));
#3844=PRODUCT_CATEGORY('','');
#3845=PRODUCT_CATEGORY('','');
#3846=PRODUCT_CONTEXT('',#3850,'mechanical');
#3847=PRODUCT_CONTEXT('',#3851,'mechanical');
#3848=APPLICATION_PROTOCOL_DEFINITION('international standard',
'ap242_managed_model_based_3d_engineering',2020,#3850);
#3849=APPLICATION_PROTOCOL_DEFINITION('international standard',
'ap242_managed_model_based_3d_engineering',2020,#3851);
#3850=APPLICATION_CONTEXT('managed model based 3d engineering');
#3851=APPLICATION_CONTEXT('managed model based 3d engineering');
ENDSEC;
END-ISO-10303-21;
