ISO-10303-21;
HEADER;
/* Generated by software containing ST-Developer
 * from STEP Tools, Inc. (www.steptools.com) 
 */
/* OPTION: using custom renumber hook */

FILE_DESCRIPTION(
/* description */ ('STEP AP242 Edition 2',
'CAx-IF Rec.Pracs.---Representation and Presentation of Product Manufa
cturing Information (PMI)---4.0---2014-10-13',
'CAx-IF Rec.Pracs.---3D Tessellated Geometry---0.4---2014-09-14','2;1',
'CAx-IF Rec.Pracs.---User Defined Attributes---1.5---2016-08-15'),
/* implementation_level */ '2;1');

FILE_NAME(
/* name */ 'case - Part 2',
/* time_stamp */ '2026-08-07T19:40:44Z',
/* author */ (''),
/* organization */ (''),
/* preprocessor_version */ 'ST-DEVELOPER v20',
/* originating_system */ 'ONSHAPE BY PTC INC, 1.219',
/* authorisation */ '  ');

FILE_SCHEMA (('AP242_MANAGED_MODEL_BASED_3D_ENGINEERING_MIM_LF { 1 0 10303 442 3 1 4 }'));
ENDSEC;

DATA;
#10=SHAPE_REPRESENTATION_RELATIONSHIP('','',#1835,#11);
#11=ADVANCED_BREP_SHAPE_REPRESENTATION('',(#1833),#3073);
#12=PLANE('',#1840);
#13=PLANE('',#1844);
#14=PLANE('',#1848);
#15=PLANE('',#1855);
#16=PLANE('',#1859);
#17=PLANE('',#1863);
#18=PLANE('',#1870);
#19=PLANE('',#1874);
#20=PLANE('',#1878);
#21=PLANE('',#1885);
#22=PLANE('',#1889);
#23=PLANE('',#1893);
#24=PLANE('',#1900);
#25=PLANE('',#1904);
#26=PLANE('',#1908);
#27=PLANE('',#1915);
#28=PLANE('',#1919);
#29=PLANE('',#1923);
#30=PLANE('',#1930);
#31=PLANE('',#1934);
#32=PLANE('',#1938);
#33=PLANE('',#1945);
#34=PLANE('',#1949);
#35=PLANE('',#1953);
#36=PLANE('',#1960);
#37=PLANE('',#1964);
#38=PLANE('',#1968);
#39=PLANE('',#1972);
#40=PLANE('',#1976);
#41=PLANE('',#1980);
#42=PLANE('',#1984);
#43=PLANE('',#1985);
#44=PLANE('',#1986);
#45=PLANE('',#1987);
#46=PLANE('',#1988);
#47=PLANE('',#1989);
#48=PLANE('',#1990);
#49=PLANE('',#1991);
#50=PLANE('',#1992);
#51=PLANE('',#1993);
#52=PLANE('',#1994);
#53=PLANE('',#1995);
#54=PLANE('',#2011);
#55=PLANE('',#2012);
#56=PLANE('',#2013);
#57=PLANE('',#2014);
#58=LINE('',#2550,#230);
#59=LINE('',#2554,#231);
#60=LINE('',#2556,#232);
#61=LINE('',#2558,#233);
#62=LINE('',#2560,#234);
#63=LINE('',#2564,#235);
#64=LINE('',#2568,#236);
#65=LINE('',#2570,#237);
#66=LINE('',#2572,#238);
#67=LINE('',#2576,#239);
#68=LINE('',#2580,#240);
#69=LINE('',#2582,#241);
#70=LINE('',#2584,#242);
#71=LINE('',#2588,#243);
#72=LINE('',#2595,#244);
#73=LINE('',#2599,#245);
#74=LINE('',#2601,#246);
#75=LINE('',#2603,#247);
#76=LINE('',#2605,#248);
#77=LINE('',#2609,#249);
#78=LINE('',#2613,#250);
#79=LINE('',#2615,#251);
#80=LINE('',#2617,#252);
#81=LINE('',#2621,#253);
#82=LINE('',#2625,#254);
#83=LINE('',#2627,#255);
#84=LINE('',#2629,#256);
#85=LINE('',#2633,#257);
#86=LINE('',#2640,#258);
#87=LINE('',#2644,#259);
#88=LINE('',#2646,#260);
#89=LINE('',#2648,#261);
#90=LINE('',#2650,#262);
#91=LINE('',#2654,#263);
#92=LINE('',#2658,#264);
#93=LINE('',#2660,#265);
#94=LINE('',#2662,#266);
#95=LINE('',#2666,#267);
#96=LINE('',#2670,#268);
#97=LINE('',#2672,#269);
#98=LINE('',#2674,#270);
#99=LINE('',#2678,#271);
#100=LINE('',#2685,#272);
#101=LINE('',#2689,#273);
#102=LINE('',#2691,#274);
#103=LINE('',#2693,#275);
#104=LINE('',#2695,#276);
#105=LINE('',#2699,#277);
#106=LINE('',#2703,#278);
#107=LINE('',#2705,#279);
#108=LINE('',#2707,#280);
#109=LINE('',#2711,#281);
#110=LINE('',#2715,#282);
#111=LINE('',#2717,#283);
#112=LINE('',#2719,#284);
#113=LINE('',#2723,#285);
#114=LINE('',#2730,#286);
#115=LINE('',#2734,#287);
#116=LINE('',#2736,#288);
#117=LINE('',#2738,#289);
#118=LINE('',#2740,#290);
#119=LINE('',#2744,#291);
#120=LINE('',#2748,#292);
#121=LINE('',#2750,#293);
#122=LINE('',#2752,#294);
#123=LINE('',#2756,#295);
#124=LINE('',#2760,#296);
#125=LINE('',#2762,#297);
#126=LINE('',#2764,#298);
#127=LINE('',#2768,#299);
#128=LINE('',#2775,#300);
#129=LINE('',#2779,#301);
#130=LINE('',#2781,#302);
#131=LINE('',#2783,#303);
#132=LINE('',#2785,#304);
#133=LINE('',#2789,#305);
#134=LINE('',#2793,#306);
#135=LINE('',#2795,#307);
#136=LINE('',#2797,#308);
#137=LINE('',#2801,#309);
#138=LINE('',#2805,#310);
#139=LINE('',#2807,#311);
#140=LINE('',#2809,#312);
#141=LINE('',#2813,#313);
#142=LINE('',#2820,#314);
#143=LINE('',#2824,#315);
#144=LINE('',#2826,#316);
#145=LINE('',#2828,#317);
#146=LINE('',#2830,#318);
#147=LINE('',#2834,#319);
#148=LINE('',#2838,#320);
#149=LINE('',#2840,#321);
#150=LINE('',#2842,#322);
#151=LINE('',#2846,#323);
#152=LINE('',#2850,#324);
#153=LINE('',#2852,#325);
#154=LINE('',#2854,#326);
#155=LINE('',#2858,#327);
#156=LINE('',#2865,#328);
#157=LINE('',#2869,#329);
#158=LINE('',#2871,#330);
#159=LINE('',#2873,#331);
#160=LINE('',#2875,#332);
#161=LINE('',#2879,#333);
#162=LINE('',#2883,#334);
#163=LINE('',#2885,#335);
#164=LINE('',#2887,#336);
#165=LINE('',#2891,#337);
#166=LINE('',#2895,#338);
#167=LINE('',#2897,#339);
#168=LINE('',#2899,#340);
#169=LINE('',#2903,#341);
#170=LINE('',#2910,#342);
#171=LINE('',#2914,#343);
#172=LINE('',#2916,#344);
#173=LINE('',#2918,#345);
#174=LINE('',#2920,#346);
#175=LINE('',#2924,#347);
#176=LINE('',#2928,#348);
#177=LINE('',#2930,#349);
#178=LINE('',#2932,#350);
#179=LINE('',#2936,#351);
#180=LINE('',#2940,#352);
#181=LINE('',#2942,#353);
#182=LINE('',#2944,#354);
#183=LINE('',#2948,#355);
#184=LINE('',#2952,#356);
#185=LINE('',#2955,#357);
#186=LINE('',#2957,#358);
#187=LINE('',#2959,#359);
#188=LINE('',#2963,#360);
#189=LINE('',#2967,#361);
#190=LINE('',#2969,#362);
#191=LINE('',#2971,#363);
#192=LINE('',#2975,#364);
#193=LINE('',#2979,#365);
#194=LINE('',#2981,#366);
#195=LINE('',#2983,#367);
#196=LINE('',#2987,#368);
#197=LINE('',#2991,#369);
#198=LINE('',#2993,#370);
#199=LINE('',#2995,#371);
#200=LINE('',#2997,#372);
#201=LINE('',#3000,#373);
#202=LINE('',#3002,#374);
#203=LINE('',#3004,#375);
#204=LINE('',#3006,#376);
#205=LINE('',#3008,#377);
#206=LINE('',#3010,#378);
#207=LINE('',#3012,#379);
#208=LINE('',#3014,#380);
#209=LINE('',#3016,#381);
#210=LINE('',#3018,#382);
#211=LINE('',#3019,#383);
#212=LINE('',#3021,#384);
#213=LINE('',#3022,#385);
#214=LINE('',#3024,#386);
#215=LINE('',#3025,#387);
#216=LINE('',#3027,#388);
#217=LINE('',#3028,#389);
#218=LINE('',#3030,#390);
#219=LINE('',#3031,#391);
#220=LINE('',#3033,#392);
#221=LINE('',#3034,#393);
#222=LINE('',#3036,#394);
#223=LINE('',#3037,#395);
#224=LINE('',#3039,#396);
#225=LINE('',#3040,#397);
#226=LINE('',#3065,#398);
#227=LINE('',#3066,#399);
#228=LINE('',#3068,#400);
#229=LINE('',#3069,#401);
#230=VECTOR('',#2021,1.);
#231=VECTOR('',#2024,1.);
#232=VECTOR('',#2027,1.);
#233=VECTOR('',#2028,1.);
#234=VECTOR('',#2029,1.);
#235=VECTOR('',#2034,1.);
#236=VECTOR('',#2039,1.);
#237=VECTOR('',#2040,1.);
#238=VECTOR('',#2041,1.);
#239=VECTOR('',#2046,1.);
#240=VECTOR('',#2051,1.);
#241=VECTOR('',#2052,1.);
#242=VECTOR('',#2053,1.);
#243=VECTOR('',#2058,1.);
#244=VECTOR('',#2065,1.);
#245=VECTOR('',#2068,1.);
#246=VECTOR('',#2071,1.);
#247=VECTOR('',#2072,1.);
#248=VECTOR('',#2073,1.);
#249=VECTOR('',#2078,1.);
#250=VECTOR('',#2083,1.);
#251=VECTOR('',#2084,1.);
#252=VECTOR('',#2085,1.);
#253=VECTOR('',#2090,1.);
#254=VECTOR('',#2095,1.);
#255=VECTOR('',#2096,1.);
#256=VECTOR('',#2097,1.);
#257=VECTOR('',#2102,1.);
#258=VECTOR('',#2109,1.);
#259=VECTOR('',#2112,1.);
#260=VECTOR('',#2115,1.);
#261=VECTOR('',#2116,1.);
#262=VECTOR('',#2117,1.);
#263=VECTOR('',#2122,1.);
#264=VECTOR('',#2127,1.);
#265=VECTOR('',#2128,1.);
#266=VECTOR('',#2129,1.);
#267=VECTOR('',#2134,1.);
#268=VECTOR('',#2139,1.);
#269=VECTOR('',#2140,1.);
#270=VECTOR('',#2141,1.);
#271=VECTOR('',#2146,1.);
#272=VECTOR('',#2153,1.);
#273=VECTOR('',#2156,1.);
#274=VECTOR('',#2159,1.);
#275=VECTOR('',#2160,1.);
#276=VECTOR('',#2161,1.);
#277=VECTOR('',#2166,1.);
#278=VECTOR('',#2171,1.);
#279=VECTOR('',#2172,1.);
#280=VECTOR('',#2173,1.);
#281=VECTOR('',#2178,1.);
#282=VECTOR('',#2183,1.);
#283=VECTOR('',#2184,1.);
#284=VECTOR('',#2185,1.);
#285=VECTOR('',#2190,1.);
#286=VECTOR('',#2197,1.);
#287=VECTOR('',#2200,1.);
#288=VECTOR('',#2203,1.);
#289=VECTOR('',#2204,1.);
#290=VECTOR('',#2205,1.);
#291=VECTOR('',#2210,1.);
#292=VECTOR('',#2215,1.);
#293=VECTOR('',#2216,1.);
#294=VECTOR('',#2217,1.);
#295=VECTOR('',#2222,1.);
#296=VECTOR('',#2227,1.);
#297=VECTOR('',#2228,1.);
#298=VECTOR('',#2229,1.);
#299=VECTOR('',#2234,1.);
#300=VECTOR('',#2241,1.);
#301=VECTOR('',#2244,1.);
#302=VECTOR('',#2247,1.);
#303=VECTOR('',#2248,1.);
#304=VECTOR('',#2249,1.);
#305=VECTOR('',#2254,1.);
#306=VECTOR('',#2259,1.);
#307=VECTOR('',#2260,1.);
#308=VECTOR('',#2261,1.);
#309=VECTOR('',#2266,1.);
#310=VECTOR('',#2271,1.);
#311=VECTOR('',#2272,1.);
#312=VECTOR('',#2273,1.);
#313=VECTOR('',#2278,1.);
#314=VECTOR('',#2285,1.);
#315=VECTOR('',#2288,1.);
#316=VECTOR('',#2291,1.);
#317=VECTOR('',#2292,1.);
#318=VECTOR('',#2293,1.);
#319=VECTOR('',#2298,1.);
#320=VECTOR('',#2303,1.);
#321=VECTOR('',#2304,1.);
#322=VECTOR('',#2305,1.);
#323=VECTOR('',#2310,1.);
#324=VECTOR('',#2315,1.);
#325=VECTOR('',#2316,1.);
#326=VECTOR('',#2317,1.);
#327=VECTOR('',#2322,1.);
#328=VECTOR('',#2329,1.);
#329=VECTOR('',#2332,1.);
#330=VECTOR('',#2335,1.);
#331=VECTOR('',#2336,1.);
#332=VECTOR('',#2337,1.);
#333=VECTOR('',#2342,1.);
#334=VECTOR('',#2347,1.);
#335=VECTOR('',#2348,1.);
#336=VECTOR('',#2349,1.);
#337=VECTOR('',#2354,1.);
#338=VECTOR('',#2359,1.);
#339=VECTOR('',#2360,1.);
#340=VECTOR('',#2361,1.);
#341=VECTOR('',#2366,1.);
#342=VECTOR('',#2373,1.);
#343=VECTOR('',#2376,1.);
#344=VECTOR('',#2379,1.);
#345=VECTOR('',#2380,1.);
#346=VECTOR('',#2381,1.);
#347=VECTOR('',#2386,1.);
#348=VECTOR('',#2391,1.);
#349=VECTOR('',#2392,1.);
#350=VECTOR('',#2393,1.);
#351=VECTOR('',#2398,1.);
#352=VECTOR('',#2403,1.);
#353=VECTOR('',#2404,1.);
#354=VECTOR('',#2405,1.);
#355=VECTOR('',#2410,1.);
#356=VECTOR('',#2415,1.);
#357=VECTOR('',#2416,1.);
#358=VECTOR('',#2417,1.);
#359=VECTOR('',#2418,1.);
#360=VECTOR('',#2423,1.);
#361=VECTOR('',#2428,1.);
#362=VECTOR('',#2429,1.);
#363=VECTOR('',#2430,1.);
#364=VECTOR('',#2435,1.);
#365=VECTOR('',#2440,1.);
#366=VECTOR('',#2441,1.);
#367=VECTOR('',#2442,1.);
#368=VECTOR('',#2447,1.);
#369=VECTOR('',#2452,1.);
#370=VECTOR('',#2453,1.);
#371=VECTOR('',#2454,1.);
#372=VECTOR('',#2457,1.);
#373=VECTOR('',#2458,1.);
#374=VECTOR('',#2459,1.);
#375=VECTOR('',#2460,1.);
#376=VECTOR('',#2463,1.);
#377=VECTOR('',#2464,1.);
#378=VECTOR('',#2465,1.);
#379=VECTOR('',#2468,1.);
#380=VECTOR('',#2469,1.);
#381=VECTOR('',#2470,1.);
#382=VECTOR('',#2473,1.);
#383=VECTOR('',#2474,1.);
#384=VECTOR('',#2477,1.);
#385=VECTOR('',#2478,1.);
#386=VECTOR('',#2481,1.);
#387=VECTOR('',#2482,1.);
#388=VECTOR('',#2485,1.);
#389=VECTOR('',#2486,1.);
#390=VECTOR('',#2489,1.);
#391=VECTOR('',#2490,1.);
#392=VECTOR('',#2493,1.);
#393=VECTOR('',#2494,1.);
#394=VECTOR('',#2497,1.);
#395=VECTOR('',#2498,1.);
#396=VECTOR('',#2501,1.);
#397=VECTOR('',#2502,1.);
#398=VECTOR('',#2535,1.);
#399=VECTOR('',#2536,1.);
#400=VECTOR('',#2539,1.);
#401=VECTOR('',#2540,1.);
#402=ORIENTED_EDGE('',*,*,#922,.F.);
#403=ORIENTED_EDGE('',*,*,#923,.F.);
#404=ORIENTED_EDGE('',*,*,#924,.T.);
#405=ORIENTED_EDGE('',*,*,#925,.T.);
#406=ORIENTED_EDGE('',*,*,#926,.T.);
#407=ORIENTED_EDGE('',*,*,#927,.F.);
#408=ORIENTED_EDGE('',*,*,#928,.F.);
#409=ORIENTED_EDGE('',*,*,#923,.T.);
#410=ORIENTED_EDGE('',*,*,#929,.F.);
#411=ORIENTED_EDGE('',*,*,#930,.F.);
#412=ORIENTED_EDGE('',*,*,#931,.T.);
#413=ORIENTED_EDGE('',*,*,#927,.T.);
#414=ORIENTED_EDGE('',*,*,#932,.T.);
#415=ORIENTED_EDGE('',*,*,#933,.F.);
#416=ORIENTED_EDGE('',*,*,#934,.F.);
#417=ORIENTED_EDGE('',*,*,#930,.T.);
#418=ORIENTED_EDGE('',*,*,#935,.F.);
#419=ORIENTED_EDGE('',*,*,#936,.F.);
#420=ORIENTED_EDGE('',*,*,#937,.T.);
#421=ORIENTED_EDGE('',*,*,#933,.T.);
#422=ORIENTED_EDGE('',*,*,#938,.F.);
#423=ORIENTED_EDGE('',*,*,#939,.F.);
#424=ORIENTED_EDGE('',*,*,#940,.T.);
#425=ORIENTED_EDGE('',*,*,#936,.T.);
#426=ORIENTED_EDGE('',*,*,#941,.F.);
#427=ORIENTED_EDGE('',*,*,#942,.F.);
#428=ORIENTED_EDGE('',*,*,#943,.T.);
#429=ORIENTED_EDGE('',*,*,#939,.T.);
#430=ORIENTED_EDGE('',*,*,#944,.F.);
#431=ORIENTED_EDGE('',*,*,#945,.F.);
#432=ORIENTED_EDGE('',*,*,#946,.T.);
#433=ORIENTED_EDGE('',*,*,#947,.T.);
#434=ORIENTED_EDGE('',*,*,#948,.T.);
#435=ORIENTED_EDGE('',*,*,#949,.F.);
#436=ORIENTED_EDGE('',*,*,#950,.F.);
#437=ORIENTED_EDGE('',*,*,#945,.T.);
#438=ORIENTED_EDGE('',*,*,#951,.F.);
#439=ORIENTED_EDGE('',*,*,#952,.F.);
#440=ORIENTED_EDGE('',*,*,#953,.T.);
#441=ORIENTED_EDGE('',*,*,#949,.T.);
#442=ORIENTED_EDGE('',*,*,#954,.T.);
#443=ORIENTED_EDGE('',*,*,#955,.F.);
#444=ORIENTED_EDGE('',*,*,#956,.F.);
#445=ORIENTED_EDGE('',*,*,#952,.T.);
#446=ORIENTED_EDGE('',*,*,#957,.F.);
#447=ORIENTED_EDGE('',*,*,#958,.F.);
#448=ORIENTED_EDGE('',*,*,#959,.T.);
#449=ORIENTED_EDGE('',*,*,#955,.T.);
#450=ORIENTED_EDGE('',*,*,#960,.F.);
#451=ORIENTED_EDGE('',*,*,#961,.F.);
#452=ORIENTED_EDGE('',*,*,#962,.T.);
#453=ORIENTED_EDGE('',*,*,#958,.T.);
#454=ORIENTED_EDGE('',*,*,#963,.F.);
#455=ORIENTED_EDGE('',*,*,#964,.F.);
#456=ORIENTED_EDGE('',*,*,#965,.T.);
#457=ORIENTED_EDGE('',*,*,#961,.T.);
#458=ORIENTED_EDGE('',*,*,#966,.F.);
#459=ORIENTED_EDGE('',*,*,#967,.F.);
#460=ORIENTED_EDGE('',*,*,#968,.T.);
#461=ORIENTED_EDGE('',*,*,#969,.T.);
#462=ORIENTED_EDGE('',*,*,#970,.T.);
#463=ORIENTED_EDGE('',*,*,#971,.F.);
#464=ORIENTED_EDGE('',*,*,#972,.F.);
#465=ORIENTED_EDGE('',*,*,#967,.T.);
#466=ORIENTED_EDGE('',*,*,#973,.F.);
#467=ORIENTED_EDGE('',*,*,#974,.F.);
#468=ORIENTED_EDGE('',*,*,#975,.T.);
#469=ORIENTED_EDGE('',*,*,#971,.T.);
#470=ORIENTED_EDGE('',*,*,#976,.T.);
#471=ORIENTED_EDGE('',*,*,#977,.F.);
#472=ORIENTED_EDGE('',*,*,#978,.F.);
#473=ORIENTED_EDGE('',*,*,#974,.T.);
#474=ORIENTED_EDGE('',*,*,#979,.F.);
#475=ORIENTED_EDGE('',*,*,#980,.F.);
#476=ORIENTED_EDGE('',*,*,#981,.T.);
#477=ORIENTED_EDGE('',*,*,#977,.T.);
#478=ORIENTED_EDGE('',*,*,#982,.F.);
#479=ORIENTED_EDGE('',*,*,#983,.F.);
#480=ORIENTED_EDGE('',*,*,#984,.T.);
#481=ORIENTED_EDGE('',*,*,#980,.T.);
#482=ORIENTED_EDGE('',*,*,#985,.F.);
#483=ORIENTED_EDGE('',*,*,#986,.F.);
#484=ORIENTED_EDGE('',*,*,#987,.T.);
#485=ORIENTED_EDGE('',*,*,#983,.T.);
#486=ORIENTED_EDGE('',*,*,#988,.F.);
#487=ORIENTED_EDGE('',*,*,#989,.F.);
#488=ORIENTED_EDGE('',*,*,#990,.T.);
#489=ORIENTED_EDGE('',*,*,#991,.T.);
#490=ORIENTED_EDGE('',*,*,#992,.T.);
#491=ORIENTED_EDGE('',*,*,#993,.F.);
#492=ORIENTED_EDGE('',*,*,#994,.F.);
#493=ORIENTED_EDGE('',*,*,#989,.T.);
#494=ORIENTED_EDGE('',*,*,#995,.F.);
#495=ORIENTED_EDGE('',*,*,#996,.F.);
#496=ORIENTED_EDGE('',*,*,#997,.T.);
#497=ORIENTED_EDGE('',*,*,#993,.T.);
#498=ORIENTED_EDGE('',*,*,#998,.T.);
#499=ORIENTED_EDGE('',*,*,#999,.F.);
#500=ORIENTED_EDGE('',*,*,#1000,.F.);
#501=ORIENTED_EDGE('',*,*,#996,.T.);
#502=ORIENTED_EDGE('',*,*,#1001,.F.);
#503=ORIENTED_EDGE('',*,*,#1002,.F.);
#504=ORIENTED_EDGE('',*,*,#1003,.T.);
#505=ORIENTED_EDGE('',*,*,#999,.T.);
#506=ORIENTED_EDGE('',*,*,#1004,.F.);
#507=ORIENTED_EDGE('',*,*,#1005,.F.);
#508=ORIENTED_EDGE('',*,*,#1006,.T.);
#509=ORIENTED_EDGE('',*,*,#1002,.T.);
#510=ORIENTED_EDGE('',*,*,#1007,.F.);
#511=ORIENTED_EDGE('',*,*,#1008,.F.);
#512=ORIENTED_EDGE('',*,*,#1009,.T.);
#513=ORIENTED_EDGE('',*,*,#1005,.T.);
#514=ORIENTED_EDGE('',*,*,#1010,.F.);
#515=ORIENTED_EDGE('',*,*,#1011,.F.);
#516=ORIENTED_EDGE('',*,*,#1012,.T.);
#517=ORIENTED_EDGE('',*,*,#1013,.T.);
#518=ORIENTED_EDGE('',*,*,#1014,.T.);
#519=ORIENTED_EDGE('',*,*,#1015,.F.);
#520=ORIENTED_EDGE('',*,*,#1016,.F.);
#521=ORIENTED_EDGE('',*,*,#1011,.T.);
#522=ORIENTED_EDGE('',*,*,#1017,.F.);
#523=ORIENTED_EDGE('',*,*,#1018,.F.);
#524=ORIENTED_EDGE('',*,*,#1019,.T.);
#525=ORIENTED_EDGE('',*,*,#1015,.T.);
#526=ORIENTED_EDGE('',*,*,#1020,.T.);
#527=ORIENTED_EDGE('',*,*,#1021,.F.);
#528=ORIENTED_EDGE('',*,*,#1022,.F.);
#529=ORIENTED_EDGE('',*,*,#1018,.T.);
#530=ORIENTED_EDGE('',*,*,#1023,.F.);
#531=ORIENTED_EDGE('',*,*,#1024,.F.);
#532=ORIENTED_EDGE('',*,*,#1025,.T.);
#533=ORIENTED_EDGE('',*,*,#1021,.T.);
#534=ORIENTED_EDGE('',*,*,#1026,.F.);
#535=ORIENTED_EDGE('',*,*,#1027,.F.);
#536=ORIENTED_EDGE('',*,*,#1028,.T.);
#537=ORIENTED_EDGE('',*,*,#1024,.T.);
#538=ORIENTED_EDGE('',*,*,#1029,.F.);
#539=ORIENTED_EDGE('',*,*,#1030,.F.);
#540=ORIENTED_EDGE('',*,*,#1031,.T.);
#541=ORIENTED_EDGE('',*,*,#1027,.T.);
#542=ORIENTED_EDGE('',*,*,#1032,.F.);
#543=ORIENTED_EDGE('',*,*,#1033,.F.);
#544=ORIENTED_EDGE('',*,*,#1034,.T.);
#545=ORIENTED_EDGE('',*,*,#1035,.T.);
#546=ORIENTED_EDGE('',*,*,#1036,.T.);
#547=ORIENTED_EDGE('',*,*,#1037,.F.);
#548=ORIENTED_EDGE('',*,*,#1038,.F.);
#549=ORIENTED_EDGE('',*,*,#1033,.T.);
#550=ORIENTED_EDGE('',*,*,#1039,.F.);
#551=ORIENTED_EDGE('',*,*,#1040,.F.);
#552=ORIENTED_EDGE('',*,*,#1041,.T.);
#553=ORIENTED_EDGE('',*,*,#1037,.T.);
#554=ORIENTED_EDGE('',*,*,#1042,.T.);
#555=ORIENTED_EDGE('',*,*,#1043,.F.);
#556=ORIENTED_EDGE('',*,*,#1044,.F.);
#557=ORIENTED_EDGE('',*,*,#1040,.T.);
#558=ORIENTED_EDGE('',*,*,#1045,.F.);
#559=ORIENTED_EDGE('',*,*,#1046,.F.);
#560=ORIENTED_EDGE('',*,*,#1047,.T.);
#561=ORIENTED_EDGE('',*,*,#1043,.T.);
#562=ORIENTED_EDGE('',*,*,#1048,.F.);
#563=ORIENTED_EDGE('',*,*,#1049,.F.);
#564=ORIENTED_EDGE('',*,*,#1050,.T.);
#565=ORIENTED_EDGE('',*,*,#1046,.T.);
#566=ORIENTED_EDGE('',*,*,#1051,.F.);
#567=ORIENTED_EDGE('',*,*,#1052,.F.);
#568=ORIENTED_EDGE('',*,*,#1053,.T.);
#569=ORIENTED_EDGE('',*,*,#1049,.T.);
#570=ORIENTED_EDGE('',*,*,#1054,.F.);
#571=ORIENTED_EDGE('',*,*,#1055,.F.);
#572=ORIENTED_EDGE('',*,*,#1056,.T.);
#573=ORIENTED_EDGE('',*,*,#1057,.T.);
#574=ORIENTED_EDGE('',*,*,#1058,.T.);
#575=ORIENTED_EDGE('',*,*,#1059,.F.);
#576=ORIENTED_EDGE('',*,*,#1060,.F.);
#577=ORIENTED_EDGE('',*,*,#1055,.T.);
#578=ORIENTED_EDGE('',*,*,#1061,.F.);
#579=ORIENTED_EDGE('',*,*,#1062,.F.);
#580=ORIENTED_EDGE('',*,*,#1063,.T.);
#581=ORIENTED_EDGE('',*,*,#1059,.T.);
#582=ORIENTED_EDGE('',*,*,#1064,.T.);
#583=ORIENTED_EDGE('',*,*,#1065,.F.);
#584=ORIENTED_EDGE('',*,*,#1066,.F.);
#585=ORIENTED_EDGE('',*,*,#1062,.T.);
#586=ORIENTED_EDGE('',*,*,#1067,.F.);
#587=ORIENTED_EDGE('',*,*,#1068,.F.);
#588=ORIENTED_EDGE('',*,*,#1069,.T.);
#589=ORIENTED_EDGE('',*,*,#1065,.T.);
#590=ORIENTED_EDGE('',*,*,#1070,.F.);
#591=ORIENTED_EDGE('',*,*,#1071,.F.);
#592=ORIENTED_EDGE('',*,*,#1072,.T.);
#593=ORIENTED_EDGE('',*,*,#1068,.T.);
#594=ORIENTED_EDGE('',*,*,#1073,.F.);
#595=ORIENTED_EDGE('',*,*,#1074,.F.);
#596=ORIENTED_EDGE('',*,*,#1075,.T.);
#597=ORIENTED_EDGE('',*,*,#1071,.T.);
#598=ORIENTED_EDGE('',*,*,#1076,.F.);
#599=ORIENTED_EDGE('',*,*,#1077,.F.);
#600=ORIENTED_EDGE('',*,*,#1078,.T.);
#601=ORIENTED_EDGE('',*,*,#1079,.T.);
#602=ORIENTED_EDGE('',*,*,#1080,.T.);
#603=ORIENTED_EDGE('',*,*,#1081,.F.);
#604=ORIENTED_EDGE('',*,*,#1082,.F.);
#605=ORIENTED_EDGE('',*,*,#1077,.T.);
#606=ORIENTED_EDGE('',*,*,#1083,.F.);
#607=ORIENTED_EDGE('',*,*,#1084,.F.);
#608=ORIENTED_EDGE('',*,*,#1085,.T.);
#609=ORIENTED_EDGE('',*,*,#1081,.T.);
#610=ORIENTED_EDGE('',*,*,#1086,.T.);
#611=ORIENTED_EDGE('',*,*,#1087,.F.);
#612=ORIENTED_EDGE('',*,*,#1088,.F.);
#613=ORIENTED_EDGE('',*,*,#1084,.T.);
#614=ORIENTED_EDGE('',*,*,#1089,.F.);
#615=ORIENTED_EDGE('',*,*,#1090,.F.);
#616=ORIENTED_EDGE('',*,*,#1091,.T.);
#617=ORIENTED_EDGE('',*,*,#1087,.T.);
#618=ORIENTED_EDGE('',*,*,#1092,.F.);
#619=ORIENTED_EDGE('',*,*,#1093,.F.);
#620=ORIENTED_EDGE('',*,*,#1094,.T.);
#621=ORIENTED_EDGE('',*,*,#1090,.T.);
#622=ORIENTED_EDGE('',*,*,#1095,.F.);
#623=ORIENTED_EDGE('',*,*,#1096,.F.);
#624=ORIENTED_EDGE('',*,*,#1097,.T.);
#625=ORIENTED_EDGE('',*,*,#1093,.T.);
#626=ORIENTED_EDGE('',*,*,#1098,.F.);
#627=ORIENTED_EDGE('',*,*,#1099,.F.);
#628=ORIENTED_EDGE('',*,*,#1100,.T.);
#629=ORIENTED_EDGE('',*,*,#1101,.T.);
#630=ORIENTED_EDGE('',*,*,#1102,.T.);
#631=ORIENTED_EDGE('',*,*,#1103,.F.);
#632=ORIENTED_EDGE('',*,*,#1104,.F.);
#633=ORIENTED_EDGE('',*,*,#1099,.T.);
#634=ORIENTED_EDGE('',*,*,#1105,.F.);
#635=ORIENTED_EDGE('',*,*,#1106,.F.);
#636=ORIENTED_EDGE('',*,*,#1107,.T.);
#637=ORIENTED_EDGE('',*,*,#1103,.T.);
#638=ORIENTED_EDGE('',*,*,#1108,.T.);
#639=ORIENTED_EDGE('',*,*,#1109,.F.);
#640=ORIENTED_EDGE('',*,*,#1110,.F.);
#641=ORIENTED_EDGE('',*,*,#1106,.T.);
#642=ORIENTED_EDGE('',*,*,#1111,.F.);
#643=ORIENTED_EDGE('',*,*,#1112,.F.);
#644=ORIENTED_EDGE('',*,*,#1113,.T.);
#645=ORIENTED_EDGE('',*,*,#1109,.T.);
#646=ORIENTED_EDGE('',*,*,#1114,.F.);
#647=ORIENTED_EDGE('',*,*,#1115,.F.);
#648=ORIENTED_EDGE('',*,*,#1116,.T.);
#649=ORIENTED_EDGE('',*,*,#1112,.T.);
#650=ORIENTED_EDGE('',*,*,#1117,.F.);
#651=ORIENTED_EDGE('',*,*,#1118,.F.);
#652=ORIENTED_EDGE('',*,*,#1119,.T.);
#653=ORIENTED_EDGE('',*,*,#1115,.T.);
#654=ORIENTED_EDGE('',*,*,#1120,.F.);
#655=ORIENTED_EDGE('',*,*,#1121,.F.);
#656=ORIENTED_EDGE('',*,*,#1122,.T.);
#657=ORIENTED_EDGE('',*,*,#1123,.T.);
#658=ORIENTED_EDGE('',*,*,#1124,.T.);
#659=ORIENTED_EDGE('',*,*,#1125,.F.);
#660=ORIENTED_EDGE('',*,*,#1126,.F.);
#661=ORIENTED_EDGE('',*,*,#1121,.T.);
#662=ORIENTED_EDGE('',*,*,#1127,.F.);
#663=ORIENTED_EDGE('',*,*,#1128,.F.);
#664=ORIENTED_EDGE('',*,*,#1129,.T.);
#665=ORIENTED_EDGE('',*,*,#1125,.T.);
#666=ORIENTED_EDGE('',*,*,#1130,.T.);
#667=ORIENTED_EDGE('',*,*,#1131,.F.);
#668=ORIENTED_EDGE('',*,*,#1132,.F.);
#669=ORIENTED_EDGE('',*,*,#1128,.T.);
#670=ORIENTED_EDGE('',*,*,#1133,.F.);
#671=ORIENTED_EDGE('',*,*,#1134,.F.);
#672=ORIENTED_EDGE('',*,*,#1135,.T.);
#673=ORIENTED_EDGE('',*,*,#1131,.T.);
#674=ORIENTED_EDGE('',*,*,#1136,.T.);
#675=ORIENTED_EDGE('',*,*,#1137,.F.);
#676=ORIENTED_EDGE('',*,*,#1138,.F.);
#677=ORIENTED_EDGE('',*,*,#1134,.T.);
#678=ORIENTED_EDGE('',*,*,#1139,.F.);
#679=ORIENTED_EDGE('',*,*,#1140,.F.);
#680=ORIENTED_EDGE('',*,*,#1141,.T.);
#681=ORIENTED_EDGE('',*,*,#1137,.T.);
#682=ORIENTED_EDGE('',*,*,#1142,.F.);
#683=ORIENTED_EDGE('',*,*,#1143,.F.);
#684=ORIENTED_EDGE('',*,*,#1144,.T.);
#685=ORIENTED_EDGE('',*,*,#1145,.T.);
#686=ORIENTED_EDGE('',*,*,#1146,.T.);
#687=ORIENTED_EDGE('',*,*,#1147,.F.);
#688=ORIENTED_EDGE('',*,*,#1148,.F.);
#689=ORIENTED_EDGE('',*,*,#1143,.T.);
#690=ORIENTED_EDGE('',*,*,#1149,.T.);
#691=ORIENTED_EDGE('',*,*,#1150,.F.);
#692=ORIENTED_EDGE('',*,*,#1151,.F.);
#693=ORIENTED_EDGE('',*,*,#1147,.T.);
#694=ORIENTED_EDGE('',*,*,#1152,.F.);
#695=ORIENTED_EDGE('',*,*,#947,.F.);
#696=ORIENTED_EDGE('',*,*,#1153,.T.);
#697=ORIENTED_EDGE('',*,*,#964,.T.);
#698=ORIENTED_EDGE('',*,*,#1154,.F.);
#699=ORIENTED_EDGE('',*,*,#969,.F.);
#700=ORIENTED_EDGE('',*,*,#1155,.T.);
#701=ORIENTED_EDGE('',*,*,#986,.T.);
#702=ORIENTED_EDGE('',*,*,#1156,.F.);
#703=ORIENTED_EDGE('',*,*,#991,.F.);
#704=ORIENTED_EDGE('',*,*,#1157,.T.);
#705=ORIENTED_EDGE('',*,*,#1008,.T.);
#706=ORIENTED_EDGE('',*,*,#1158,.F.);
#707=ORIENTED_EDGE('',*,*,#1013,.F.);
#708=ORIENTED_EDGE('',*,*,#1159,.T.);
#709=ORIENTED_EDGE('',*,*,#1030,.T.);
#710=ORIENTED_EDGE('',*,*,#1160,.F.);
#711=ORIENTED_EDGE('',*,*,#1035,.F.);
#712=ORIENTED_EDGE('',*,*,#1161,.T.);
#713=ORIENTED_EDGE('',*,*,#1052,.T.);
#714=ORIENTED_EDGE('',*,*,#1162,.F.);
#715=ORIENTED_EDGE('',*,*,#1057,.F.);
#716=ORIENTED_EDGE('',*,*,#1163,.T.);
#717=ORIENTED_EDGE('',*,*,#1074,.T.);
#718=ORIENTED_EDGE('',*,*,#1164,.F.);
#719=ORIENTED_EDGE('',*,*,#1079,.F.);
#720=ORIENTED_EDGE('',*,*,#1165,.T.);
#721=ORIENTED_EDGE('',*,*,#1096,.T.);
#722=ORIENTED_EDGE('',*,*,#1166,.F.);
#723=ORIENTED_EDGE('',*,*,#1101,.F.);
#724=ORIENTED_EDGE('',*,*,#1167,.T.);
#725=ORIENTED_EDGE('',*,*,#1118,.T.);
#726=ORIENTED_EDGE('',*,*,#1168,.T.);
#727=ORIENTED_EDGE('',*,*,#1123,.F.);
#728=ORIENTED_EDGE('',*,*,#1169,.F.);
#729=ORIENTED_EDGE('',*,*,#1140,.T.);
#730=ORIENTED_EDGE('',*,*,#1170,.T.);
#731=ORIENTED_EDGE('',*,*,#1171,.F.);
#732=ORIENTED_EDGE('',*,*,#1172,.T.);
#733=ORIENTED_EDGE('',*,*,#1173,.F.);
#734=ORIENTED_EDGE('',*,*,#1174,.T.);
#735=ORIENTED_EDGE('',*,*,#1175,.F.);
#736=ORIENTED_EDGE('',*,*,#1176,.T.);
#737=ORIENTED_EDGE('',*,*,#1177,.F.);
#738=ORIENTED_EDGE('',*,*,#1178,.F.);
#739=ORIENTED_EDGE('',*,*,#1145,.F.);
#740=ORIENTED_EDGE('',*,*,#1179,.T.);
#741=ORIENTED_EDGE('',*,*,#1150,.T.);
#742=ORIENTED_EDGE('',*,*,#1180,.F.);
#743=ORIENTED_EDGE('',*,*,#925,.F.);
#744=ORIENTED_EDGE('',*,*,#1181,.T.);
#745=ORIENTED_EDGE('',*,*,#942,.T.);
#746=ORIENTED_EDGE('',*,*,#1144,.F.);
#747=ORIENTED_EDGE('',*,*,#1148,.T.);
#748=ORIENTED_EDGE('',*,*,#1151,.T.);
#749=ORIENTED_EDGE('',*,*,#1179,.F.);
#750=ORIENTED_EDGE('',*,*,#1176,.F.);
#751=ORIENTED_EDGE('',*,*,#1174,.F.);
#752=ORIENTED_EDGE('',*,*,#1172,.F.);
#753=ORIENTED_EDGE('',*,*,#1170,.F.);
#754=ORIENTED_EDGE('',*,*,#1122,.F.);
#755=ORIENTED_EDGE('',*,*,#1126,.T.);
#756=ORIENTED_EDGE('',*,*,#1129,.F.);
#757=ORIENTED_EDGE('',*,*,#1132,.T.);
#758=ORIENTED_EDGE('',*,*,#1135,.F.);
#759=ORIENTED_EDGE('',*,*,#1138,.T.);
#760=ORIENTED_EDGE('',*,*,#1141,.F.);
#761=ORIENTED_EDGE('',*,*,#1169,.T.);
#762=ORIENTED_EDGE('',*,*,#1100,.F.);
#763=ORIENTED_EDGE('',*,*,#1104,.T.);
#764=ORIENTED_EDGE('',*,*,#1107,.F.);
#765=ORIENTED_EDGE('',*,*,#1110,.T.);
#766=ORIENTED_EDGE('',*,*,#1113,.F.);
#767=ORIENTED_EDGE('',*,*,#1116,.F.);
#768=ORIENTED_EDGE('',*,*,#1119,.F.);
#769=ORIENTED_EDGE('',*,*,#1167,.F.);
#770=ORIENTED_EDGE('',*,*,#1078,.F.);
#771=ORIENTED_EDGE('',*,*,#1082,.T.);
#772=ORIENTED_EDGE('',*,*,#1085,.F.);
#773=ORIENTED_EDGE('',*,*,#1088,.T.);
#774=ORIENTED_EDGE('',*,*,#1091,.F.);
#775=ORIENTED_EDGE('',*,*,#1094,.F.);
#776=ORIENTED_EDGE('',*,*,#1097,.F.);
#777=ORIENTED_EDGE('',*,*,#1165,.F.);
#778=ORIENTED_EDGE('',*,*,#1056,.F.);
#779=ORIENTED_EDGE('',*,*,#1060,.T.);
#780=ORIENTED_EDGE('',*,*,#1063,.F.);
#781=ORIENTED_EDGE('',*,*,#1066,.T.);
#782=ORIENTED_EDGE('',*,*,#1069,.F.);
#783=ORIENTED_EDGE('',*,*,#1072,.F.);
#784=ORIENTED_EDGE('',*,*,#1075,.F.);
#785=ORIENTED_EDGE('',*,*,#1163,.F.);
#786=ORIENTED_EDGE('',*,*,#1034,.F.);
#787=ORIENTED_EDGE('',*,*,#1038,.T.);
#788=ORIENTED_EDGE('',*,*,#1041,.F.);
#789=ORIENTED_EDGE('',*,*,#1044,.T.);
#790=ORIENTED_EDGE('',*,*,#1047,.F.);
#791=ORIENTED_EDGE('',*,*,#1050,.F.);
#792=ORIENTED_EDGE('',*,*,#1053,.F.);
#793=ORIENTED_EDGE('',*,*,#1161,.F.);
#794=ORIENTED_EDGE('',*,*,#1012,.F.);
#795=ORIENTED_EDGE('',*,*,#1016,.T.);
#796=ORIENTED_EDGE('',*,*,#1019,.F.);
#797=ORIENTED_EDGE('',*,*,#1022,.T.);
#798=ORIENTED_EDGE('',*,*,#1025,.F.);
#799=ORIENTED_EDGE('',*,*,#1028,.F.);
#800=ORIENTED_EDGE('',*,*,#1031,.F.);
#801=ORIENTED_EDGE('',*,*,#1159,.F.);
#802=ORIENTED_EDGE('',*,*,#990,.F.);
#803=ORIENTED_EDGE('',*,*,#994,.T.);
#804=ORIENTED_EDGE('',*,*,#997,.F.);
#805=ORIENTED_EDGE('',*,*,#1000,.T.);
#806=ORIENTED_EDGE('',*,*,#1003,.F.);
#807=ORIENTED_EDGE('',*,*,#1006,.F.);
#808=ORIENTED_EDGE('',*,*,#1009,.F.);
#809=ORIENTED_EDGE('',*,*,#1157,.F.);
#810=ORIENTED_EDGE('',*,*,#968,.F.);
#811=ORIENTED_EDGE('',*,*,#972,.T.);
#812=ORIENTED_EDGE('',*,*,#975,.F.);
#813=ORIENTED_EDGE('',*,*,#978,.T.);
#814=ORIENTED_EDGE('',*,*,#981,.F.);
#815=ORIENTED_EDGE('',*,*,#984,.F.);
#816=ORIENTED_EDGE('',*,*,#987,.F.);
#817=ORIENTED_EDGE('',*,*,#1155,.F.);
#818=ORIENTED_EDGE('',*,*,#946,.F.);
#819=ORIENTED_EDGE('',*,*,#950,.T.);
#820=ORIENTED_EDGE('',*,*,#953,.F.);
#821=ORIENTED_EDGE('',*,*,#956,.T.);
#822=ORIENTED_EDGE('',*,*,#959,.F.);
#823=ORIENTED_EDGE('',*,*,#962,.F.);
#824=ORIENTED_EDGE('',*,*,#965,.F.);
#825=ORIENTED_EDGE('',*,*,#1153,.F.);
#826=ORIENTED_EDGE('',*,*,#924,.F.);
#827=ORIENTED_EDGE('',*,*,#928,.T.);
#828=ORIENTED_EDGE('',*,*,#931,.F.);
#829=ORIENTED_EDGE('',*,*,#934,.T.);
#830=ORIENTED_EDGE('',*,*,#937,.F.);
#831=ORIENTED_EDGE('',*,*,#940,.F.);
#832=ORIENTED_EDGE('',*,*,#943,.F.);
#833=ORIENTED_EDGE('',*,*,#1181,.F.);
#834=ORIENTED_EDGE('',*,*,#1142,.T.);
#835=ORIENTED_EDGE('',*,*,#1178,.T.);
#836=ORIENTED_EDGE('',*,*,#1149,.F.);
#837=ORIENTED_EDGE('',*,*,#1146,.F.);
#838=ORIENTED_EDGE('',*,*,#1177,.T.);
#839=ORIENTED_EDGE('',*,*,#1175,.T.);
#840=ORIENTED_EDGE('',*,*,#1173,.T.);
#841=ORIENTED_EDGE('',*,*,#1171,.T.);
#842=ORIENTED_EDGE('',*,*,#1120,.T.);
#843=ORIENTED_EDGE('',*,*,#1168,.F.);
#844=ORIENTED_EDGE('',*,*,#1139,.T.);
#845=ORIENTED_EDGE('',*,*,#1136,.F.);
#846=ORIENTED_EDGE('',*,*,#1133,.T.);
#847=ORIENTED_EDGE('',*,*,#1130,.F.);
#848=ORIENTED_EDGE('',*,*,#1127,.T.);
#849=ORIENTED_EDGE('',*,*,#1124,.F.);
#850=ORIENTED_EDGE('',*,*,#1098,.T.);
#851=ORIENTED_EDGE('',*,*,#1166,.T.);
#852=ORIENTED_EDGE('',*,*,#1117,.T.);
#853=ORIENTED_EDGE('',*,*,#1114,.T.);
#854=ORIENTED_EDGE('',*,*,#1111,.T.);
#855=ORIENTED_EDGE('',*,*,#1108,.F.);
#856=ORIENTED_EDGE('',*,*,#1105,.T.);
#857=ORIENTED_EDGE('',*,*,#1102,.F.);
#858=ORIENTED_EDGE('',*,*,#1076,.T.);
#859=ORIENTED_EDGE('',*,*,#1164,.T.);
#860=ORIENTED_EDGE('',*,*,#1095,.T.);
#861=ORIENTED_EDGE('',*,*,#1092,.T.);
#862=ORIENTED_EDGE('',*,*,#1089,.T.);
#863=ORIENTED_EDGE('',*,*,#1086,.F.);
#864=ORIENTED_EDGE('',*,*,#1083,.T.);
#865=ORIENTED_EDGE('',*,*,#1080,.F.);
#866=ORIENTED_EDGE('',*,*,#1054,.T.);
#867=ORIENTED_EDGE('',*,*,#1162,.T.);
#868=ORIENTED_EDGE('',*,*,#1073,.T.);
#869=ORIENTED_EDGE('',*,*,#1070,.T.);
#870=ORIENTED_EDGE('',*,*,#1067,.T.);
#871=ORIENTED_EDGE('',*,*,#1064,.F.);
#872=ORIENTED_EDGE('',*,*,#1061,.T.);
#873=ORIENTED_EDGE('',*,*,#1058,.F.);
#874=ORIENTED_EDGE('',*,*,#1032,.T.);
#875=ORIENTED_EDGE('',*,*,#1160,.T.);
#876=ORIENTED_EDGE('',*,*,#1051,.T.);
#877=ORIENTED_EDGE('',*,*,#1048,.T.);
#878=ORIENTED_EDGE('',*,*,#1045,.T.);
#879=ORIENTED_EDGE('',*,*,#1042,.F.);
#880=ORIENTED_EDGE('',*,*,#1039,.T.);
#881=ORIENTED_EDGE('',*,*,#1036,.F.);
#882=ORIENTED_EDGE('',*,*,#1010,.T.);
#883=ORIENTED_EDGE('',*,*,#1158,.T.);
#884=ORIENTED_EDGE('',*,*,#1029,.T.);
#885=ORIENTED_EDGE('',*,*,#1026,.T.);
#886=ORIENTED_EDGE('',*,*,#1023,.T.);
#887=ORIENTED_EDGE('',*,*,#1020,.F.);
#888=ORIENTED_EDGE('',*,*,#1017,.T.);
#889=ORIENTED_EDGE('',*,*,#1014,.F.);
#890=ORIENTED_EDGE('',*,*,#988,.T.);
#891=ORIENTED_EDGE('',*,*,#1156,.T.);
#892=ORIENTED_EDGE('',*,*,#1007,.T.);
#893=ORIENTED_EDGE('',*,*,#1004,.T.);
#894=ORIENTED_EDGE('',*,*,#1001,.T.);
#895=ORIENTED_EDGE('',*,*,#998,.F.);
#896=ORIENTED_EDGE('',*,*,#995,.T.);
#897=ORIENTED_EDGE('',*,*,#992,.F.);
#898=ORIENTED_EDGE('',*,*,#966,.T.);
#899=ORIENTED_EDGE('',*,*,#1154,.T.);
#900=ORIENTED_EDGE('',*,*,#985,.T.);
#901=ORIENTED_EDGE('',*,*,#982,.T.);
#902=ORIENTED_EDGE('',*,*,#979,.T.);
#903=ORIENTED_EDGE('',*,*,#976,.F.);
#904=ORIENTED_EDGE('',*,*,#973,.T.);
#905=ORIENTED_EDGE('',*,*,#970,.F.);
#906=ORIENTED_EDGE('',*,*,#944,.T.);
#907=ORIENTED_EDGE('',*,*,#1152,.T.);
#908=ORIENTED_EDGE('',*,*,#963,.T.);
#909=ORIENTED_EDGE('',*,*,#960,.T.);
#910=ORIENTED_EDGE('',*,*,#957,.T.);
#911=ORIENTED_EDGE('',*,*,#954,.F.);
#912=ORIENTED_EDGE('',*,*,#951,.T.);
#913=ORIENTED_EDGE('',*,*,#948,.F.);
#914=ORIENTED_EDGE('',*,*,#922,.T.);
#915=ORIENTED_EDGE('',*,*,#1180,.T.);
#916=ORIENTED_EDGE('',*,*,#941,.T.);
#917=ORIENTED_EDGE('',*,*,#938,.T.);
#918=ORIENTED_EDGE('',*,*,#935,.T.);
#919=ORIENTED_EDGE('',*,*,#932,.F.);
#920=ORIENTED_EDGE('',*,*,#929,.T.);
#921=ORIENTED_EDGE('',*,*,#926,.F.);
#922=EDGE_CURVE('',#1182,#1183,#1358,.T.);
#923=EDGE_CURVE('',#1184,#1182,#58,.T.);
#924=EDGE_CURVE('',#1184,#1185,#1359,.T.);
#925=EDGE_CURVE('',#1185,#1183,#59,.T.);
#926=EDGE_CURVE('',#1182,#1186,#60,.T.);
#927=EDGE_CURVE('',#1187,#1186,#61,.T.);
#928=EDGE_CURVE('',#1184,#1187,#62,.T.);
#929=EDGE_CURVE('',#1188,#1186,#1360,.T.);
#930=EDGE_CURVE('',#1189,#1188,#63,.T.);
#931=EDGE_CURVE('',#1189,#1187,#1361,.T.);
#932=EDGE_CURVE('',#1188,#1190,#64,.T.);
#933=EDGE_CURVE('',#1191,#1190,#65,.T.);
#934=EDGE_CURVE('',#1189,#1191,#66,.T.);
#935=EDGE_CURVE('',#1192,#1190,#1362,.T.);
#936=EDGE_CURVE('',#1193,#1192,#67,.T.);
#937=EDGE_CURVE('',#1193,#1191,#1363,.T.);
#938=EDGE_CURVE('',#1194,#1192,#68,.T.);
#939=EDGE_CURVE('',#1195,#1194,#69,.T.);
#940=EDGE_CURVE('',#1195,#1193,#70,.T.);
#941=EDGE_CURVE('',#1196,#1194,#1364,.T.);
#942=EDGE_CURVE('',#1197,#1196,#71,.T.);
#943=EDGE_CURVE('',#1197,#1195,#1365,.T.);
#944=EDGE_CURVE('',#1198,#1199,#1366,.T.);
#945=EDGE_CURVE('',#1200,#1198,#72,.T.);
#946=EDGE_CURVE('',#1200,#1201,#1367,.T.);
#947=EDGE_CURVE('',#1201,#1199,#73,.T.);
#948=EDGE_CURVE('',#1198,#1202,#74,.T.);
#949=EDGE_CURVE('',#1203,#1202,#75,.T.);
#950=EDGE_CURVE('',#1200,#1203,#76,.T.);
#951=EDGE_CURVE('',#1204,#1202,#1368,.T.);
#952=EDGE_CURVE('',#1205,#1204,#77,.T.);
#953=EDGE_CURVE('',#1205,#1203,#1369,.T.);
#954=EDGE_CURVE('',#1204,#1206,#78,.T.);
#955=EDGE_CURVE('',#1207,#1206,#79,.T.);
#956=EDGE_CURVE('',#1205,#1207,#80,.T.);
#957=EDGE_CURVE('',#1208,#1206,#1370,.T.);
#958=EDGE_CURVE('',#1209,#1208,#81,.T.);
#959=EDGE_CURVE('',#1209,#1207,#1371,.T.);
#960=EDGE_CURVE('',#1210,#1208,#82,.T.);
#961=EDGE_CURVE('',#1211,#1210,#83,.T.);
#962=EDGE_CURVE('',#1211,#1209,#84,.T.);
#963=EDGE_CURVE('',#1212,#1210,#1372,.T.);
#964=EDGE_CURVE('',#1213,#1212,#85,.T.);
#965=EDGE_CURVE('',#1213,#1211,#1373,.T.);
#966=EDGE_CURVE('',#1214,#1215,#1374,.T.);
#967=EDGE_CURVE('',#1216,#1214,#86,.T.);
#968=EDGE_CURVE('',#1216,#1217,#1375,.T.);
#969=EDGE_CURVE('',#1217,#1215,#87,.T.);
#970=EDGE_CURVE('',#1214,#1218,#88,.T.);
#971=EDGE_CURVE('',#1219,#1218,#89,.T.);
#972=EDGE_CURVE('',#1216,#1219,#90,.T.);
#973=EDGE_CURVE('',#1220,#1218,#1376,.T.);
#974=EDGE_CURVE('',#1221,#1220,#91,.T.);
#975=EDGE_CURVE('',#1221,#1219,#1377,.T.);
#976=EDGE_CURVE('',#1220,#1222,#92,.T.);
#977=EDGE_CURVE('',#1223,#1222,#93,.T.);
#978=EDGE_CURVE('',#1221,#1223,#94,.T.);
#979=EDGE_CURVE('',#1224,#1222,#1378,.T.);
#980=EDGE_CURVE('',#1225,#1224,#95,.T.);
#981=EDGE_CURVE('',#1225,#1223,#1379,.T.);
#982=EDGE_CURVE('',#1226,#1224,#96,.T.);
#983=EDGE_CURVE('',#1227,#1226,#97,.T.);
#984=EDGE_CURVE('',#1227,#1225,#98,.T.);
#985=EDGE_CURVE('',#1228,#1226,#1380,.T.);
#986=EDGE_CURVE('',#1229,#1228,#99,.T.);
#987=EDGE_CURVE('',#1229,#1227,#1381,.T.);
#988=EDGE_CURVE('',#1230,#1231,#1382,.T.);
#989=EDGE_CURVE('',#1232,#1230,#100,.T.);
#990=EDGE_CURVE('',#1232,#1233,#1383,.T.);
#991=EDGE_CURVE('',#1233,#1231,#101,.T.);
#992=EDGE_CURVE('',#1230,#1234,#102,.T.);
#993=EDGE_CURVE('',#1235,#1234,#103,.T.);
#994=EDGE_CURVE('',#1232,#1235,#104,.T.);
#995=EDGE_CURVE('',#1236,#1234,#1384,.T.);
#996=EDGE_CURVE('',#1237,#1236,#105,.T.);
#997=EDGE_CURVE('',#1237,#1235,#1385,.T.);
#998=EDGE_CURVE('',#1236,#1238,#106,.T.);
#999=EDGE_CURVE('',#1239,#1238,#107,.T.);
#1000=EDGE_CURVE('',#1237,#1239,#108,.T.);
#1001=EDGE_CURVE('',#1240,#1238,#1386,.T.);
#1002=EDGE_CURVE('',#1241,#1240,#109,.T.);
#1003=EDGE_CURVE('',#1241,#1239,#1387,.T.);
#1004=EDGE_CURVE('',#1242,#1240,#110,.T.);
#1005=EDGE_CURVE('',#1243,#1242,#111,.T.);
#1006=EDGE_CURVE('',#1243,#1241,#112,.T.);
#1007=EDGE_CURVE('',#1244,#1242,#1388,.T.);
#1008=EDGE_CURVE('',#1245,#1244,#113,.T.);
#1009=EDGE_CURVE('',#1245,#1243,#1389,.T.);
#1010=EDGE_CURVE('',#1246,#1247,#1390,.T.);
#1011=EDGE_CURVE('',#1248,#1246,#114,.T.);
#1012=EDGE_CURVE('',#1248,#1249,#1391,.T.);
#1013=EDGE_CURVE('',#1249,#1247,#115,.T.);
#1014=EDGE_CURVE('',#1246,#1250,#116,.T.);
#1015=EDGE_CURVE('',#1251,#1250,#117,.T.);
#1016=EDGE_CURVE('',#1248,#1251,#118,.T.);
#1017=EDGE_CURVE('',#1252,#1250,#1392,.T.);
#1018=EDGE_CURVE('',#1253,#1252,#119,.T.);
#1019=EDGE_CURVE('',#1253,#1251,#1393,.T.);
#1020=EDGE_CURVE('',#1252,#1254,#120,.T.);
#1021=EDGE_CURVE('',#1255,#1254,#121,.T.);
#1022=EDGE_CURVE('',#1253,#1255,#122,.T.);
#1023=EDGE_CURVE('',#1256,#1254,#1394,.T.);
#1024=EDGE_CURVE('',#1257,#1256,#123,.T.);
#1025=EDGE_CURVE('',#1257,#1255,#1395,.T.);
#1026=EDGE_CURVE('',#1258,#1256,#124,.T.);
#1027=EDGE_CURVE('',#1259,#1258,#125,.T.);
#1028=EDGE_CURVE('',#1259,#1257,#126,.T.);
#1029=EDGE_CURVE('',#1260,#1258,#1396,.T.);
#1030=EDGE_CURVE('',#1261,#1260,#127,.T.);
#1031=EDGE_CURVE('',#1261,#1259,#1397,.T.);
#1032=EDGE_CURVE('',#1262,#1263,#1398,.T.);
#1033=EDGE_CURVE('',#1264,#1262,#128,.T.);
#1034=EDGE_CURVE('',#1264,#1265,#1399,.T.);
#1035=EDGE_CURVE('',#1265,#1263,#129,.T.);
#1036=EDGE_CURVE('',#1262,#1266,#130,.T.);
#1037=EDGE_CURVE('',#1267,#1266,#131,.T.);
#1038=EDGE_CURVE('',#1264,#1267,#132,.T.);
#1039=EDGE_CURVE('',#1268,#1266,#1400,.T.);
#1040=EDGE_CURVE('',#1269,#1268,#133,.T.);
#1041=EDGE_CURVE('',#1269,#1267,#1401,.T.);
#1042=EDGE_CURVE('',#1268,#1270,#134,.T.);
#1043=EDGE_CURVE('',#1271,#1270,#135,.T.);
#1044=EDGE_CURVE('',#1269,#1271,#136,.T.);
#1045=EDGE_CURVE('',#1272,#1270,#1402,.T.);
#1046=EDGE_CURVE('',#1273,#1272,#137,.T.);
#1047=EDGE_CURVE('',#1273,#1271,#1403,.T.);
#1048=EDGE_CURVE('',#1274,#1272,#138,.T.);
#1049=EDGE_CURVE('',#1275,#1274,#139,.T.);
#1050=EDGE_CURVE('',#1275,#1273,#140,.T.);
#1051=EDGE_CURVE('',#1276,#1274,#1404,.T.);
#1052=EDGE_CURVE('',#1277,#1276,#141,.T.);
#1053=EDGE_CURVE('',#1277,#1275,#1405,.T.);
#1054=EDGE_CURVE('',#1278,#1279,#1406,.T.);
#1055=EDGE_CURVE('',#1280,#1278,#142,.T.);
#1056=EDGE_CURVE('',#1280,#1281,#1407,.T.);
#1057=EDGE_CURVE('',#1281,#1279,#143,.T.);
#1058=EDGE_CURVE('',#1278,#1282,#144,.T.);
#1059=EDGE_CURVE('',#1283,#1282,#145,.T.);
#1060=EDGE_CURVE('',#1280,#1283,#146,.T.);
#1061=EDGE_CURVE('',#1284,#1282,#1408,.T.);
#1062=EDGE_CURVE('',#1285,#1284,#147,.T.);
#1063=EDGE_CURVE('',#1285,#1283,#1409,.T.);
#1064=EDGE_CURVE('',#1284,#1286,#148,.T.);
#1065=EDGE_CURVE('',#1287,#1286,#149,.T.);
#1066=EDGE_CURVE('',#1285,#1287,#150,.T.);
#1067=EDGE_CURVE('',#1288,#1286,#1410,.T.);
#1068=EDGE_CURVE('',#1289,#1288,#151,.T.);
#1069=EDGE_CURVE('',#1289,#1287,#1411,.T.);
#1070=EDGE_CURVE('',#1290,#1288,#152,.T.);
#1071=EDGE_CURVE('',#1291,#1290,#153,.T.);
#1072=EDGE_CURVE('',#1291,#1289,#154,.T.);
#1073=EDGE_CURVE('',#1292,#1290,#1412,.T.);
#1074=EDGE_CURVE('',#1293,#1292,#155,.T.);
#1075=EDGE_CURVE('',#1293,#1291,#1413,.T.);
#1076=EDGE_CURVE('',#1294,#1295,#1414,.T.);
#1077=EDGE_CURVE('',#1296,#1294,#156,.T.);
#1078=EDGE_CURVE('',#1296,#1297,#1415,.T.);
#1079=EDGE_CURVE('',#1297,#1295,#157,.T.);
#1080=EDGE_CURVE('',#1294,#1298,#158,.T.);
#1081=EDGE_CURVE('',#1299,#1298,#159,.T.);
#1082=EDGE_CURVE('',#1296,#1299,#160,.T.);
#1083=EDGE_CURVE('',#1300,#1298,#1416,.T.);
#1084=EDGE_CURVE('',#1301,#1300,#161,.T.);
#1085=EDGE_CURVE('',#1301,#1299,#1417,.T.);
#1086=EDGE_CURVE('',#1300,#1302,#162,.T.);
#1087=EDGE_CURVE('',#1303,#1302,#163,.T.);
#1088=EDGE_CURVE('',#1301,#1303,#164,.T.);
#1089=EDGE_CURVE('',#1304,#1302,#1418,.T.);
#1090=EDGE_CURVE('',#1305,#1304,#165,.T.);
#1091=EDGE_CURVE('',#1305,#1303,#1419,.T.);
#1092=EDGE_CURVE('',#1306,#1304,#166,.T.);
#1093=EDGE_CURVE('',#1307,#1306,#167,.T.);
#1094=EDGE_CURVE('',#1307,#1305,#168,.T.);
#1095=EDGE_CURVE('',#1308,#1306,#1420,.T.);
#1096=EDGE_CURVE('',#1309,#1308,#169,.T.);
#1097=EDGE_CURVE('',#1309,#1307,#1421,.T.);
#1098=EDGE_CURVE('',#1310,#1311,#1422,.T.);
#1099=EDGE_CURVE('',#1312,#1310,#170,.T.);
#1100=EDGE_CURVE('',#1312,#1313,#1423,.T.);
#1101=EDGE_CURVE('',#1313,#1311,#171,.T.);
#1102=EDGE_CURVE('',#1310,#1314,#172,.T.);
#1103=EDGE_CURVE('',#1315,#1314,#173,.T.);
#1104=EDGE_CURVE('',#1312,#1315,#174,.T.);
#1105=EDGE_CURVE('',#1316,#1314,#1424,.T.);
#1106=EDGE_CURVE('',#1317,#1316,#175,.T.);
#1107=EDGE_CURVE('',#1317,#1315,#1425,.T.);
#1108=EDGE_CURVE('',#1316,#1318,#176,.T.);
#1109=EDGE_CURVE('',#1319,#1318,#177,.T.);
#1110=EDGE_CURVE('',#1317,#1319,#178,.T.);
#1111=EDGE_CURVE('',#1320,#1318,#1426,.T.);
#1112=EDGE_CURVE('',#1321,#1320,#179,.T.);
#1113=EDGE_CURVE('',#1321,#1319,#1427,.T.);
#1114=EDGE_CURVE('',#1322,#1320,#180,.T.);
#1115=EDGE_CURVE('',#1323,#1322,#181,.T.);
#1116=EDGE_CURVE('',#1323,#1321,#182,.T.);
#1117=EDGE_CURVE('',#1324,#1322,#1428,.T.);
#1118=EDGE_CURVE('',#1325,#1324,#183,.T.);
#1119=EDGE_CURVE('',#1325,#1323,#1429,.T.);
#1120=EDGE_CURVE('',#1326,#1327,#184,.T.);
#1121=EDGE_CURVE('',#1328,#1326,#185,.T.);
#1122=EDGE_CURVE('',#1328,#1329,#186,.T.);
#1123=EDGE_CURVE('',#1329,#1327,#187,.T.);
#1124=EDGE_CURVE('',#1326,#1330,#1430,.T.);
#1125=EDGE_CURVE('',#1331,#1330,#188,.T.);
#1126=EDGE_CURVE('',#1328,#1331,#1431,.T.);
#1127=EDGE_CURVE('',#1332,#1330,#189,.T.);
#1128=EDGE_CURVE('',#1333,#1332,#190,.T.);
#1129=EDGE_CURVE('',#1333,#1331,#191,.T.);
#1130=EDGE_CURVE('',#1332,#1334,#1432,.T.);
#1131=EDGE_CURVE('',#1335,#1334,#192,.T.);
#1132=EDGE_CURVE('',#1333,#1335,#1433,.T.);
#1133=EDGE_CURVE('',#1336,#1334,#193,.T.);
#1134=EDGE_CURVE('',#1337,#1336,#194,.T.);
#1135=EDGE_CURVE('',#1337,#1335,#195,.T.);
#1136=EDGE_CURVE('',#1336,#1338,#1434,.T.);
#1137=EDGE_CURVE('',#1339,#1338,#196,.T.);
#1138=EDGE_CURVE('',#1337,#1339,#1435,.T.);
#1139=EDGE_CURVE('',#1340,#1338,#197,.T.);
#1140=EDGE_CURVE('',#1341,#1340,#198,.T.);
#1141=EDGE_CURVE('',#1341,#1339,#199,.T.);
#1142=EDGE_CURVE('',#1342,#1343,#200,.T.);
#1143=EDGE_CURVE('',#1344,#1342,#201,.T.);
#1144=EDGE_CURVE('',#1344,#1345,#202,.T.);
#1145=EDGE_CURVE('',#1345,#1343,#203,.T.);
#1146=EDGE_CURVE('',#1342,#1346,#204,.T.);
#1147=EDGE_CURVE('',#1347,#1346,#205,.T.);
#1148=EDGE_CURVE('',#1344,#1347,#206,.T.);
#1149=EDGE_CURVE('',#1346,#1348,#207,.T.);
#1150=EDGE_CURVE('',#1349,#1348,#208,.T.);
#1151=EDGE_CURVE('',#1347,#1349,#209,.T.);
#1152=EDGE_CURVE('',#1199,#1212,#210,.T.);
#1153=EDGE_CURVE('',#1201,#1213,#211,.T.);
#1154=EDGE_CURVE('',#1215,#1228,#212,.T.);
#1155=EDGE_CURVE('',#1217,#1229,#213,.T.);
#1156=EDGE_CURVE('',#1231,#1244,#214,.T.);
#1157=EDGE_CURVE('',#1233,#1245,#215,.T.);
#1158=EDGE_CURVE('',#1247,#1260,#216,.T.);
#1159=EDGE_CURVE('',#1249,#1261,#217,.T.);
#1160=EDGE_CURVE('',#1263,#1276,#218,.T.);
#1161=EDGE_CURVE('',#1265,#1277,#219,.T.);
#1162=EDGE_CURVE('',#1279,#1292,#220,.T.);
#1163=EDGE_CURVE('',#1281,#1293,#221,.T.);
#1164=EDGE_CURVE('',#1295,#1308,#222,.T.);
#1165=EDGE_CURVE('',#1297,#1309,#223,.T.);
#1166=EDGE_CURVE('',#1311,#1324,#224,.T.);
#1167=EDGE_CURVE('',#1313,#1325,#225,.T.);
#1168=EDGE_CURVE('',#1340,#1327,#1436,.T.);
#1169=EDGE_CURVE('',#1341,#1329,#1437,.T.);
#1170=EDGE_CURVE('',#1350,#1350,#1438,.T.);
#1171=EDGE_CURVE('',#1351,#1351,#1439,.T.);
#1172=EDGE_CURVE('',#1352,#1352,#1440,.T.);
#1173=EDGE_CURVE('',#1353,#1353,#1441,.T.);
#1174=EDGE_CURVE('',#1354,#1354,#1442,.T.);
#1175=EDGE_CURVE('',#1355,#1355,#1443,.T.);
#1176=EDGE_CURVE('',#1356,#1356,#1444,.T.);
#1177=EDGE_CURVE('',#1357,#1357,#1445,.T.);
#1178=EDGE_CURVE('',#1343,#1348,#226,.T.);
#1179=EDGE_CURVE('',#1345,#1349,#227,.T.);
#1180=EDGE_CURVE('',#1183,#1196,#228,.T.);
#1181=EDGE_CURVE('',#1185,#1197,#229,.T.);
#1182=VERTEX_POINT('',#2548);
#1183=VERTEX_POINT('',#2549);
#1184=VERTEX_POINT('',#2551);
#1185=VERTEX_POINT('',#2553);
#1186=VERTEX_POINT('',#2557);
#1187=VERTEX_POINT('',#2559);
#1188=VERTEX_POINT('',#2563);
#1189=VERTEX_POINT('',#2565);
#1190=VERTEX_POINT('',#2569);
#1191=VERTEX_POINT('',#2571);
#1192=VERTEX_POINT('',#2575);
#1193=VERTEX_POINT('',#2577);
#1194=VERTEX_POINT('',#2581);
#1195=VERTEX_POINT('',#2583);
#1196=VERTEX_POINT('',#2587);
#1197=VERTEX_POINT('',#2589);
#1198=VERTEX_POINT('',#2593);
#1199=VERTEX_POINT('',#2594);
#1200=VERTEX_POINT('',#2596);
#1201=VERTEX_POINT('',#2598);
#1202=VERTEX_POINT('',#2602);
#1203=VERTEX_POINT('',#2604);
#1204=VERTEX_POINT('',#2608);
#1205=VERTEX_POINT('',#2610);
#1206=VERTEX_POINT('',#2614);
#1207=VERTEX_POINT('',#2616);
#1208=VERTEX_POINT('',#2620);
#1209=VERTEX_POINT('',#2622);
#1210=VERTEX_POINT('',#2626);
#1211=VERTEX_POINT('',#2628);
#1212=VERTEX_POINT('',#2632);
#1213=VERTEX_POINT('',#2634);
#1214=VERTEX_POINT('',#2638);
#1215=VERTEX_POINT('',#2639);
#1216=VERTEX_POINT('',#2641);
#1217=VERTEX_POINT('',#2643);
#1218=VERTEX_POINT('',#2647);
#1219=VERTEX_POINT('',#2649);
#1220=VERTEX_POINT('',#2653);
#1221=VERTEX_POINT('',#2655);
#1222=VERTEX_POINT('',#2659);
#1223=VERTEX_POINT('',#2661);
#1224=VERTEX_POINT('',#2665);
#1225=VERTEX_POINT('',#2667);
#1226=VERTEX_POINT('',#2671);
#1227=VERTEX_POINT('',#2673);
#1228=VERTEX_POINT('',#2677);
#1229=VERTEX_POINT('',#2679);
#1230=VERTEX_POINT('',#2683);
#1231=VERTEX_POINT('',#2684);
#1232=VERTEX_POINT('',#2686);
#1233=VERTEX_POINT('',#2688);
#1234=VERTEX_POINT('',#2692);
#1235=VERTEX_POINT('',#2694);
#1236=VERTEX_POINT('',#2698);
#1237=VERTEX_POINT('',#2700);
#1238=VERTEX_POINT('',#2704);
#1239=VERTEX_POINT('',#2706);
#1240=VERTEX_POINT('',#2710);
#1241=VERTEX_POINT('',#2712);
#1242=VERTEX_POINT('',#2716);
#1243=VERTEX_POINT('',#2718);
#1244=VERTEX_POINT('',#2722);
#1245=VERTEX_POINT('',#2724);
#1246=VERTEX_POINT('',#2728);
#1247=VERTEX_POINT('',#2729);
#1248=VERTEX_POINT('',#2731);
#1249=VERTEX_POINT('',#2733);
#1250=VERTEX_POINT('',#2737);
#1251=VERTEX_POINT('',#2739);
#1252=VERTEX_POINT('',#2743);
#1253=VERTEX_POINT('',#2745);
#1254=VERTEX_POINT('',#2749);
#1255=VERTEX_POINT('',#2751);
#1256=VERTEX_POINT('',#2755);
#1257=VERTEX_POINT('',#2757);
#1258=VERTEX_POINT('',#2761);
#1259=VERTEX_POINT('',#2763);
#1260=VERTEX_POINT('',#2767);
#1261=VERTEX_POINT('',#2769);
#1262=VERTEX_POINT('',#2773);
#1263=VERTEX_POINT('',#2774);
#1264=VERTEX_POINT('',#2776);
#1265=VERTEX_POINT('',#2778);
#1266=VERTEX_POINT('',#2782);
#1267=VERTEX_POINT('',#2784);
#1268=VERTEX_POINT('',#2788);
#1269=VERTEX_POINT('',#2790);
#1270=VERTEX_POINT('',#2794);
#1271=VERTEX_POINT('',#2796);
#1272=VERTEX_POINT('',#2800);
#1273=VERTEX_POINT('',#2802);
#1274=VERTEX_POINT('',#2806);
#1275=VERTEX_POINT('',#2808);
#1276=VERTEX_POINT('',#2812);
#1277=VERTEX_POINT('',#2814);
#1278=VERTEX_POINT('',#2818);
#1279=VERTEX_POINT('',#2819);
#1280=VERTEX_POINT('',#2821);
#1281=VERTEX_POINT('',#2823);
#1282=VERTEX_POINT('',#2827);
#1283=VERTEX_POINT('',#2829);
#1284=VERTEX_POINT('',#2833);
#1285=VERTEX_POINT('',#2835);
#1286=VERTEX_POINT('',#2839);
#1287=VERTEX_POINT('',#2841);
#1288=VERTEX_POINT('',#2845);
#1289=VERTEX_POINT('',#2847);
#1290=VERTEX_POINT('',#2851);
#1291=VERTEX_POINT('',#2853);
#1292=VERTEX_POINT('',#2857);
#1293=VERTEX_POINT('',#2859);
#1294=VERTEX_POINT('',#2863);
#1295=VERTEX_POINT('',#2864);
#1296=VERTEX_POINT('',#2866);
#1297=VERTEX_POINT('',#2868);
#1298=VERTEX_POINT('',#2872);
#1299=VERTEX_POINT('',#2874);
#1300=VERTEX_POINT('',#2878);
#1301=VERTEX_POINT('',#2880);
#1302=VERTEX_POINT('',#2884);
#1303=VERTEX_POINT('',#2886);
#1304=VERTEX_POINT('',#2890);
#1305=VERTEX_POINT('',#2892);
#1306=VERTEX_POINT('',#2896);
#1307=VERTEX_POINT('',#2898);
#1308=VERTEX_POINT('',#2902);
#1309=VERTEX_POINT('',#2904);
#1310=VERTEX_POINT('',#2908);
#1311=VERTEX_POINT('',#2909);
#1312=VERTEX_POINT('',#2911);
#1313=VERTEX_POINT('',#2913);
#1314=VERTEX_POINT('',#2917);
#1315=VERTEX_POINT('',#2919);
#1316=VERTEX_POINT('',#2923);
#1317=VERTEX_POINT('',#2925);
#1318=VERTEX_POINT('',#2929);
#1319=VERTEX_POINT('',#2931);
#1320=VERTEX_POINT('',#2935);
#1321=VERTEX_POINT('',#2937);
#1322=VERTEX_POINT('',#2941);
#1323=VERTEX_POINT('',#2943);
#1324=VERTEX_POINT('',#2947);
#1325=VERTEX_POINT('',#2949);
#1326=VERTEX_POINT('',#2953);
#1327=VERTEX_POINT('',#2954);
#1328=VERTEX_POINT('',#2956);
#1329=VERTEX_POINT('',#2958);
#1330=VERTEX_POINT('',#2962);
#1331=VERTEX_POINT('',#2964);
#1332=VERTEX_POINT('',#2968);
#1333=VERTEX_POINT('',#2970);
#1334=VERTEX_POINT('',#2974);
#1335=VERTEX_POINT('',#2976);
#1336=VERTEX_POINT('',#2980);
#1337=VERTEX_POINT('',#2982);
#1338=VERTEX_POINT('',#2986);
#1339=VERTEX_POINT('',#2988);
#1340=VERTEX_POINT('',#2992);
#1341=VERTEX_POINT('',#2994);
#1342=VERTEX_POINT('',#2998);
#1343=VERTEX_POINT('',#2999);
#1344=VERTEX_POINT('',#3001);
#1345=VERTEX_POINT('',#3003);
#1346=VERTEX_POINT('',#3007);
#1347=VERTEX_POINT('',#3009);
#1348=VERTEX_POINT('',#3013);
#1349=VERTEX_POINT('',#3015);
#1350=VERTEX_POINT('',#3046);
#1351=VERTEX_POINT('',#3048);
#1352=VERTEX_POINT('',#3051);
#1353=VERTEX_POINT('',#3053);
#1354=VERTEX_POINT('',#3056);
#1355=VERTEX_POINT('',#3058);
#1356=VERTEX_POINT('',#3061);
#1357=VERTEX_POINT('',#3063);
#1358=CIRCLE('',#1838,0.0005);
#1359=CIRCLE('',#1839,0.0005);
#1360=CIRCLE('',#1842,0.0005);
#1361=CIRCLE('',#1843,0.0005);
#1362=CIRCLE('',#1846,0.0005);
#1363=CIRCLE('',#1847,0.0005);
#1364=CIRCLE('',#1850,0.0005);
#1365=CIRCLE('',#1851,0.0005);
#1366=CIRCLE('',#1853,0.0005);
#1367=CIRCLE('',#1854,0.0005);
#1368=CIRCLE('',#1857,0.0005);
#1369=CIRCLE('',#1858,0.0005);
#1370=CIRCLE('',#1861,0.0005);
#1371=CIRCLE('',#1862,0.0005);
#1372=CIRCLE('',#1865,0.0005);
#1373=CIRCLE('',#1866,0.0005);
#1374=CIRCLE('',#1868,0.0005);
#1375=CIRCLE('',#1869,0.0005);
#1376=CIRCLE('',#1872,0.0005);
#1377=CIRCLE('',#1873,0.0005);
#1378=CIRCLE('',#1876,0.0005);
#1379=CIRCLE('',#1877,0.0005);
#1380=CIRCLE('',#1880,0.0005);
#1381=CIRCLE('',#1881,0.0005);
#1382=CIRCLE('',#1883,0.0005);
#1383=CIRCLE('',#1884,0.0005);
#1384=CIRCLE('',#1887,0.0005);
#1385=CIRCLE('',#1888,0.0005);
#1386=CIRCLE('',#1891,0.000500000000000006);
#1387=CIRCLE('',#1892,0.000500000000000006);
#1388=CIRCLE('',#1895,0.0005);
#1389=CIRCLE('',#1896,0.0005);
#1390=CIRCLE('',#1898,0.0005);
#1391=CIRCLE('',#1899,0.0005);
#1392=CIRCLE('',#1902,0.0005);
#1393=CIRCLE('',#1903,0.0005);
#1394=CIRCLE('',#1906,0.0005);
#1395=CIRCLE('',#1907,0.0005);
#1396=CIRCLE('',#1910,0.0005);
#1397=CIRCLE('',#1911,0.0005);
#1398=CIRCLE('',#1913,0.0005);
#1399=CIRCLE('',#1914,0.0005);
#1400=CIRCLE('',#1917,0.0005);
#1401=CIRCLE('',#1918,0.0005);
#1402=CIRCLE('',#1921,0.0005);
#1403=CIRCLE('',#1922,0.0005);
#1404=CIRCLE('',#1925,0.000500000000000006);
#1405=CIRCLE('',#1926,0.000500000000000006);
#1406=CIRCLE('',#1928,0.0005);
#1407=CIRCLE('',#1929,0.0005);
#1408=CIRCLE('',#1932,0.0005);
#1409=CIRCLE('',#1933,0.0005);
#1410=CIRCLE('',#1936,0.0005);
#1411=CIRCLE('',#1937,0.0005);
#1412=CIRCLE('',#1940,0.0005);
#1413=CIRCLE('',#1941,0.0005);
#1414=CIRCLE('',#1943,0.0005);
#1415=CIRCLE('',#1944,0.0005);
#1416=CIRCLE('',#1947,0.0005);
#1417=CIRCLE('',#1948,0.0005);
#1418=CIRCLE('',#1951,0.0005);
#1419=CIRCLE('',#1952,0.0005);
#1420=CIRCLE('',#1955,0.0005);
#1421=CIRCLE('',#1956,0.0005);
#1422=CIRCLE('',#1958,0.0005);
#1423=CIRCLE('',#1959,0.0005);
#1424=CIRCLE('',#1962,0.0005);
#1425=CIRCLE('',#1963,0.0005);
#1426=CIRCLE('',#1966,0.0005);
#1427=CIRCLE('',#1967,0.0005);
#1428=CIRCLE('',#1970,0.0005);
#1429=CIRCLE('',#1971,0.0005);
#1430=CIRCLE('',#1974,0.005);
#1431=CIRCLE('',#1975,0.005);
#1432=CIRCLE('',#1978,0.005);
#1433=CIRCLE('',#1979,0.005);
#1434=CIRCLE('',#1982,0.005);
#1435=CIRCLE('',#1983,0.005);
#1436=CIRCLE('',#1997,0.005);
#1437=CIRCLE('',#1998,0.005);
#1438=CIRCLE('',#2000,0.00145);
#1439=CIRCLE('',#2001,0.00145);
#1440=CIRCLE('',#2003,0.00145);
#1441=CIRCLE('',#2004,0.00145);
#1442=CIRCLE('',#2006,0.00145);
#1443=CIRCLE('',#2007,0.00145);
#1444=CIRCLE('',#2009,0.00150631269317679);
#1445=CIRCLE('',#2010,0.00150631269317679);
#1446=EDGE_LOOP('',(#402,#403,#404,#405));
#1447=EDGE_LOOP('',(#406,#407,#408,#409));
#1448=EDGE_LOOP('',(#410,#411,#412,#413));
#1449=EDGE_LOOP('',(#414,#415,#416,#417));
#1450=EDGE_LOOP('',(#418,#419,#420,#421));
#1451=EDGE_LOOP('',(#422,#423,#424,#425));
#1452=EDGE_LOOP('',(#426,#427,#428,#429));
#1453=EDGE_LOOP('',(#430,#431,#432,#433));
#1454=EDGE_LOOP('',(#434,#435,#436,#437));
#1455=EDGE_LOOP('',(#438,#439,#440,#441));
#1456=EDGE_LOOP('',(#442,#443,#444,#445));
#1457=EDGE_LOOP('',(#446,#447,#448,#449));
#1458=EDGE_LOOP('',(#450,#451,#452,#453));
#1459=EDGE_LOOP('',(#454,#455,#456,#457));
#1460=EDGE_LOOP('',(#458,#459,#460,#461));
#1461=EDGE_LOOP('',(#462,#463,#464,#465));
#1462=EDGE_LOOP('',(#466,#467,#468,#469));
#1463=EDGE_LOOP('',(#470,#471,#472,#473));
#1464=EDGE_LOOP('',(#474,#475,#476,#477));
#1465=EDGE_LOOP('',(#478,#479,#480,#481));
#1466=EDGE_LOOP('',(#482,#483,#484,#485));
#1467=EDGE_LOOP('',(#486,#487,#488,#489));
#1468=EDGE_LOOP('',(#490,#491,#492,#493));
#1469=EDGE_LOOP('',(#494,#495,#496,#497));
#1470=EDGE_LOOP('',(#498,#499,#500,#501));
#1471=EDGE_LOOP('',(#502,#503,#504,#505));
#1472=EDGE_LOOP('',(#506,#507,#508,#509));
#1473=EDGE_LOOP('',(#510,#511,#512,#513));
#1474=EDGE_LOOP('',(#514,#515,#516,#517));
#1475=EDGE_LOOP('',(#518,#519,#520,#521));
#1476=EDGE_LOOP('',(#522,#523,#524,#525));
#1477=EDGE_LOOP('',(#526,#527,#528,#529));
#1478=EDGE_LOOP('',(#530,#531,#532,#533));
#1479=EDGE_LOOP('',(#534,#535,#536,#537));
#1480=EDGE_LOOP('',(#538,#539,#540,#541));
#1481=EDGE_LOOP('',(#542,#543,#544,#545));
#1482=EDGE_LOOP('',(#546,#547,#548,#549));
#1483=EDGE_LOOP('',(#550,#551,#552,#553));
#1484=EDGE_LOOP('',(#554,#555,#556,#557));
#1485=EDGE_LOOP('',(#558,#559,#560,#561));
#1486=EDGE_LOOP('',(#562,#563,#564,#565));
#1487=EDGE_LOOP('',(#566,#567,#568,#569));
#1488=EDGE_LOOP('',(#570,#571,#572,#573));
#1489=EDGE_LOOP('',(#574,#575,#576,#577));
#1490=EDGE_LOOP('',(#578,#579,#580,#581));
#1491=EDGE_LOOP('',(#582,#583,#584,#585));
#1492=EDGE_LOOP('',(#586,#587,#588,#589));
#1493=EDGE_LOOP('',(#590,#591,#592,#593));
#1494=EDGE_LOOP('',(#594,#595,#596,#597));
#1495=EDGE_LOOP('',(#598,#599,#600,#601));
#1496=EDGE_LOOP('',(#602,#603,#604,#605));
#1497=EDGE_LOOP('',(#606,#607,#608,#609));
#1498=EDGE_LOOP('',(#610,#611,#612,#613));
#1499=EDGE_LOOP('',(#614,#615,#616,#617));
#1500=EDGE_LOOP('',(#618,#619,#620,#621));
#1501=EDGE_LOOP('',(#622,#623,#624,#625));
#1502=EDGE_LOOP('',(#626,#627,#628,#629));
#1503=EDGE_LOOP('',(#630,#631,#632,#633));
#1504=EDGE_LOOP('',(#634,#635,#636,#637));
#1505=EDGE_LOOP('',(#638,#639,#640,#641));
#1506=EDGE_LOOP('',(#642,#643,#644,#645));
#1507=EDGE_LOOP('',(#646,#647,#648,#649));
#1508=EDGE_LOOP('',(#650,#651,#652,#653));
#1509=EDGE_LOOP('',(#654,#655,#656,#657));
#1510=EDGE_LOOP('',(#658,#659,#660,#661));
#1511=EDGE_LOOP('',(#662,#663,#664,#665));
#1512=EDGE_LOOP('',(#666,#667,#668,#669));
#1513=EDGE_LOOP('',(#670,#671,#672,#673));
#1514=EDGE_LOOP('',(#674,#675,#676,#677));
#1515=EDGE_LOOP('',(#678,#679,#680,#681));
#1516=EDGE_LOOP('',(#682,#683,#684,#685));
#1517=EDGE_LOOP('',(#686,#687,#688,#689));
#1518=EDGE_LOOP('',(#690,#691,#692,#693));
#1519=EDGE_LOOP('',(#694,#695,#696,#697));
#1520=EDGE_LOOP('',(#698,#699,#700,#701));
#1521=EDGE_LOOP('',(#702,#703,#704,#705));
#1522=EDGE_LOOP('',(#706,#707,#708,#709));
#1523=EDGE_LOOP('',(#710,#711,#712,#713));
#1524=EDGE_LOOP('',(#714,#715,#716,#717));
#1525=EDGE_LOOP('',(#718,#719,#720,#721));
#1526=EDGE_LOOP('',(#722,#723,#724,#725));
#1527=EDGE_LOOP('',(#726,#727,#728,#729));
#1528=EDGE_LOOP('',(#730));
#1529=EDGE_LOOP('',(#731));
#1530=EDGE_LOOP('',(#732));
#1531=EDGE_LOOP('',(#733));
#1532=EDGE_LOOP('',(#734));
#1533=EDGE_LOOP('',(#735));
#1534=EDGE_LOOP('',(#736));
#1535=EDGE_LOOP('',(#737));
#1536=EDGE_LOOP('',(#738,#739,#740,#741));
#1537=EDGE_LOOP('',(#742,#743,#744,#745));
#1538=EDGE_LOOP('',(#746,#747,#748,#749));
#1539=EDGE_LOOP('',(#750));
#1540=EDGE_LOOP('',(#751));
#1541=EDGE_LOOP('',(#752));
#1542=EDGE_LOOP('',(#753));
#1543=EDGE_LOOP('',(#754,#755,#756,#757,#758,#759,#760,#761));
#1544=EDGE_LOOP('',(#762,#763,#764,#765,#766,#767,#768,#769));
#1545=EDGE_LOOP('',(#770,#771,#772,#773,#774,#775,#776,#777));
#1546=EDGE_LOOP('',(#778,#779,#780,#781,#782,#783,#784,#785));
#1547=EDGE_LOOP('',(#786,#787,#788,#789,#790,#791,#792,#793));
#1548=EDGE_LOOP('',(#794,#795,#796,#797,#798,#799,#800,#801));
#1549=EDGE_LOOP('',(#802,#803,#804,#805,#806,#807,#808,#809));
#1550=EDGE_LOOP('',(#810,#811,#812,#813,#814,#815,#816,#817));
#1551=EDGE_LOOP('',(#818,#819,#820,#821,#822,#823,#824,#825));
#1552=EDGE_LOOP('',(#826,#827,#828,#829,#830,#831,#832,#833));
#1553=EDGE_LOOP('',(#834,#835,#836,#837));
#1554=EDGE_LOOP('',(#838));
#1555=EDGE_LOOP('',(#839));
#1556=EDGE_LOOP('',(#840));
#1557=EDGE_LOOP('',(#841));
#1558=EDGE_LOOP('',(#842,#843,#844,#845,#846,#847,#848,#849));
#1559=EDGE_LOOP('',(#850,#851,#852,#853,#854,#855,#856,#857));
#1560=EDGE_LOOP('',(#858,#859,#860,#861,#862,#863,#864,#865));
#1561=EDGE_LOOP('',(#866,#867,#868,#869,#870,#871,#872,#873));
#1562=EDGE_LOOP('',(#874,#875,#876,#877,#878,#879,#880,#881));
#1563=EDGE_LOOP('',(#882,#883,#884,#885,#886,#887,#888,#889));
#1564=EDGE_LOOP('',(#890,#891,#892,#893,#894,#895,#896,#897));
#1565=EDGE_LOOP('',(#898,#899,#900,#901,#902,#903,#904,#905));
#1566=EDGE_LOOP('',(#906,#907,#908,#909,#910,#911,#912,#913));
#1567=EDGE_LOOP('',(#914,#915,#916,#917,#918,#919,#920,#921));
#1568=FACE_BOUND('',#1446,.T.);
#1569=FACE_BOUND('',#1447,.T.);
#1570=FACE_BOUND('',#1448,.T.);
#1571=FACE_BOUND('',#1449,.T.);
#1572=FACE_BOUND('',#1450,.T.);
#1573=FACE_BOUND('',#1451,.T.);
#1574=FACE_BOUND('',#1452,.T.);
#1575=FACE_BOUND('',#1453,.T.);
#1576=FACE_BOUND('',#1454,.T.);
#1577=FACE_BOUND('',#1455,.T.);
#1578=FACE_BOUND('',#1456,.T.);
#1579=FACE_BOUND('',#1457,.T.);
#1580=FACE_BOUND('',#1458,.T.);
#1581=FACE_BOUND('',#1459,.T.);
#1582=FACE_BOUND('',#1460,.T.);
#1583=FACE_BOUND('',#1461,.T.);
#1584=FACE_BOUND('',#1462,.T.);
#1585=FACE_BOUND('',#1463,.T.);
#1586=FACE_BOUND('',#1464,.T.);
#1587=FACE_BOUND('',#1465,.T.);
#1588=FACE_BOUND('',#1466,.T.);
#1589=FACE_BOUND('',#1467,.T.);
#1590=FACE_BOUND('',#1468,.T.);
#1591=FACE_BOUND('',#1469,.T.);
#1592=FACE_BOUND('',#1470,.T.);
#1593=FACE_BOUND('',#1471,.T.);
#1594=FACE_BOUND('',#1472,.T.);
#1595=FACE_BOUND('',#1473,.T.);
#1596=FACE_BOUND('',#1474,.T.);
#1597=FACE_BOUND('',#1475,.T.);
#1598=FACE_BOUND('',#1476,.T.);
#1599=FACE_BOUND('',#1477,.T.);
#1600=FACE_BOUND('',#1478,.T.);
#1601=FACE_BOUND('',#1479,.T.);
#1602=FACE_BOUND('',#1480,.T.);
#1603=FACE_BOUND('',#1481,.T.);
#1604=FACE_BOUND('',#1482,.T.);
#1605=FACE_BOUND('',#1483,.T.);
#1606=FACE_BOUND('',#1484,.T.);
#1607=FACE_BOUND('',#1485,.T.);
#1608=FACE_BOUND('',#1486,.T.);
#1609=FACE_BOUND('',#1487,.T.);
#1610=FACE_BOUND('',#1488,.T.);
#1611=FACE_BOUND('',#1489,.T.);
#1612=FACE_BOUND('',#1490,.T.);
#1613=FACE_BOUND('',#1491,.T.);
#1614=FACE_BOUND('',#1492,.T.);
#1615=FACE_BOUND('',#1493,.T.);
#1616=FACE_BOUND('',#1494,.T.);
#1617=FACE_BOUND('',#1495,.T.);
#1618=FACE_BOUND('',#1496,.T.);
#1619=FACE_BOUND('',#1497,.T.);
#1620=FACE_BOUND('',#1498,.T.);
#1621=FACE_BOUND('',#1499,.T.);
#1622=FACE_BOUND('',#1500,.T.);
#1623=FACE_BOUND('',#1501,.T.);
#1624=FACE_BOUND('',#1502,.T.);
#1625=FACE_BOUND('',#1503,.T.);
#1626=FACE_BOUND('',#1504,.T.);
#1627=FACE_BOUND('',#1505,.T.);
#1628=FACE_BOUND('',#1506,.T.);
#1629=FACE_BOUND('',#1507,.T.);
#1630=FACE_BOUND('',#1508,.T.);
#1631=FACE_BOUND('',#1509,.T.);
#1632=FACE_BOUND('',#1510,.T.);
#1633=FACE_BOUND('',#1511,.T.);
#1634=FACE_BOUND('',#1512,.T.);
#1635=FACE_BOUND('',#1513,.T.);
#1636=FACE_BOUND('',#1514,.T.);
#1637=FACE_BOUND('',#1515,.T.);
#1638=FACE_BOUND('',#1516,.T.);
#1639=FACE_BOUND('',#1517,.T.);
#1640=FACE_BOUND('',#1518,.T.);
#1641=FACE_BOUND('',#1519,.T.);
#1642=FACE_BOUND('',#1520,.T.);
#1643=FACE_BOUND('',#1521,.T.);
#1644=FACE_BOUND('',#1522,.T.);
#1645=FACE_BOUND('',#1523,.T.);
#1646=FACE_BOUND('',#1524,.T.);
#1647=FACE_BOUND('',#1525,.T.);
#1648=FACE_BOUND('',#1526,.T.);
#1649=FACE_BOUND('',#1527,.T.);
#1650=FACE_BOUND('',#1528,.T.);
#1651=FACE_BOUND('',#1529,.T.);
#1652=FACE_BOUND('',#1530,.T.);
#1653=FACE_BOUND('',#1531,.T.);
#1654=FACE_BOUND('',#1532,.T.);
#1655=FACE_BOUND('',#1533,.T.);
#1656=FACE_BOUND('',#1534,.T.);
#1657=FACE_BOUND('',#1535,.T.);
#1658=FACE_BOUND('',#1536,.T.);
#1659=FACE_BOUND('',#1537,.T.);
#1660=FACE_BOUND('',#1538,.T.);
#1661=FACE_BOUND('',#1539,.T.);
#1662=FACE_BOUND('',#1540,.T.);
#1663=FACE_BOUND('',#1541,.T.);
#1664=FACE_BOUND('',#1542,.T.);
#1665=FACE_BOUND('',#1543,.T.);
#1666=FACE_BOUND('',#1544,.T.);
#1667=FACE_BOUND('',#1545,.T.);
#1668=FACE_BOUND('',#1546,.T.);
#1669=FACE_BOUND('',#1547,.T.);
#1670=FACE_BOUND('',#1548,.T.);
#1671=FACE_BOUND('',#1549,.T.);
#1672=FACE_BOUND('',#1550,.T.);
#1673=FACE_BOUND('',#1551,.T.);
#1674=FACE_BOUND('',#1552,.T.);
#1675=FACE_BOUND('',#1553,.T.);
#1676=FACE_BOUND('',#1554,.T.);
#1677=FACE_BOUND('',#1555,.T.);
#1678=FACE_BOUND('',#1556,.T.);
#1679=FACE_BOUND('',#1557,.T.);
#1680=FACE_BOUND('',#1558,.T.);
#1681=FACE_BOUND('',#1559,.T.);
#1682=FACE_BOUND('',#1560,.T.);
#1683=FACE_BOUND('',#1561,.T.);
#1684=FACE_BOUND('',#1562,.T.);
#1685=FACE_BOUND('',#1563,.T.);
#1686=FACE_BOUND('',#1564,.T.);
#1687=FACE_BOUND('',#1565,.T.);
#1688=FACE_BOUND('',#1566,.T.);
#1689=FACE_BOUND('',#1567,.T.);
#1690=CYLINDRICAL_SURFACE('',#1837,0.0005);
#1691=CYLINDRICAL_SURFACE('',#1841,0.0005);
#1692=CYLINDRICAL_SURFACE('',#1845,0.0005);
#1693=CYLINDRICAL_SURFACE('',#1849,0.0005);
#1694=CYLINDRICAL_SURFACE('',#1852,0.0005);
#1695=CYLINDRICAL_SURFACE('',#1856,0.0005);
#1696=CYLINDRICAL_SURFACE('',#1860,0.0005);
#1697=CYLINDRICAL_SURFACE('',#1864,0.0005);
#1698=CYLINDRICAL_SURFACE('',#1867,0.0005);
#1699=CYLINDRICAL_SURFACE('',#1871,0.0005);
#1700=CYLINDRICAL_SURFACE('',#1875,0.0005);
#1701=CYLINDRICAL_SURFACE('',#1879,0.0005);
#1702=CYLINDRICAL_SURFACE('',#1882,0.0005);
#1703=CYLINDRICAL_SURFACE('',#1886,0.0005);
#1704=CYLINDRICAL_SURFACE('',#1890,0.000500000000000006);
#1705=CYLINDRICAL_SURFACE('',#1894,0.0005);
#1706=CYLINDRICAL_SURFACE('',#1897,0.0005);
#1707=CYLINDRICAL_SURFACE('',#1901,0.0005);
#1708=CYLINDRICAL_SURFACE('',#1905,0.0005);
#1709=CYLINDRICAL_SURFACE('',#1909,0.0005);
#1710=CYLINDRICAL_SURFACE('',#1912,0.0005);
#1711=CYLINDRICAL_SURFACE('',#1916,0.0005);
#1712=CYLINDRICAL_SURFACE('',#1920,0.0005);
#1713=CYLINDRICAL_SURFACE('',#1924,0.000500000000000006);
#1714=CYLINDRICAL_SURFACE('',#1927,0.0005);
#1715=CYLINDRICAL_SURFACE('',#1931,0.0005);
#1716=CYLINDRICAL_SURFACE('',#1935,0.0005);
#1717=CYLINDRICAL_SURFACE('',#1939,0.0005);
#1718=CYLINDRICAL_SURFACE('',#1942,0.0005);
#1719=CYLINDRICAL_SURFACE('',#1946,0.0005);
#1720=CYLINDRICAL_SURFACE('',#1950,0.0005);
#1721=CYLINDRICAL_SURFACE('',#1954,0.0005);
#1722=CYLINDRICAL_SURFACE('',#1957,0.0005);
#1723=CYLINDRICAL_SURFACE('',#1961,0.0005);
#1724=CYLINDRICAL_SURFACE('',#1965,0.0005);
#1725=CYLINDRICAL_SURFACE('',#1969,0.0005);
#1726=CYLINDRICAL_SURFACE('',#1973,0.005);
#1727=CYLINDRICAL_SURFACE('',#1977,0.005);
#1728=CYLINDRICAL_SURFACE('',#1981,0.005);
#1729=CYLINDRICAL_SURFACE('',#1996,0.005);
#1730=CYLINDRICAL_SURFACE('',#1999,0.00145);
#1731=CYLINDRICAL_SURFACE('',#2002,0.00145);
#1732=CYLINDRICAL_SURFACE('',#2005,0.00145);
#1733=CYLINDRICAL_SURFACE('',#2008,0.00150631269317679);
#1734=ADVANCED_FACE('',(#1568),#1690,.F.);
#1735=ADVANCED_FACE('',(#1569),#12,.F.);
#1736=ADVANCED_FACE('',(#1570),#1691,.F.);
#1737=ADVANCED_FACE('',(#1571),#13,.F.);
#1738=ADVANCED_FACE('',(#1572),#1692,.F.);
#1739=ADVANCED_FACE('',(#1573),#14,.T.);
#1740=ADVANCED_FACE('',(#1574),#1693,.F.);
#1741=ADVANCED_FACE('',(#1575),#1694,.F.);
#1742=ADVANCED_FACE('',(#1576),#15,.F.);
#1743=ADVANCED_FACE('',(#1577),#1695,.F.);
#1744=ADVANCED_FACE('',(#1578),#16,.F.);
#1745=ADVANCED_FACE('',(#1579),#1696,.F.);
#1746=ADVANCED_FACE('',(#1580),#17,.T.);
#1747=ADVANCED_FACE('',(#1581),#1697,.F.);
#1748=ADVANCED_FACE('',(#1582),#1698,.F.);
#1749=ADVANCED_FACE('',(#1583),#18,.F.);
#1750=ADVANCED_FACE('',(#1584),#1699,.F.);
#1751=ADVANCED_FACE('',(#1585),#19,.F.);
#1752=ADVANCED_FACE('',(#1586),#1700,.F.);
#1753=ADVANCED_FACE('',(#1587),#20,.T.);
#1754=ADVANCED_FACE('',(#1588),#1701,.F.);
#1755=ADVANCED_FACE('',(#1589),#1702,.F.);
#1756=ADVANCED_FACE('',(#1590),#21,.F.);
#1757=ADVANCED_FACE('',(#1591),#1703,.F.);
#1758=ADVANCED_FACE('',(#1592),#22,.F.);
#1759=ADVANCED_FACE('',(#1593),#1704,.F.);
#1760=ADVANCED_FACE('',(#1594),#23,.T.);
#1761=ADVANCED_FACE('',(#1595),#1705,.F.);
#1762=ADVANCED_FACE('',(#1596),#1706,.F.);
#1763=ADVANCED_FACE('',(#1597),#24,.F.);
#1764=ADVANCED_FACE('',(#1598),#1707,.F.);
#1765=ADVANCED_FACE('',(#1599),#25,.F.);
#1766=ADVANCED_FACE('',(#1600),#1708,.F.);
#1767=ADVANCED_FACE('',(#1601),#26,.T.);
#1768=ADVANCED_FACE('',(#1602),#1709,.F.);
#1769=ADVANCED_FACE('',(#1603),#1710,.F.);
#1770=ADVANCED_FACE('',(#1604),#27,.F.);
#1771=ADVANCED_FACE('',(#1605),#1711,.F.);
#1772=ADVANCED_FACE('',(#1606),#28,.F.);
#1773=ADVANCED_FACE('',(#1607),#1712,.F.);
#1774=ADVANCED_FACE('',(#1608),#29,.T.);
#1775=ADVANCED_FACE('',(#1609),#1713,.F.);
#1776=ADVANCED_FACE('',(#1610),#1714,.F.);
#1777=ADVANCED_FACE('',(#1611),#30,.F.);
#1778=ADVANCED_FACE('',(#1612),#1715,.F.);
#1779=ADVANCED_FACE('',(#1613),#31,.F.);
#1780=ADVANCED_FACE('',(#1614),#1716,.F.);
#1781=ADVANCED_FACE('',(#1615),#32,.T.);
#1782=ADVANCED_FACE('',(#1616),#1717,.F.);
#1783=ADVANCED_FACE('',(#1617),#1718,.F.);
#1784=ADVANCED_FACE('',(#1618),#33,.F.);
#1785=ADVANCED_FACE('',(#1619),#1719,.F.);
#1786=ADVANCED_FACE('',(#1620),#34,.F.);
#1787=ADVANCED_FACE('',(#1621),#1720,.F.);
#1788=ADVANCED_FACE('',(#1622),#35,.T.);
#1789=ADVANCED_FACE('',(#1623),#1721,.F.);
#1790=ADVANCED_FACE('',(#1624),#1722,.F.);
#1791=ADVANCED_FACE('',(#1625),#36,.F.);
#1792=ADVANCED_FACE('',(#1626),#1723,.F.);
#1793=ADVANCED_FACE('',(#1627),#37,.F.);
#1794=ADVANCED_FACE('',(#1628),#1724,.F.);
#1795=ADVANCED_FACE('',(#1629),#38,.T.);
#1796=ADVANCED_FACE('',(#1630),#1725,.F.);
#1797=ADVANCED_FACE('',(#1631),#39,.T.);
#1798=ADVANCED_FACE('',(#1632),#1726,.T.);
#1799=ADVANCED_FACE('',(#1633),#40,.T.);
#1800=ADVANCED_FACE('',(#1634),#1727,.T.);
#1801=ADVANCED_FACE('',(#1635),#41,.T.);
#1802=ADVANCED_FACE('',(#1636),#1728,.T.);
#1803=ADVANCED_FACE('',(#1637),#42,.T.);
#1804=ADVANCED_FACE('',(#1638),#43,.T.);
#1805=ADVANCED_FACE('',(#1639),#44,.F.);
#1806=ADVANCED_FACE('',(#1640),#45,.F.);
#1807=ADVANCED_FACE('',(#1641),#46,.T.);
#1808=ADVANCED_FACE('',(#1642),#47,.T.);
#1809=ADVANCED_FACE('',(#1643),#48,.T.);
#1810=ADVANCED_FACE('',(#1644),#49,.T.);
#1811=ADVANCED_FACE('',(#1645),#50,.T.);
#1812=ADVANCED_FACE('',(#1646),#51,.T.);
#1813=ADVANCED_FACE('',(#1647),#52,.T.);
#1814=ADVANCED_FACE('',(#1648),#53,.T.);
#1815=ADVANCED_FACE('',(#1649),#1729,.T.);
#1816=ADVANCED_FACE('',(#1650,#1651),#1730,.F.);
#1817=ADVANCED_FACE('',(#1652,#1653),#1731,.F.);
#1818=ADVANCED_FACE('',(#1654,#1655),#1732,.F.);
#1819=ADVANCED_FACE('',(#1656,#1657),#1733,.F.);
#1820=ADVANCED_FACE('',(#1658),#54,.T.);
#1821=ADVANCED_FACE('',(#1659),#55,.T.);
#1822=ADVANCED_FACE('',(#1660,#1661,#1662,#1663,#1664,#1665,#1666,#1667,
#1668,#1669,#1670,#1671,#1672,#1673,#1674),#56,.T.);
#1823=ADVANCED_FACE('',(#1675,#1676,#1677,#1678,#1679,#1680,#1681,#1682,
#1683,#1684,#1685,#1686,#1687,#1688,#1689),#57,.F.);
#1824=CLOSED_SHELL('',(#1734,#1735,#1736,#1737,#1738,#1739,#1740,#1741,
#1742,#1743,#1744,#1745,#1746,#1747,#1748,#1749,#1750,#1751,#1752,#1753,
#1754,#1755,#1756,#1757,#1758,#1759,#1760,#1761,#1762,#1763,#1764,#1765,
#1766,#1767,#1768,#1769,#1770,#1771,#1772,#1773,#1774,#1775,#1776,#1777,
#1778,#1779,#1780,#1781,#1782,#1783,#1784,#1785,#1786,#1787,#1788,#1789,
#1790,#1791,#1792,#1793,#1794,#1795,#1796,#1797,#1798,#1799,#1800,#1801,
#1802,#1803,#1804,#1805,#1806,#1807,#1808,#1809,#1810,#1811,#1812,#1813,
#1814,#1815,#1816,#1817,#1818,#1819,#1820,#1821,#1822,#1823));
#1825=STYLED_ITEM('',(#1826),#1833);
#1826=PRESENTATION_STYLE_ASSIGNMENT((#1827));
#1827=SURFACE_STYLE_USAGE(.BOTH.,#1828);
#1828=SURFACE_SIDE_STYLE('',(#1829));
#1829=SURFACE_STYLE_FILL_AREA(#1830);
#1830=FILL_AREA_STYLE('',(#1831));
#1831=FILL_AREA_STYLE_COLOUR('',#1832);
#1832=COLOUR_RGB('',0.615686274509804,0.811764705882353,0.929411764705882);
#1833=MANIFOLD_SOLID_BREP('Part 2',#1824);
#1834=SHAPE_DEFINITION_REPRESENTATION(#3078,#1835);
#1835=SHAPE_REPRESENTATION('Part 2',(#1836),#3073);
#1836=AXIS2_PLACEMENT_3D('',#2545,#2015,#2016);
#1837=AXIS2_PLACEMENT_3D('',#2546,#2017,#2018);
#1838=AXIS2_PLACEMENT_3D('',#2547,#2019,#2020);
#1839=AXIS2_PLACEMENT_3D('',#2552,#2022,#2023);
#1840=AXIS2_PLACEMENT_3D('',#2555,#2025,#2026);
#1841=AXIS2_PLACEMENT_3D('',#2561,#2030,#2031);
#1842=AXIS2_PLACEMENT_3D('',#2562,#2032,#2033);
#1843=AXIS2_PLACEMENT_3D('',#2566,#2035,#2036);
#1844=AXIS2_PLACEMENT_3D('',#2567,#2037,#2038);
#1845=AXIS2_PLACEMENT_3D('',#2573,#2042,#2043);
#1846=AXIS2_PLACEMENT_3D('',#2574,#2044,#2045);
#1847=AXIS2_PLACEMENT_3D('',#2578,#2047,#2048);
#1848=AXIS2_PLACEMENT_3D('',#2579,#2049,#2050);
#1849=AXIS2_PLACEMENT_3D('',#2585,#2054,#2055);
#1850=AXIS2_PLACEMENT_3D('',#2586,#2056,#2057);
#1851=AXIS2_PLACEMENT_3D('',#2590,#2059,#2060);
#1852=AXIS2_PLACEMENT_3D('',#2591,#2061,#2062);
#1853=AXIS2_PLACEMENT_3D('',#2592,#2063,#2064);
#1854=AXIS2_PLACEMENT_3D('',#2597,#2066,#2067);
#1855=AXIS2_PLACEMENT_3D('',#2600,#2069,#2070);
#1856=AXIS2_PLACEMENT_3D('',#2606,#2074,#2075);
#1857=AXIS2_PLACEMENT_3D('',#2607,#2076,#2077);
#1858=AXIS2_PLACEMENT_3D('',#2611,#2079,#2080);
#1859=AXIS2_PLACEMENT_3D('',#2612,#2081,#2082);
#1860=AXIS2_PLACEMENT_3D('',#2618,#2086,#2087);
#1861=AXIS2_PLACEMENT_3D('',#2619,#2088,#2089);
#1862=AXIS2_PLACEMENT_3D('',#2623,#2091,#2092);
#1863=AXIS2_PLACEMENT_3D('',#2624,#2093,#2094);
#1864=AXIS2_PLACEMENT_3D('',#2630,#2098,#2099);
#1865=AXIS2_PLACEMENT_3D('',#2631,#2100,#2101);
#1866=AXIS2_PLACEMENT_3D('',#2635,#2103,#2104);
#1867=AXIS2_PLACEMENT_3D('',#2636,#2105,#2106);
#1868=AXIS2_PLACEMENT_3D('',#2637,#2107,#2108);
#1869=AXIS2_PLACEMENT_3D('',#2642,#2110,#2111);
#1870=AXIS2_PLACEMENT_3D('',#2645,#2113,#2114);
#1871=AXIS2_PLACEMENT_3D('',#2651,#2118,#2119);
#1872=AXIS2_PLACEMENT_3D('',#2652,#2120,#2121);
#1873=AXIS2_PLACEMENT_3D('',#2656,#2123,#2124);
#1874=AXIS2_PLACEMENT_3D('',#2657,#2125,#2126);
#1875=AXIS2_PLACEMENT_3D('',#2663,#2130,#2131);
#1876=AXIS2_PLACEMENT_3D('',#2664,#2132,#2133);
#1877=AXIS2_PLACEMENT_3D('',#2668,#2135,#2136);
#1878=AXIS2_PLACEMENT_3D('',#2669,#2137,#2138);
#1879=AXIS2_PLACEMENT_3D('',#2675,#2142,#2143);
#1880=AXIS2_PLACEMENT_3D('',#2676,#2144,#2145);
#1881=AXIS2_PLACEMENT_3D('',#2680,#2147,#2148);
#1882=AXIS2_PLACEMENT_3D('',#2681,#2149,#2150);
#1883=AXIS2_PLACEMENT_3D('',#2682,#2151,#2152);
#1884=AXIS2_PLACEMENT_3D('',#2687,#2154,#2155);
#1885=AXIS2_PLACEMENT_3D('',#2690,#2157,#2158);
#1886=AXIS2_PLACEMENT_3D('',#2696,#2162,#2163);
#1887=AXIS2_PLACEMENT_3D('',#2697,#2164,#2165);
#1888=AXIS2_PLACEMENT_3D('',#2701,#2167,#2168);
#1889=AXIS2_PLACEMENT_3D('',#2702,#2169,#2170);
#1890=AXIS2_PLACEMENT_3D('',#2708,#2174,#2175);
#1891=AXIS2_PLACEMENT_3D('',#2709,#2176,#2177);
#1892=AXIS2_PLACEMENT_3D('',#2713,#2179,#2180);
#1893=AXIS2_PLACEMENT_3D('',#2714,#2181,#2182);
#1894=AXIS2_PLACEMENT_3D('',#2720,#2186,#2187);
#1895=AXIS2_PLACEMENT_3D('',#2721,#2188,#2189);
#1896=AXIS2_PLACEMENT_3D('',#2725,#2191,#2192);
#1897=AXIS2_PLACEMENT_3D('',#2726,#2193,#2194);
#1898=AXIS2_PLACEMENT_3D('',#2727,#2195,#2196);
#1899=AXIS2_PLACEMENT_3D('',#2732,#2198,#2199);
#1900=AXIS2_PLACEMENT_3D('',#2735,#2201,#2202);
#1901=AXIS2_PLACEMENT_3D('',#2741,#2206,#2207);
#1902=AXIS2_PLACEMENT_3D('',#2742,#2208,#2209);
#1903=AXIS2_PLACEMENT_3D('',#2746,#2211,#2212);
#1904=AXIS2_PLACEMENT_3D('',#2747,#2213,#2214);
#1905=AXIS2_PLACEMENT_3D('',#2753,#2218,#2219);
#1906=AXIS2_PLACEMENT_3D('',#2754,#2220,#2221);
#1907=AXIS2_PLACEMENT_3D('',#2758,#2223,#2224);
#1908=AXIS2_PLACEMENT_3D('',#2759,#2225,#2226);
#1909=AXIS2_PLACEMENT_3D('',#2765,#2230,#2231);
#1910=AXIS2_PLACEMENT_3D('',#2766,#2232,#2233);
#1911=AXIS2_PLACEMENT_3D('',#2770,#2235,#2236);
#1912=AXIS2_PLACEMENT_3D('',#2771,#2237,#2238);
#1913=AXIS2_PLACEMENT_3D('',#2772,#2239,#2240);
#1914=AXIS2_PLACEMENT_3D('',#2777,#2242,#2243);
#1915=AXIS2_PLACEMENT_3D('',#2780,#2245,#2246);
#1916=AXIS2_PLACEMENT_3D('',#2786,#2250,#2251);
#1917=AXIS2_PLACEMENT_3D('',#2787,#2252,#2253);
#1918=AXIS2_PLACEMENT_3D('',#2791,#2255,#2256);
#1919=AXIS2_PLACEMENT_3D('',#2792,#2257,#2258);
#1920=AXIS2_PLACEMENT_3D('',#2798,#2262,#2263);
#1921=AXIS2_PLACEMENT_3D('',#2799,#2264,#2265);
#1922=AXIS2_PLACEMENT_3D('',#2803,#2267,#2268);
#1923=AXIS2_PLACEMENT_3D('',#2804,#2269,#2270);
#1924=AXIS2_PLACEMENT_3D('',#2810,#2274,#2275);
#1925=AXIS2_PLACEMENT_3D('',#2811,#2276,#2277);
#1926=AXIS2_PLACEMENT_3D('',#2815,#2279,#2280);
#1927=AXIS2_PLACEMENT_3D('',#2816,#2281,#2282);
#1928=AXIS2_PLACEMENT_3D('',#2817,#2283,#2284);
#1929=AXIS2_PLACEMENT_3D('',#2822,#2286,#2287);
#1930=AXIS2_PLACEMENT_3D('',#2825,#2289,#2290);
#1931=AXIS2_PLACEMENT_3D('',#2831,#2294,#2295);
#1932=AXIS2_PLACEMENT_3D('',#2832,#2296,#2297);
#1933=AXIS2_PLACEMENT_3D('',#2836,#2299,#2300);
#1934=AXIS2_PLACEMENT_3D('',#2837,#2301,#2302);
#1935=AXIS2_PLACEMENT_3D('',#2843,#2306,#2307);
#1936=AXIS2_PLACEMENT_3D('',#2844,#2308,#2309);
#1937=AXIS2_PLACEMENT_3D('',#2848,#2311,#2312);
#1938=AXIS2_PLACEMENT_3D('',#2849,#2313,#2314);
#1939=AXIS2_PLACEMENT_3D('',#2855,#2318,#2319);
#1940=AXIS2_PLACEMENT_3D('',#2856,#2320,#2321);
#1941=AXIS2_PLACEMENT_3D('',#2860,#2323,#2324);
#1942=AXIS2_PLACEMENT_3D('',#2861,#2325,#2326);
#1943=AXIS2_PLACEMENT_3D('',#2862,#2327,#2328);
#1944=AXIS2_PLACEMENT_3D('',#2867,#2330,#2331);
#1945=AXIS2_PLACEMENT_3D('',#2870,#2333,#2334);
#1946=AXIS2_PLACEMENT_3D('',#2876,#2338,#2339);
#1947=AXIS2_PLACEMENT_3D('',#2877,#2340,#2341);
#1948=AXIS2_PLACEMENT_3D('',#2881,#2343,#2344);
#1949=AXIS2_PLACEMENT_3D('',#2882,#2345,#2346);
#1950=AXIS2_PLACEMENT_3D('',#2888,#2350,#2351);
#1951=AXIS2_PLACEMENT_3D('',#2889,#2352,#2353);
#1952=AXIS2_PLACEMENT_3D('',#2893,#2355,#2356);
#1953=AXIS2_PLACEMENT_3D('',#2894,#2357,#2358);
#1954=AXIS2_PLACEMENT_3D('',#2900,#2362,#2363);
#1955=AXIS2_PLACEMENT_3D('',#2901,#2364,#2365);
#1956=AXIS2_PLACEMENT_3D('',#2905,#2367,#2368);
#1957=AXIS2_PLACEMENT_3D('',#2906,#2369,#2370);
#1958=AXIS2_PLACEMENT_3D('',#2907,#2371,#2372);
#1959=AXIS2_PLACEMENT_3D('',#2912,#2374,#2375);
#1960=AXIS2_PLACEMENT_3D('',#2915,#2377,#2378);
#1961=AXIS2_PLACEMENT_3D('',#2921,#2382,#2383);
#1962=AXIS2_PLACEMENT_3D('',#2922,#2384,#2385);
#1963=AXIS2_PLACEMENT_3D('',#2926,#2387,#2388);
#1964=AXIS2_PLACEMENT_3D('',#2927,#2389,#2390);
#1965=AXIS2_PLACEMENT_3D('',#2933,#2394,#2395);
#1966=AXIS2_PLACEMENT_3D('',#2934,#2396,#2397);
#1967=AXIS2_PLACEMENT_3D('',#2938,#2399,#2400);
#1968=AXIS2_PLACEMENT_3D('',#2939,#2401,#2402);
#1969=AXIS2_PLACEMENT_3D('',#2945,#2406,#2407);
#1970=AXIS2_PLACEMENT_3D('',#2946,#2408,#2409);
#1971=AXIS2_PLACEMENT_3D('',#2950,#2411,#2412);
#1972=AXIS2_PLACEMENT_3D('',#2951,#2413,#2414);
#1973=AXIS2_PLACEMENT_3D('',#2960,#2419,#2420);
#1974=AXIS2_PLACEMENT_3D('',#2961,#2421,#2422);
#1975=AXIS2_PLACEMENT_3D('',#2965,#2424,#2425);
#1976=AXIS2_PLACEMENT_3D('',#2966,#2426,#2427);
#1977=AXIS2_PLACEMENT_3D('',#2972,#2431,#2432);
#1978=AXIS2_PLACEMENT_3D('',#2973,#2433,#2434);
#1979=AXIS2_PLACEMENT_3D('',#2977,#2436,#2437);
#1980=AXIS2_PLACEMENT_3D('',#2978,#2438,#2439);
#1981=AXIS2_PLACEMENT_3D('',#2984,#2443,#2444);
#1982=AXIS2_PLACEMENT_3D('',#2985,#2445,#2446);
#1983=AXIS2_PLACEMENT_3D('',#2989,#2448,#2449);
#1984=AXIS2_PLACEMENT_3D('',#2990,#2450,#2451);
#1985=AXIS2_PLACEMENT_3D('',#2996,#2455,#2456);
#1986=AXIS2_PLACEMENT_3D('',#3005,#2461,#2462);
#1987=AXIS2_PLACEMENT_3D('',#3011,#2466,#2467);
#1988=AXIS2_PLACEMENT_3D('',#3017,#2471,#2472);
#1989=AXIS2_PLACEMENT_3D('',#3020,#2475,#2476);
#1990=AXIS2_PLACEMENT_3D('',#3023,#2479,#2480);
#1991=AXIS2_PLACEMENT_3D('',#3026,#2483,#2484);
#1992=AXIS2_PLACEMENT_3D('',#3029,#2487,#2488);
#1993=AXIS2_PLACEMENT_3D('',#3032,#2491,#2492);
#1994=AXIS2_PLACEMENT_3D('',#3035,#2495,#2496);
#1995=AXIS2_PLACEMENT_3D('',#3038,#2499,#2500);
#1996=AXIS2_PLACEMENT_3D('',#3041,#2503,#2504);
#1997=AXIS2_PLACEMENT_3D('',#3042,#2505,#2506);
#1998=AXIS2_PLACEMENT_3D('',#3043,#2507,#2508);
#1999=AXIS2_PLACEMENT_3D('',#3044,#2509,#2510);
#2000=AXIS2_PLACEMENT_3D('',#3045,#2511,#2512);
#2001=AXIS2_PLACEMENT_3D('',#3047,#2513,#2514);
#2002=AXIS2_PLACEMENT_3D('',#3049,#2515,#2516);
#2003=AXIS2_PLACEMENT_3D('',#3050,#2517,#2518);
#2004=AXIS2_PLACEMENT_3D('',#3052,#2519,#2520);
#2005=AXIS2_PLACEMENT_3D('',#3054,#2521,#2522);
#2006=AXIS2_PLACEMENT_3D('',#3055,#2523,#2524);
#2007=AXIS2_PLACEMENT_3D('',#3057,#2525,#2526);
#2008=AXIS2_PLACEMENT_3D('',#3059,#2527,#2528);
#2009=AXIS2_PLACEMENT_3D('',#3060,#2529,#2530);
#2010=AXIS2_PLACEMENT_3D('',#3062,#2531,#2532);
#2011=AXIS2_PLACEMENT_3D('',#3064,#2533,#2534);
#2012=AXIS2_PLACEMENT_3D('',#3067,#2537,#2538);
#2013=AXIS2_PLACEMENT_3D('',#3070,#2541,#2542);
#2014=AXIS2_PLACEMENT_3D('',#3071,#2543,#2544);
#2015=DIRECTION('',(0.,0.,1.));
#2016=DIRECTION('',(1.,0.,0.));
#2017=DIRECTION('',(0.,0.,-1.));
#2018=DIRECTION('',(-1.,0.,0.));
#2019=DIRECTION('',(0.,0.,1.));
#2020=DIRECTION('',(1.,0.,0.));
#2021=DIRECTION('',(0.,0.,-1.));
#2022=DIRECTION('',(0.,0.,1.));
#2023=DIRECTION('',(1.,0.,0.));
#2024=DIRECTION('',(0.,0.,-1.));
#2025=DIRECTION('',(0.,1.,0.));
#2026=DIRECTION('',(0.,0.,1.));
#2027=DIRECTION('',(1.,0.,0.));
#2028=DIRECTION('',(0.,0.,-1.));
#2029=DIRECTION('',(1.,0.,0.));
#2030=DIRECTION('',(0.,0.,-1.));
#2031=DIRECTION('',(-1.,0.,0.));
#2032=DIRECTION('',(0.,0.,1.));
#2033=DIRECTION('',(1.,0.,0.));
#2034=DIRECTION('',(0.,0.,-1.));
#2035=DIRECTION('',(0.,0.,1.));
#2036=DIRECTION('',(1.,0.,0.));
#2037=DIRECTION('',(1.,0.,0.));
#2038=DIRECTION('',(0.,0.,-1.));
#2039=DIRECTION('',(0.,-1.,0.));
#2040=DIRECTION('',(0.,0.,-1.));
#2041=DIRECTION('',(0.,-1.,0.));
#2042=DIRECTION('',(0.,0.,-1.));
#2043=DIRECTION('',(-1.,0.,0.));
#2044=DIRECTION('',(0.,0.,1.));
#2045=DIRECTION('',(1.,0.,0.));
#2046=DIRECTION('',(0.,0.,-1.));
#2047=DIRECTION('',(0.,0.,1.));
#2048=DIRECTION('',(1.,0.,0.));
#2049=DIRECTION('',(0.,1.,0.));
#2050=DIRECTION('',(0.,0.,1.));
#2051=DIRECTION('',(1.,0.,0.));
#2052=DIRECTION('',(0.,0.,-1.));
#2053=DIRECTION('',(1.,0.,0.));
#2054=DIRECTION('',(0.,0.,-1.));
#2055=DIRECTION('',(-1.,0.,0.));
#2056=DIRECTION('',(0.,0.,1.));
#2057=DIRECTION('',(1.,0.,0.));
#2058=DIRECTION('',(0.,0.,-1.));
#2059=DIRECTION('',(0.,0.,1.));
#2060=DIRECTION('',(1.,0.,0.));
#2061=DIRECTION('',(0.,0.,-1.));
#2062=DIRECTION('',(-1.,0.,0.));
#2063=DIRECTION('',(0.,0.,1.));
#2064=DIRECTION('',(1.,0.,0.));
#2065=DIRECTION('',(0.,0.,-1.));
#2066=DIRECTION('',(0.,0.,1.));
#2067=DIRECTION('',(1.,0.,0.));
#2068=DIRECTION('',(0.,0.,-1.));
#2069=DIRECTION('',(0.,1.,0.));
#2070=DIRECTION('',(0.,0.,1.));
#2071=DIRECTION('',(1.,0.,0.));
#2072=DIRECTION('',(0.,0.,-1.));
#2073=DIRECTION('',(1.,0.,0.));
#2074=DIRECTION('',(0.,0.,-1.));
#2075=DIRECTION('',(-1.,0.,0.));
#2076=DIRECTION('',(0.,0.,1.));
#2077=DIRECTION('',(1.,0.,0.));
#2078=DIRECTION('',(0.,0.,-1.));
#2079=DIRECTION('',(0.,0.,1.));
#2080=DIRECTION('',(1.,0.,0.));
#2081=DIRECTION('',(1.,0.,0.));
#2082=DIRECTION('',(0.,0.,-1.));
#2083=DIRECTION('',(0.,-1.,0.));
#2084=DIRECTION('',(0.,0.,-1.));
#2085=DIRECTION('',(0.,-1.,0.));
#2086=DIRECTION('',(0.,0.,-1.));
#2087=DIRECTION('',(-1.,0.,0.));
#2088=DIRECTION('',(0.,0.,1.));
#2089=DIRECTION('',(1.,0.,0.));
#2090=DIRECTION('',(0.,0.,-1.));
#2091=DIRECTION('',(0.,0.,1.));
#2092=DIRECTION('',(1.,0.,0.));
#2093=DIRECTION('',(0.,1.,0.));
#2094=DIRECTION('',(0.,0.,1.));
#2095=DIRECTION('',(1.,0.,0.));
#2096=DIRECTION('',(0.,0.,-1.));
#2097=DIRECTION('',(1.,0.,0.));
#2098=DIRECTION('',(0.,0.,-1.));
#2099=DIRECTION('',(-1.,0.,0.));
#2100=DIRECTION('',(0.,0.,1.));
#2101=DIRECTION('',(1.,0.,0.));
#2102=DIRECTION('',(0.,0.,-1.));
#2103=DIRECTION('',(0.,0.,1.));
#2104=DIRECTION('',(1.,0.,0.));
#2105=DIRECTION('',(0.,0.,-1.));
#2106=DIRECTION('',(-1.,0.,0.));
#2107=DIRECTION('',(0.,0.,1.));
#2108=DIRECTION('',(1.,0.,0.));
#2109=DIRECTION('',(0.,0.,-1.));
#2110=DIRECTION('',(0.,0.,1.));
#2111=DIRECTION('',(1.,0.,0.));
#2112=DIRECTION('',(0.,0.,-1.));
#2113=DIRECTION('',(0.,1.,0.));
#2114=DIRECTION('',(0.,0.,1.));
#2115=DIRECTION('',(1.,0.,0.));
#2116=DIRECTION('',(0.,0.,-1.));
#2117=DIRECTION('',(1.,0.,0.));
#2118=DIRECTION('',(0.,0.,-1.));
#2119=DIRECTION('',(-1.,0.,0.));
#2120=DIRECTION('',(0.,0.,1.));
#2121=DIRECTION('',(1.,0.,0.));
#2122=DIRECTION('',(0.,0.,-1.));
#2123=DIRECTION('',(0.,0.,1.));
#2124=DIRECTION('',(1.,0.,0.));
#2125=DIRECTION('',(1.,0.,0.));
#2126=DIRECTION('',(0.,0.,-1.));
#2127=DIRECTION('',(0.,-1.,0.));
#2128=DIRECTION('',(0.,0.,-1.));
#2129=DIRECTION('',(0.,-1.,0.));
#2130=DIRECTION('',(0.,0.,-1.));
#2131=DIRECTION('',(-1.,0.,0.));
#2132=DIRECTION('',(0.,0.,1.));
#2133=DIRECTION('',(1.,0.,0.));
#2134=DIRECTION('',(0.,0.,-1.));
#2135=DIRECTION('',(0.,0.,1.));
#2136=DIRECTION('',(1.,0.,0.));
#2137=DIRECTION('',(0.,1.,0.));
#2138=DIRECTION('',(0.,0.,1.));
#2139=DIRECTION('',(1.,0.,0.));
#2140=DIRECTION('',(0.,0.,-1.));
#2141=DIRECTION('',(1.,0.,0.));
#2142=DIRECTION('',(0.,0.,-1.));
#2143=DIRECTION('',(-1.,0.,0.));
#2144=DIRECTION('',(0.,0.,1.));
#2145=DIRECTION('',(1.,0.,0.));
#2146=DIRECTION('',(0.,0.,-1.));
#2147=DIRECTION('',(0.,0.,1.));
#2148=DIRECTION('',(1.,0.,0.));
#2149=DIRECTION('',(0.,0.,-1.));
#2150=DIRECTION('',(-1.,0.,0.));
#2151=DIRECTION('',(0.,0.,1.));
#2152=DIRECTION('',(1.,0.,0.));
#2153=DIRECTION('',(0.,0.,-1.));
#2154=DIRECTION('',(0.,0.,1.));
#2155=DIRECTION('',(1.,0.,0.));
#2156=DIRECTION('',(0.,0.,-1.));
#2157=DIRECTION('',(0.,1.,0.));
#2158=DIRECTION('',(0.,0.,1.));
#2159=DIRECTION('',(1.,0.,0.));
#2160=DIRECTION('',(0.,0.,-1.));
#2161=DIRECTION('',(1.,0.,0.));
#2162=DIRECTION('',(0.,0.,-1.));
#2163=DIRECTION('',(-1.,0.,0.));
#2164=DIRECTION('',(0.,0.,1.));
#2165=DIRECTION('',(1.,0.,0.));
#2166=DIRECTION('',(0.,0.,-1.));
#2167=DIRECTION('',(0.,0.,1.));
#2168=DIRECTION('',(1.,0.,0.));
#2169=DIRECTION('',(1.,0.,0.));
#2170=DIRECTION('',(0.,0.,-1.));
#2171=DIRECTION('',(0.,-1.,0.));
#2172=DIRECTION('',(0.,0.,-1.));
#2173=DIRECTION('',(0.,-1.,0.));
#2174=DIRECTION('',(0.,0.,-1.));
#2175=DIRECTION('',(-1.,0.,0.));
#2176=DIRECTION('',(0.,0.,1.));
#2177=DIRECTION('',(1.,0.,0.));
#2178=DIRECTION('',(0.,0.,-1.));
#2179=DIRECTION('',(0.,0.,1.));
#2180=DIRECTION('',(1.,0.,0.));
#2181=DIRECTION('',(0.,1.,0.));
#2182=DIRECTION('',(0.,0.,1.));
#2183=DIRECTION('',(1.,0.,0.));
#2184=DIRECTION('',(0.,0.,-1.));
#2185=DIRECTION('',(1.,0.,0.));
#2186=DIRECTION('',(0.,0.,-1.));
#2187=DIRECTION('',(-1.,0.,0.));
#2188=DIRECTION('',(0.,0.,1.));
#2189=DIRECTION('',(1.,0.,0.));
#2190=DIRECTION('',(0.,0.,-1.));
#2191=DIRECTION('',(0.,0.,1.));
#2192=DIRECTION('',(1.,0.,0.));
#2193=DIRECTION('',(0.,0.,-1.));
#2194=DIRECTION('',(-1.,0.,0.));
#2195=DIRECTION('',(0.,0.,1.));
#2196=DIRECTION('',(1.,0.,0.));
#2197=DIRECTION('',(0.,0.,-1.));
#2198=DIRECTION('',(0.,0.,1.));
#2199=DIRECTION('',(1.,0.,0.));
#2200=DIRECTION('',(0.,0.,-1.));
#2201=DIRECTION('',(0.,1.,0.));
#2202=DIRECTION('',(0.,0.,1.));
#2203=DIRECTION('',(1.,0.,0.));
#2204=DIRECTION('',(0.,0.,-1.));
#2205=DIRECTION('',(1.,0.,0.));
#2206=DIRECTION('',(0.,0.,-1.));
#2207=DIRECTION('',(-1.,0.,0.));
#2208=DIRECTION('',(0.,0.,1.));
#2209=DIRECTION('',(1.,0.,0.));
#2210=DIRECTION('',(0.,0.,-1.));
#2211=DIRECTION('',(0.,0.,1.));
#2212=DIRECTION('',(1.,0.,0.));
#2213=DIRECTION('',(1.,0.,0.));
#2214=DIRECTION('',(0.,0.,-1.));
#2215=DIRECTION('',(0.,-1.,0.));
#2216=DIRECTION('',(0.,0.,-1.));
#2217=DIRECTION('',(0.,-1.,0.));
#2218=DIRECTION('',(0.,0.,-1.));
#2219=DIRECTION('',(-1.,0.,0.));
#2220=DIRECTION('',(0.,0.,1.));
#2221=DIRECTION('',(1.,0.,0.));
#2222=DIRECTION('',(0.,0.,-1.));
#2223=DIRECTION('',(0.,0.,1.));
#2224=DIRECTION('',(1.,0.,0.));
#2225=DIRECTION('',(0.,1.,0.));
#2226=DIRECTION('',(0.,0.,1.));
#2227=DIRECTION('',(1.,0.,0.));
#2228=DIRECTION('',(0.,0.,-1.));
#2229=DIRECTION('',(1.,0.,0.));
#2230=DIRECTION('',(0.,0.,-1.));
#2231=DIRECTION('',(-1.,0.,0.));
#2232=DIRECTION('',(0.,0.,1.));
#2233=DIRECTION('',(1.,0.,0.));
#2234=DIRECTION('',(0.,0.,-1.));
#2235=DIRECTION('',(0.,0.,1.));
#2236=DIRECTION('',(1.,0.,0.));
#2237=DIRECTION('',(0.,0.,-1.));
#2238=DIRECTION('',(-1.,0.,0.));
#2239=DIRECTION('',(0.,0.,1.));
#2240=DIRECTION('',(1.,0.,0.));
#2241=DIRECTION('',(0.,0.,-1.));
#2242=DIRECTION('',(0.,0.,1.));
#2243=DIRECTION('',(1.,0.,0.));
#2244=DIRECTION('',(0.,0.,-1.));
#2245=DIRECTION('',(0.,1.,0.));
#2246=DIRECTION('',(0.,0.,1.));
#2247=DIRECTION('',(1.,0.,0.));
#2248=DIRECTION('',(0.,0.,-1.));
#2249=DIRECTION('',(1.,0.,0.));
#2250=DIRECTION('',(0.,0.,-1.));
#2251=DIRECTION('',(-1.,0.,0.));
#2252=DIRECTION('',(0.,0.,1.));
#2253=DIRECTION('',(1.,0.,0.));
#2254=DIRECTION('',(0.,0.,-1.));
#2255=DIRECTION('',(0.,0.,1.));
#2256=DIRECTION('',(1.,0.,0.));
#2257=DIRECTION('',(1.,0.,0.));
#2258=DIRECTION('',(0.,0.,-1.));
#2259=DIRECTION('',(0.,-1.,0.));
#2260=DIRECTION('',(0.,0.,-1.));
#2261=DIRECTION('',(0.,-1.,0.));
#2262=DIRECTION('',(0.,0.,-1.));
#2263=DIRECTION('',(-1.,0.,0.));
#2264=DIRECTION('',(0.,0.,1.));
#2265=DIRECTION('',(1.,0.,0.));
#2266=DIRECTION('',(0.,0.,-1.));
#2267=DIRECTION('',(0.,0.,1.));
#2268=DIRECTION('',(1.,0.,0.));
#2269=DIRECTION('',(0.,1.,0.));
#2270=DIRECTION('',(0.,0.,1.));
#2271=DIRECTION('',(1.,0.,0.));
#2272=DIRECTION('',(0.,0.,-1.));
#2273=DIRECTION('',(1.,0.,0.));
#2274=DIRECTION('',(0.,0.,-1.));
#2275=DIRECTION('',(-1.,0.,0.));
#2276=DIRECTION('',(0.,0.,1.));
#2277=DIRECTION('',(1.,0.,0.));
#2278=DIRECTION('',(0.,0.,-1.));
#2279=DIRECTION('',(0.,0.,1.));
#2280=DIRECTION('',(1.,0.,0.));
#2281=DIRECTION('',(0.,0.,-1.));
#2282=DIRECTION('',(-1.,0.,0.));
#2283=DIRECTION('',(0.,0.,1.));
#2284=DIRECTION('',(1.,0.,0.));
#2285=DIRECTION('',(0.,0.,-1.));
#2286=DIRECTION('',(0.,0.,1.));
#2287=DIRECTION('',(1.,0.,0.));
#2288=DIRECTION('',(0.,0.,-1.));
#2289=DIRECTION('',(0.,1.,0.));
#2290=DIRECTION('',(0.,0.,1.));
#2291=DIRECTION('',(1.,0.,0.));
#2292=DIRECTION('',(0.,0.,-1.));
#2293=DIRECTION('',(1.,0.,0.));
#2294=DIRECTION('',(0.,0.,-1.));
#2295=DIRECTION('',(-1.,0.,0.));
#2296=DIRECTION('',(0.,0.,1.));
#2297=DIRECTION('',(1.,0.,0.));
#2298=DIRECTION('',(0.,0.,-1.));
#2299=DIRECTION('',(0.,0.,1.));
#2300=DIRECTION('',(1.,0.,0.));
#2301=DIRECTION('',(1.,0.,0.));
#2302=DIRECTION('',(0.,0.,-1.));
#2303=DIRECTION('',(0.,-1.,0.));
#2304=DIRECTION('',(0.,0.,-1.));
#2305=DIRECTION('',(0.,-1.,0.));
#2306=DIRECTION('',(0.,0.,-1.));
#2307=DIRECTION('',(-1.,0.,0.));
#2308=DIRECTION('',(0.,0.,1.));
#2309=DIRECTION('',(1.,0.,0.));
#2310=DIRECTION('',(0.,0.,-1.));
#2311=DIRECTION('',(0.,0.,1.));
#2312=DIRECTION('',(1.,0.,0.));
#2313=DIRECTION('',(0.,1.,0.));
#2314=DIRECTION('',(0.,0.,1.));
#2315=DIRECTION('',(1.,0.,0.));
#2316=DIRECTION('',(0.,0.,-1.));
#2317=DIRECTION('',(1.,0.,0.));
#2318=DIRECTION('',(0.,0.,-1.));
#2319=DIRECTION('',(-1.,0.,0.));
#2320=DIRECTION('',(0.,0.,1.));
#2321=DIRECTION('',(1.,0.,0.));
#2322=DIRECTION('',(0.,0.,-1.));
#2323=DIRECTION('',(0.,0.,1.));
#2324=DIRECTION('',(1.,0.,0.));
#2325=DIRECTION('',(0.,0.,-1.));
#2326=DIRECTION('',(-1.,0.,0.));
#2327=DIRECTION('',(0.,0.,1.));
#2328=DIRECTION('',(1.,0.,0.));
#2329=DIRECTION('',(0.,0.,-1.));
#2330=DIRECTION('',(0.,0.,1.));
#2331=DIRECTION('',(1.,0.,0.));
#2332=DIRECTION('',(0.,0.,-1.));
#2333=DIRECTION('',(0.,1.,0.));
#2334=DIRECTION('',(0.,0.,1.));
#2335=DIRECTION('',(1.,0.,0.));
#2336=DIRECTION('',(0.,0.,-1.));
#2337=DIRECTION('',(1.,0.,0.));
#2338=DIRECTION('',(0.,0.,-1.));
#2339=DIRECTION('',(-1.,0.,0.));
#2340=DIRECTION('',(0.,0.,1.));
#2341=DIRECTION('',(1.,0.,0.));
#2342=DIRECTION('',(0.,0.,-1.));
#2343=DIRECTION('',(0.,0.,1.));
#2344=DIRECTION('',(1.,0.,0.));
#2345=DIRECTION('',(1.,0.,0.));
#2346=DIRECTION('',(0.,0.,-1.));
#2347=DIRECTION('',(0.,-1.,0.));
#2348=DIRECTION('',(0.,0.,-1.));
#2349=DIRECTION('',(0.,-1.,0.));
#2350=DIRECTION('',(0.,0.,-1.));
#2351=DIRECTION('',(-1.,0.,0.));
#2352=DIRECTION('',(0.,0.,1.));
#2353=DIRECTION('',(1.,0.,0.));
#2354=DIRECTION('',(0.,0.,-1.));
#2355=DIRECTION('',(0.,0.,1.));
#2356=DIRECTION('',(1.,0.,0.));
#2357=DIRECTION('',(0.,1.,0.));
#2358=DIRECTION('',(0.,0.,1.));
#2359=DIRECTION('',(1.,0.,0.));
#2360=DIRECTION('',(0.,0.,-1.));
#2361=DIRECTION('',(1.,0.,0.));
#2362=DIRECTION('',(0.,0.,-1.));
#2363=DIRECTION('',(-1.,0.,0.));
#2364=DIRECTION('',(0.,0.,1.));
#2365=DIRECTION('',(1.,0.,0.));
#2366=DIRECTION('',(0.,0.,-1.));
#2367=DIRECTION('',(0.,0.,1.));
#2368=DIRECTION('',(1.,0.,0.));
#2369=DIRECTION('',(0.,0.,-1.));
#2370=DIRECTION('',(-1.,0.,0.));
#2371=DIRECTION('',(0.,0.,1.));
#2372=DIRECTION('',(1.,0.,0.));
#2373=DIRECTION('',(0.,0.,-1.));
#2374=DIRECTION('',(0.,0.,1.));
#2375=DIRECTION('',(1.,0.,0.));
#2376=DIRECTION('',(0.,0.,-1.));
#2377=DIRECTION('',(0.,1.,0.));
#2378=DIRECTION('',(0.,0.,1.));
#2379=DIRECTION('',(1.,0.,0.));
#2380=DIRECTION('',(0.,0.,-1.));
#2381=DIRECTION('',(1.,0.,0.));
#2382=DIRECTION('',(0.,0.,-1.));
#2383=DIRECTION('',(-1.,0.,0.));
#2384=DIRECTION('',(0.,0.,1.));
#2385=DIRECTION('',(1.,0.,0.));
#2386=DIRECTION('',(0.,0.,-1.));
#2387=DIRECTION('',(0.,0.,1.));
#2388=DIRECTION('',(1.,0.,0.));
#2389=DIRECTION('',(1.,0.,0.));
#2390=DIRECTION('',(0.,0.,-1.));
#2391=DIRECTION('',(0.,-1.,0.));
#2392=DIRECTION('',(0.,0.,-1.));
#2393=DIRECTION('',(0.,-1.,0.));
#2394=DIRECTION('',(0.,0.,-1.));
#2395=DIRECTION('',(-1.,0.,0.));
#2396=DIRECTION('',(0.,0.,1.));
#2397=DIRECTION('',(1.,0.,0.));
#2398=DIRECTION('',(0.,0.,-1.));
#2399=DIRECTION('',(0.,0.,1.));
#2400=DIRECTION('',(1.,0.,0.));
#2401=DIRECTION('',(0.,1.,0.));
#2402=DIRECTION('',(0.,0.,1.));
#2403=DIRECTION('',(1.,0.,0.));
#2404=DIRECTION('',(0.,0.,-1.));
#2405=DIRECTION('',(1.,0.,0.));
#2406=DIRECTION('',(0.,0.,-1.));
#2407=DIRECTION('',(-1.,0.,0.));
#2408=DIRECTION('',(0.,0.,1.));
#2409=DIRECTION('',(1.,0.,0.));
#2410=DIRECTION('',(0.,0.,-1.));
#2411=DIRECTION('',(0.,0.,1.));
#2412=DIRECTION('',(1.,0.,0.));
#2413=DIRECTION('',(1.,0.,0.));
#2414=DIRECTION('',(0.,0.,-1.));
#2415=DIRECTION('',(0.,-1.,0.));
#2416=DIRECTION('',(0.,0.,-1.));
#2417=DIRECTION('',(0.,-1.,0.));
#2418=DIRECTION('',(0.,0.,-1.));
#2419=DIRECTION('',(0.,0.,-1.));
#2420=DIRECTION('',(-1.,0.,0.));
#2421=DIRECTION('',(0.,0.,1.));
#2422=DIRECTION('',(1.,0.,0.));
#2423=DIRECTION('',(0.,0.,-1.));
#2424=DIRECTION('',(0.,0.,1.));
#2425=DIRECTION('',(1.,0.,0.));
#2426=DIRECTION('',(0.,1.,0.));
#2427=DIRECTION('',(0.,0.,1.));
#2428=DIRECTION('',(1.,0.,0.));
#2429=DIRECTION('',(0.,0.,-1.));
#2430=DIRECTION('',(1.,0.,0.));
#2431=DIRECTION('',(0.,0.,-1.));
#2432=DIRECTION('',(-1.,0.,0.));
#2433=DIRECTION('',(0.,0.,1.));
#2434=DIRECTION('',(1.,0.,0.));
#2435=DIRECTION('',(0.,0.,-1.));
#2436=DIRECTION('',(0.,0.,1.));
#2437=DIRECTION('',(1.,0.,0.));
#2438=DIRECTION('',(-1.,0.,0.));
#2439=DIRECTION('',(0.,0.,1.));
#2440=DIRECTION('',(0.,1.,0.));
#2441=DIRECTION('',(0.,0.,-1.));
#2442=DIRECTION('',(0.,1.,0.));
#2443=DIRECTION('',(0.,0.,-1.));
#2444=DIRECTION('',(-1.,0.,0.));
#2445=DIRECTION('',(0.,0.,1.));
#2446=DIRECTION('',(1.,0.,0.));
#2447=DIRECTION('',(0.,0.,-1.));
#2448=DIRECTION('',(0.,0.,1.));
#2449=DIRECTION('',(1.,0.,0.));
#2450=DIRECTION('',(0.,-1.,0.));
#2451=DIRECTION('',(0.,0.,-1.));
#2452=DIRECTION('',(-1.,0.,0.));
#2453=DIRECTION('',(0.,0.,-1.));
#2454=DIRECTION('',(-1.,0.,0.));
#2455=DIRECTION('',(1.,0.,0.));
#2456=DIRECTION('',(0.,0.,-1.));
#2457=DIRECTION('',(0.,-1.,0.));
#2458=DIRECTION('',(0.,0.,-1.));
#2459=DIRECTION('',(0.,-1.,0.));
#2460=DIRECTION('',(0.,0.,-1.));
#2461=DIRECTION('',(0.,1.,0.));
#2462=DIRECTION('',(0.,0.,1.));
#2463=DIRECTION('',(1.,0.,0.));
#2464=DIRECTION('',(0.,0.,-1.));
#2465=DIRECTION('',(1.,0.,0.));
#2466=DIRECTION('',(1.,0.,0.));
#2467=DIRECTION('',(0.,0.,-1.));
#2468=DIRECTION('',(0.,-1.,0.));
#2469=DIRECTION('',(0.,0.,-1.));
#2470=DIRECTION('',(0.,-1.,0.));
#2471=DIRECTION('',(1.,0.,0.));
#2472=DIRECTION('',(0.,0.,-1.));
#2473=DIRECTION('',(0.,-1.,0.));
#2474=DIRECTION('',(0.,-1.,0.));
#2475=DIRECTION('',(1.,0.,0.));
#2476=DIRECTION('',(0.,0.,-1.));
#2477=DIRECTION('',(0.,-1.,0.));
#2478=DIRECTION('',(0.,-1.,0.));
#2479=DIRECTION('',(1.,0.,0.));
#2480=DIRECTION('',(0.,0.,-1.));
#2481=DIRECTION('',(0.,-1.,0.));
#2482=DIRECTION('',(0.,-1.,0.));
#2483=DIRECTION('',(1.,0.,0.));
#2484=DIRECTION('',(0.,0.,-1.));
#2485=DIRECTION('',(0.,-1.,0.));
#2486=DIRECTION('',(0.,-1.,0.));
#2487=DIRECTION('',(1.,0.,0.));
#2488=DIRECTION('',(0.,0.,-1.));
#2489=DIRECTION('',(0.,-1.,0.));
#2490=DIRECTION('',(0.,-1.,0.));
#2491=DIRECTION('',(1.,0.,0.));
#2492=DIRECTION('',(0.,0.,-1.));
#2493=DIRECTION('',(0.,-1.,0.));
#2494=DIRECTION('',(0.,-1.,0.));
#2495=DIRECTION('',(1.,0.,0.));
#2496=DIRECTION('',(0.,0.,-1.));
#2497=DIRECTION('',(0.,-1.,0.));
#2498=DIRECTION('',(0.,-1.,0.));
#2499=DIRECTION('',(1.,0.,0.));
#2500=DIRECTION('',(0.,0.,-1.));
#2501=DIRECTION('',(0.,-1.,0.));
#2502=DIRECTION('',(0.,-1.,0.));
#2503=DIRECTION('',(0.,0.,-1.));
#2504=DIRECTION('',(-1.,0.,0.));
#2505=DIRECTION('',(0.,0.,1.));
#2506=DIRECTION('',(1.,0.,0.));
#2507=DIRECTION('',(0.,0.,1.));
#2508=DIRECTION('',(1.,0.,0.));
#2509=DIRECTION('',(0.,0.,-1.));
#2510=DIRECTION('',(-1.,0.,0.));
#2511=DIRECTION('',(0.,0.,1.));
#2512=DIRECTION('',(1.,0.,0.));
#2513=DIRECTION('',(0.,0.,1.));
#2514=DIRECTION('',(1.,0.,0.));
#2515=DIRECTION('',(0.,0.,-1.));
#2516=DIRECTION('',(-1.,0.,0.));
#2517=DIRECTION('',(0.,0.,1.));
#2518=DIRECTION('',(1.,0.,0.));
#2519=DIRECTION('',(0.,0.,1.));
#2520=DIRECTION('',(1.,0.,0.));
#2521=DIRECTION('',(0.,0.,-1.));
#2522=DIRECTION('',(-1.,0.,0.));
#2523=DIRECTION('',(0.,0.,1.));
#2524=DIRECTION('',(1.,0.,0.));
#2525=DIRECTION('',(0.,0.,1.));
#2526=DIRECTION('',(1.,0.,0.));
#2527=DIRECTION('',(0.,0.,-1.));
#2528=DIRECTION('',(-1.,0.,0.));
#2529=DIRECTION('',(0.,0.,1.));
#2530=DIRECTION('',(1.,0.,0.));
#2531=DIRECTION('',(0.,0.,1.));
#2532=DIRECTION('',(1.,0.,0.));
#2533=DIRECTION('',(-2.34997676874346E-16,1.,0.));
#2534=DIRECTION('',(-1.,-2.34997676874346E-16,0.));
#2535=DIRECTION('',(1.,2.34997676874346E-16,0.));
#2536=DIRECTION('',(1.,2.34997676874346E-16,0.));
#2537=DIRECTION('',(1.,0.,0.));
#2538=DIRECTION('',(0.,0.,-1.));
#2539=DIRECTION('',(0.,-1.,0.));
#2540=DIRECTION('',(0.,-1.,0.));
#2541=DIRECTION('',(0.,0.,1.));
#2542=DIRECTION('',(1.,0.,0.));
#2543=DIRECTION('',(0.,0.,1.));
#2544=DIRECTION('',(1.,0.,0.));
#2545=CARTESIAN_POINT('',(0.,0.,0.));
#2546=CARTESIAN_POINT('',(0.01255,-0.0214591369603323,0.016));
#2547=CARTESIAN_POINT('',(0.01255,-0.0214591369603323,0.013));
#2548=CARTESIAN_POINT('',(0.01255,-0.0209591369603323,0.013));
#2549=CARTESIAN_POINT('',(0.01205,-0.0214591369603323,0.013));
#2550=CARTESIAN_POINT('',(0.01255,-0.0209591369603323,0.016));
#2551=CARTESIAN_POINT('',(0.01255,-0.0209591369603323,0.016));
#2552=CARTESIAN_POINT('',(0.01255,-0.0214591369603323,0.016));
#2553=CARTESIAN_POINT('',(0.01205,-0.0214591369603323,0.016));
#2554=CARTESIAN_POINT('',(0.01205,-0.0214591369603323,0.016));
#2555=CARTESIAN_POINT('',(0.01905,-0.0209591369603323,0.016));
#2556=CARTESIAN_POINT('',(0.01905,-0.0209591369603323,0.013));
#2557=CARTESIAN_POINT('',(0.02555,-0.0209591369603323,0.013));
#2558=CARTESIAN_POINT('',(0.02555,-0.0209591369603323,0.016));
#2559=CARTESIAN_POINT('',(0.02555,-0.0209591369603323,0.016));
#2560=CARTESIAN_POINT('',(0.01905,-0.0209591369603323,0.016));
#2561=CARTESIAN_POINT('',(0.02555,-0.0214591369603323,0.016));
#2562=CARTESIAN_POINT('',(0.02555,-0.0214591369603323,0.013));
#2563=CARTESIAN_POINT('',(0.02605,-0.0214591369603323,0.013));
#2564=CARTESIAN_POINT('',(0.02605,-0.0214591369603323,0.016));
#2565=CARTESIAN_POINT('',(0.02605,-0.0214591369603323,0.016));
#2566=CARTESIAN_POINT('',(0.02555,-0.0214591369603323,0.016));
#2567=CARTESIAN_POINT('',(0.02605,-0.0279591369603323,0.016));
#2568=CARTESIAN_POINT('',(0.02605,-0.0279591369603323,0.013));
#2569=CARTESIAN_POINT('',(0.02605,-0.0344591369603323,0.013));
#2570=CARTESIAN_POINT('',(0.02605,-0.0344591369603323,0.016));
#2571=CARTESIAN_POINT('',(0.02605,-0.0344591369603323,0.016));
#2572=CARTESIAN_POINT('',(0.02605,-0.0279591369603323,0.016));
#2573=CARTESIAN_POINT('',(0.02555,-0.0344591369603323,0.016));
#2574=CARTESIAN_POINT('',(0.02555,-0.0344591369603323,0.013));
#2575=CARTESIAN_POINT('',(0.02555,-0.0349591369603323,0.013));
#2576=CARTESIAN_POINT('',(0.02555,-0.0349591369603323,0.016));
#2577=CARTESIAN_POINT('',(0.02555,-0.0349591369603323,0.016));
#2578=CARTESIAN_POINT('',(0.02555,-0.0344591369603323,0.016));
#2579=CARTESIAN_POINT('',(0.01905,-0.0349591369603323,0.016));
#2580=CARTESIAN_POINT('',(0.01905,-0.0349591369603323,0.013));
#2581=CARTESIAN_POINT('',(0.01255,-0.0349591369603323,0.013));
#2582=CARTESIAN_POINT('',(0.01255,-0.0349591369603323,0.016));
#2583=CARTESIAN_POINT('',(0.01255,-0.0349591369603323,0.016));
#2584=CARTESIAN_POINT('',(0.01905,-0.0349591369603323,0.016));
#2585=CARTESIAN_POINT('',(0.01255,-0.0344591369603323,0.016));
#2586=CARTESIAN_POINT('',(0.01255,-0.0344591369603323,0.013));
#2587=CARTESIAN_POINT('',(0.01205,-0.0344591369603323,0.013));
#2588=CARTESIAN_POINT('',(0.01205,-0.0344591369603323,0.016));
#2589=CARTESIAN_POINT('',(0.01205,-0.0344591369603323,0.016));
#2590=CARTESIAN_POINT('',(0.01255,-0.0344591369603323,0.016));
#2591=CARTESIAN_POINT('',(-0.0065,-0.0214591369603323,0.016));
#2592=CARTESIAN_POINT('',(-0.0065,-0.0214591369603323,0.013));
#2593=CARTESIAN_POINT('',(-0.0065,-0.0209591369603323,0.013));
#2594=CARTESIAN_POINT('',(-0.007,-0.0214591369603323,0.013));
#2595=CARTESIAN_POINT('',(-0.0065,-0.0209591369603323,0.016));
#2596=CARTESIAN_POINT('',(-0.0065,-0.0209591369603323,0.016));
#2597=CARTESIAN_POINT('',(-0.0065,-0.0214591369603323,0.016));
#2598=CARTESIAN_POINT('',(-0.007,-0.0214591369603323,0.016));
#2599=CARTESIAN_POINT('',(-0.007,-0.0214591369603323,0.016));
#2600=CARTESIAN_POINT('',(1.7347234759768E-18,-0.0209591369603323,0.016));
#2601=CARTESIAN_POINT('',(1.7347234759768E-18,-0.0209591369603323,0.013));
#2602=CARTESIAN_POINT('',(0.0065,-0.0209591369603323,0.013));
#2603=CARTESIAN_POINT('',(0.0065,-0.0209591369603323,0.016));
#2604=CARTESIAN_POINT('',(0.0065,-0.0209591369603323,0.016));
#2605=CARTESIAN_POINT('',(1.7347234759768E-18,-0.0209591369603323,0.016));
#2606=CARTESIAN_POINT('',(0.0065,-0.0214591369603323,0.016));
#2607=CARTESIAN_POINT('',(0.0065,-0.0214591369603323,0.013));
#2608=CARTESIAN_POINT('',(0.007,-0.0214591369603323,0.013));
#2609=CARTESIAN_POINT('',(0.007,-0.0214591369603323,0.016));
#2610=CARTESIAN_POINT('',(0.007,-0.0214591369603323,0.016));
#2611=CARTESIAN_POINT('',(0.0065,-0.0214591369603323,0.016));
#2612=CARTESIAN_POINT('',(0.007,-0.0279591369603323,0.016));
#2613=CARTESIAN_POINT('',(0.007,-0.0279591369603323,0.013));
#2614=CARTESIAN_POINT('',(0.007,-0.0344591369603323,0.013));
#2615=CARTESIAN_POINT('',(0.007,-0.0344591369603323,0.016));
#2616=CARTESIAN_POINT('',(0.007,-0.0344591369603323,0.016));
#2617=CARTESIAN_POINT('',(0.007,-0.0279591369603323,0.016));
#2618=CARTESIAN_POINT('',(0.0065,-0.0344591369603323,0.016));
#2619=CARTESIAN_POINT('',(0.0065,-0.0344591369603323,0.013));
#2620=CARTESIAN_POINT('',(0.0065,-0.0349591369603323,0.013));
#2621=CARTESIAN_POINT('',(0.0065,-0.0349591369603323,0.016));
#2622=CARTESIAN_POINT('',(0.0065,-0.0349591369603323,0.016));
#2623=CARTESIAN_POINT('',(0.0065,-0.0344591369603323,0.016));
#2624=CARTESIAN_POINT('',(1.7347234759768E-18,-0.0349591369603323,0.016));
#2625=CARTESIAN_POINT('',(1.7347234759768E-18,-0.0349591369603323,0.013));
#2626=CARTESIAN_POINT('',(-0.0065,-0.0349591369603323,0.013));
#2627=CARTESIAN_POINT('',(-0.0065,-0.0349591369603323,0.016));
#2628=CARTESIAN_POINT('',(-0.0065,-0.0349591369603323,0.016));
#2629=CARTESIAN_POINT('',(1.7347234759768E-18,-0.0349591369603323,0.016));
#2630=CARTESIAN_POINT('',(-0.0065,-0.0344591369603323,0.016));
#2631=CARTESIAN_POINT('',(-0.0065,-0.0344591369603323,0.013));
#2632=CARTESIAN_POINT('',(-0.007,-0.0344591369603323,0.013));
#2633=CARTESIAN_POINT('',(-0.007,-0.0344591369603323,0.016));
#2634=CARTESIAN_POINT('',(-0.007,-0.0344591369603323,0.016));
#2635=CARTESIAN_POINT('',(-0.0065,-0.0344591369603323,0.016));
#2636=CARTESIAN_POINT('',(-0.02555,-0.0214591369603323,0.016));
#2637=CARTESIAN_POINT('',(-0.02555,-0.0214591369603323,0.013));
#2638=CARTESIAN_POINT('',(-0.02555,-0.0209591369603323,0.013));
#2639=CARTESIAN_POINT('',(-0.02605,-0.0214591369603323,0.013));
#2640=CARTESIAN_POINT('',(-0.02555,-0.0209591369603323,0.016));
#2641=CARTESIAN_POINT('',(-0.02555,-0.0209591369603323,0.016));
#2642=CARTESIAN_POINT('',(-0.02555,-0.0214591369603323,0.016));
#2643=CARTESIAN_POINT('',(-0.02605,-0.0214591369603323,0.016));
#2644=CARTESIAN_POINT('',(-0.02605,-0.0214591369603323,0.016));
#2645=CARTESIAN_POINT('',(-0.01905,-0.0209591369603323,0.016));
#2646=CARTESIAN_POINT('',(-0.01905,-0.0209591369603323,0.013));
#2647=CARTESIAN_POINT('',(-0.01255,-0.0209591369603323,0.013));
#2648=CARTESIAN_POINT('',(-0.01255,-0.0209591369603323,0.016));
#2649=CARTESIAN_POINT('',(-0.01255,-0.0209591369603323,0.016));
#2650=CARTESIAN_POINT('',(-0.01905,-0.0209591369603323,0.016));
#2651=CARTESIAN_POINT('',(-0.01255,-0.0214591369603323,0.016));
#2652=CARTESIAN_POINT('',(-0.01255,-0.0214591369603323,0.013));
#2653=CARTESIAN_POINT('',(-0.01205,-0.0214591369603323,0.013));
#2654=CARTESIAN_POINT('',(-0.01205,-0.0214591369603323,0.016));
#2655=CARTESIAN_POINT('',(-0.01205,-0.0214591369603323,0.016));
#2656=CARTESIAN_POINT('',(-0.01255,-0.0214591369603323,0.016));
#2657=CARTESIAN_POINT('',(-0.01205,-0.0279591369603323,0.016));
#2658=CARTESIAN_POINT('',(-0.01205,-0.0279591369603323,0.013));
#2659=CARTESIAN_POINT('',(-0.01205,-0.0344591369603323,0.013));
#2660=CARTESIAN_POINT('',(-0.01205,-0.0344591369603323,0.016));
#2661=CARTESIAN_POINT('',(-0.01205,-0.0344591369603323,0.016));
#2662=CARTESIAN_POINT('',(-0.01205,-0.0279591369603323,0.016));
#2663=CARTESIAN_POINT('',(-0.01255,-0.0344591369603323,0.016));
#2664=CARTESIAN_POINT('',(-0.01255,-0.0344591369603323,0.013));
#2665=CARTESIAN_POINT('',(-0.01255,-0.0349591369603323,0.013));
#2666=CARTESIAN_POINT('',(-0.01255,-0.0349591369603323,0.016));
#2667=CARTESIAN_POINT('',(-0.01255,-0.0349591369603323,0.016));
#2668=CARTESIAN_POINT('',(-0.01255,-0.0344591369603323,0.016));
#2669=CARTESIAN_POINT('',(-0.01905,-0.0349591369603323,0.016));
#2670=CARTESIAN_POINT('',(-0.01905,-0.0349591369603323,0.013));
#2671=CARTESIAN_POINT('',(-0.02555,-0.0349591369603323,0.013));
#2672=CARTESIAN_POINT('',(-0.02555,-0.0349591369603323,0.016));
#2673=CARTESIAN_POINT('',(-0.02555,-0.0349591369603323,0.016));
#2674=CARTESIAN_POINT('',(-0.01905,-0.0349591369603323,0.016));
#2675=CARTESIAN_POINT('',(-0.02555,-0.0344591369603323,0.016));
#2676=CARTESIAN_POINT('',(-0.02555,-0.0344591369603323,0.013));
#2677=CARTESIAN_POINT('',(-0.02605,-0.0344591369603323,0.013));
#2678=CARTESIAN_POINT('',(-0.02605,-0.0344591369603323,0.016));
#2679=CARTESIAN_POINT('',(-0.02605,-0.0344591369603323,0.016));
#2680=CARTESIAN_POINT('',(-0.02555,-0.0344591369603323,0.016));
#2681=CARTESIAN_POINT('',(0.01255,-0.00240913696033231,0.016));
#2682=CARTESIAN_POINT('',(0.01255,-0.00240913696033231,0.013));
#2683=CARTESIAN_POINT('',(0.01255,-0.00190913696033231,0.013));
#2684=CARTESIAN_POINT('',(0.01205,-0.00240913696033231,0.013));
#2685=CARTESIAN_POINT('',(0.01255,-0.00190913696033231,0.016));
#2686=CARTESIAN_POINT('',(0.01255,-0.00190913696033231,0.016));
#2687=CARTESIAN_POINT('',(0.01255,-0.00240913696033231,0.016));
#2688=CARTESIAN_POINT('',(0.01205,-0.00240913696033231,0.016));
#2689=CARTESIAN_POINT('',(0.01205,-0.00240913696033231,0.016));
#2690=CARTESIAN_POINT('',(0.01905,-0.00190913696033231,0.016));
#2691=CARTESIAN_POINT('',(0.01905,-0.00190913696033231,0.013));
#2692=CARTESIAN_POINT('',(0.02555,-0.00190913696033231,0.013));
#2693=CARTESIAN_POINT('',(0.02555,-0.00190913696033231,0.016));
#2694=CARTESIAN_POINT('',(0.02555,-0.00190913696033231,0.016));
#2695=CARTESIAN_POINT('',(0.01905,-0.00190913696033231,0.016));
#2696=CARTESIAN_POINT('',(0.02555,-0.00240913696033232,0.016));
#2697=CARTESIAN_POINT('',(0.02555,-0.00240913696033232,0.013));
#2698=CARTESIAN_POINT('',(0.02605,-0.00240913696033231,0.013));
#2699=CARTESIAN_POINT('',(0.02605,-0.00240913696033231,0.016));
#2700=CARTESIAN_POINT('',(0.02605,-0.00240913696033231,0.016));
#2701=CARTESIAN_POINT('',(0.02555,-0.00240913696033232,0.016));
#2702=CARTESIAN_POINT('',(0.02605,-0.00890913696033231,0.016));
#2703=CARTESIAN_POINT('',(0.02605,-0.00890913696033231,0.013));
#2704=CARTESIAN_POINT('',(0.02605,-0.0154091369603323,0.013));
#2705=CARTESIAN_POINT('',(0.02605,-0.0154091369603323,0.016));
#2706=CARTESIAN_POINT('',(0.02605,-0.0154091369603323,0.016));
#2707=CARTESIAN_POINT('',(0.02605,-0.00890913696033231,0.016));
#2708=CARTESIAN_POINT('',(0.02555,-0.0154091369603323,0.016));
#2709=CARTESIAN_POINT('',(0.02555,-0.0154091369603323,0.013));
#2710=CARTESIAN_POINT('',(0.02555,-0.0159091369603323,0.013));
#2711=CARTESIAN_POINT('',(0.02555,-0.0159091369603323,0.016));
#2712=CARTESIAN_POINT('',(0.02555,-0.0159091369603323,0.016));
#2713=CARTESIAN_POINT('',(0.02555,-0.0154091369603323,0.016));
#2714=CARTESIAN_POINT('',(0.01905,-0.0159091369603323,0.016));
#2715=CARTESIAN_POINT('',(0.01905,-0.0159091369603323,0.013));
#2716=CARTESIAN_POINT('',(0.01255,-0.0159091369603323,0.013));
#2717=CARTESIAN_POINT('',(0.01255,-0.0159091369603323,0.016));
#2718=CARTESIAN_POINT('',(0.01255,-0.0159091369603323,0.016));
#2719=CARTESIAN_POINT('',(0.01905,-0.0159091369603323,0.016));
#2720=CARTESIAN_POINT('',(0.01255,-0.0154091369603323,0.016));
#2721=CARTESIAN_POINT('',(0.01255,-0.0154091369603323,0.013));
#2722=CARTESIAN_POINT('',(0.01205,-0.0154091369603323,0.013));
#2723=CARTESIAN_POINT('',(0.01205,-0.0154091369603323,0.016));
#2724=CARTESIAN_POINT('',(0.01205,-0.0154091369603323,0.016));
#2725=CARTESIAN_POINT('',(0.01255,-0.0154091369603323,0.016));
#2726=CARTESIAN_POINT('',(-0.0065,-0.00240913696033231,0.016));
#2727=CARTESIAN_POINT('',(-0.0065,-0.00240913696033231,0.013));
#2728=CARTESIAN_POINT('',(-0.0065,-0.00190913696033231,0.013));
#2729=CARTESIAN_POINT('',(-0.007,-0.00240913696033231,0.013));
#2730=CARTESIAN_POINT('',(-0.0065,-0.00190913696033231,0.016));
#2731=CARTESIAN_POINT('',(-0.0065,-0.00190913696033231,0.016));
#2732=CARTESIAN_POINT('',(-0.0065,-0.00240913696033231,0.016));
#2733=CARTESIAN_POINT('',(-0.007,-0.00240913696033231,0.016));
#2734=CARTESIAN_POINT('',(-0.007,-0.00240913696033231,0.016));
#2735=CARTESIAN_POINT('',(1.7347234759768E-18,-0.00190913696033231,0.016));
#2736=CARTESIAN_POINT('',(1.7347234759768E-18,-0.00190913696033231,0.013));
#2737=CARTESIAN_POINT('',(0.0065,-0.00190913696033231,0.013));
#2738=CARTESIAN_POINT('',(0.0065,-0.00190913696033231,0.016));
#2739=CARTESIAN_POINT('',(0.0065,-0.00190913696033231,0.016));
#2740=CARTESIAN_POINT('',(1.7347234759768E-18,-0.00190913696033231,0.016));
#2741=CARTESIAN_POINT('',(0.0065,-0.00240913696033231,0.016));
#2742=CARTESIAN_POINT('',(0.0065,-0.00240913696033231,0.013));
#2743=CARTESIAN_POINT('',(0.007,-0.00240913696033231,0.013));
#2744=CARTESIAN_POINT('',(0.007,-0.00240913696033231,0.016));
#2745=CARTESIAN_POINT('',(0.007,-0.00240913696033231,0.016));
#2746=CARTESIAN_POINT('',(0.0065,-0.00240913696033231,0.016));
#2747=CARTESIAN_POINT('',(0.007,-0.00890913696033231,0.016));
#2748=CARTESIAN_POINT('',(0.007,-0.00890913696033231,0.013));
#2749=CARTESIAN_POINT('',(0.007,-0.0154091369603323,0.013));
#2750=CARTESIAN_POINT('',(0.007,-0.0154091369603323,0.016));
#2751=CARTESIAN_POINT('',(0.007,-0.0154091369603323,0.016));
#2752=CARTESIAN_POINT('',(0.007,-0.00890913696033231,0.016));
#2753=CARTESIAN_POINT('',(0.0065,-0.0154091369603323,0.016));
#2754=CARTESIAN_POINT('',(0.0065,-0.0154091369603323,0.013));
#2755=CARTESIAN_POINT('',(0.0065,-0.0159091369603323,0.013));
#2756=CARTESIAN_POINT('',(0.0065,-0.0159091369603323,0.016));
#2757=CARTESIAN_POINT('',(0.0065,-0.0159091369603323,0.016));
#2758=CARTESIAN_POINT('',(0.0065,-0.0154091369603323,0.016));
#2759=CARTESIAN_POINT('',(1.7347234759768E-18,-0.0159091369603323,0.016));
#2760=CARTESIAN_POINT('',(1.7347234759768E-18,-0.0159091369603323,0.013));
#2761=CARTESIAN_POINT('',(-0.0065,-0.0159091369603323,0.013));
#2762=CARTESIAN_POINT('',(-0.0065,-0.0159091369603323,0.016));
#2763=CARTESIAN_POINT('',(-0.0065,-0.0159091369603323,0.016));
#2764=CARTESIAN_POINT('',(1.7347234759768E-18,-0.0159091369603323,0.016));
#2765=CARTESIAN_POINT('',(-0.0065,-0.0154091369603323,0.016));
#2766=CARTESIAN_POINT('',(-0.0065,-0.0154091369603323,0.013));
#2767=CARTESIAN_POINT('',(-0.007,-0.0154091369603323,0.013));
#2768=CARTESIAN_POINT('',(-0.007,-0.0154091369603323,0.016));
#2769=CARTESIAN_POINT('',(-0.007,-0.0154091369603323,0.016));
#2770=CARTESIAN_POINT('',(-0.0065,-0.0154091369603323,0.016));
#2771=CARTESIAN_POINT('',(-0.02555,-0.00240913696033232,0.016));
#2772=CARTESIAN_POINT('',(-0.02555,-0.00240913696033232,0.013));
#2773=CARTESIAN_POINT('',(-0.02555,-0.00190913696033231,0.013));
#2774=CARTESIAN_POINT('',(-0.02605,-0.00240913696033231,0.013));
#2775=CARTESIAN_POINT('',(-0.02555,-0.00190913696033231,0.016));
#2776=CARTESIAN_POINT('',(-0.02555,-0.00190913696033231,0.016));
#2777=CARTESIAN_POINT('',(-0.02555,-0.00240913696033232,0.016));
#2778=CARTESIAN_POINT('',(-0.02605,-0.00240913696033231,0.016));
#2779=CARTESIAN_POINT('',(-0.02605,-0.00240913696033231,0.016));
#2780=CARTESIAN_POINT('',(-0.01905,-0.00190913696033231,0.016));
#2781=CARTESIAN_POINT('',(-0.01905,-0.00190913696033231,0.013));
#2782=CARTESIAN_POINT('',(-0.01255,-0.00190913696033231,0.013));
#2783=CARTESIAN_POINT('',(-0.01255,-0.00190913696033231,0.016));
#2784=CARTESIAN_POINT('',(-0.01255,-0.00190913696033231,0.016));
#2785=CARTESIAN_POINT('',(-0.01905,-0.00190913696033231,0.016));
#2786=CARTESIAN_POINT('',(-0.01255,-0.00240913696033231,0.016));
#2787=CARTESIAN_POINT('',(-0.01255,-0.00240913696033231,0.013));
#2788=CARTESIAN_POINT('',(-0.01205,-0.00240913696033231,0.013));
#2789=CARTESIAN_POINT('',(-0.01205,-0.00240913696033231,0.016));
#2790=CARTESIAN_POINT('',(-0.01205,-0.00240913696033231,0.016));
#2791=CARTESIAN_POINT('',(-0.01255,-0.00240913696033231,0.016));
#2792=CARTESIAN_POINT('',(-0.01205,-0.00890913696033231,0.016));
#2793=CARTESIAN_POINT('',(-0.01205,-0.00890913696033231,0.013));
#2794=CARTESIAN_POINT('',(-0.01205,-0.0154091369603323,0.013));
#2795=CARTESIAN_POINT('',(-0.01205,-0.0154091369603323,0.016));
#2796=CARTESIAN_POINT('',(-0.01205,-0.0154091369603323,0.016));
#2797=CARTESIAN_POINT('',(-0.01205,-0.00890913696033231,0.016));
#2798=CARTESIAN_POINT('',(-0.01255,-0.0154091369603323,0.016));
#2799=CARTESIAN_POINT('',(-0.01255,-0.0154091369603323,0.013));
#2800=CARTESIAN_POINT('',(-0.01255,-0.0159091369603323,0.013));
#2801=CARTESIAN_POINT('',(-0.01255,-0.0159091369603323,0.016));
#2802=CARTESIAN_POINT('',(-0.01255,-0.0159091369603323,0.016));
#2803=CARTESIAN_POINT('',(-0.01255,-0.0154091369603323,0.016));
#2804=CARTESIAN_POINT('',(-0.01905,-0.0159091369603323,0.016));
#2805=CARTESIAN_POINT('',(-0.01905,-0.0159091369603323,0.013));
#2806=CARTESIAN_POINT('',(-0.02555,-0.0159091369603323,0.013));
#2807=CARTESIAN_POINT('',(-0.02555,-0.0159091369603323,0.016));
#2808=CARTESIAN_POINT('',(-0.02555,-0.0159091369603323,0.016));
#2809=CARTESIAN_POINT('',(-0.01905,-0.0159091369603323,0.016));
#2810=CARTESIAN_POINT('',(-0.02555,-0.0154091369603323,0.016));
#2811=CARTESIAN_POINT('',(-0.02555,-0.0154091369603323,0.013));
#2812=CARTESIAN_POINT('',(-0.02605,-0.0154091369603323,0.013));
#2813=CARTESIAN_POINT('',(-0.02605,-0.0154091369603323,0.016));
#2814=CARTESIAN_POINT('',(-0.02605,-0.0154091369603323,0.016));
#2815=CARTESIAN_POINT('',(-0.02555,-0.0154091369603323,0.016));
#2816=CARTESIAN_POINT('',(0.01255,0.0166408630396677,0.016));
#2817=CARTESIAN_POINT('',(0.01255,0.0166408630396677,0.013));
#2818=CARTESIAN_POINT('',(0.01255,0.0171408630396677,0.013));
#2819=CARTESIAN_POINT('',(0.01205,0.0166408630396677,0.013));
#2820=CARTESIAN_POINT('',(0.01255,0.0171408630396677,0.016));
#2821=CARTESIAN_POINT('',(0.01255,0.0171408630396677,0.016));
#2822=CARTESIAN_POINT('',(0.01255,0.0166408630396677,0.016));
#2823=CARTESIAN_POINT('',(0.01205,0.0166408630396677,0.016));
#2824=CARTESIAN_POINT('',(0.01205,0.0166408630396677,0.016));
#2825=CARTESIAN_POINT('',(0.01905,0.0171408630396677,0.016));
#2826=CARTESIAN_POINT('',(0.01905,0.0171408630396677,0.013));
#2827=CARTESIAN_POINT('',(0.02555,0.0171408630396677,0.013));
#2828=CARTESIAN_POINT('',(0.02555,0.0171408630396677,0.016));
#2829=CARTESIAN_POINT('',(0.02555,0.0171408630396677,0.016));
#2830=CARTESIAN_POINT('',(0.01905,0.0171408630396677,0.016));
#2831=CARTESIAN_POINT('',(0.02555,0.0166408630396677,0.016));
#2832=CARTESIAN_POINT('',(0.02555,0.0166408630396677,0.013));
#2833=CARTESIAN_POINT('',(0.02605,0.0166408630396677,0.013));
#2834=CARTESIAN_POINT('',(0.02605,0.0166408630396677,0.016));
#2835=CARTESIAN_POINT('',(0.02605,0.0166408630396677,0.016));
#2836=CARTESIAN_POINT('',(0.02555,0.0166408630396677,0.016));
#2837=CARTESIAN_POINT('',(0.02605,0.0101408630396677,0.016));
#2838=CARTESIAN_POINT('',(0.02605,0.0101408630396677,0.013));
#2839=CARTESIAN_POINT('',(0.02605,0.00364086303966769,0.013));
#2840=CARTESIAN_POINT('',(0.02605,0.00364086303966769,0.016));
#2841=CARTESIAN_POINT('',(0.02605,0.00364086303966769,0.016));
#2842=CARTESIAN_POINT('',(0.02605,0.0101408630396677,0.016));
#2843=CARTESIAN_POINT('',(0.02555,0.0036408630396677,0.016));
#2844=CARTESIAN_POINT('',(0.02555,0.0036408630396677,0.013));
#2845=CARTESIAN_POINT('',(0.02555,0.00314086303966769,0.013));
#2846=CARTESIAN_POINT('',(0.02555,0.00314086303966769,0.016));
#2847=CARTESIAN_POINT('',(0.02555,0.00314086303966769,0.016));
#2848=CARTESIAN_POINT('',(0.02555,0.0036408630396677,0.016));
#2849=CARTESIAN_POINT('',(0.01905,0.0031408630396677,0.016));
#2850=CARTESIAN_POINT('',(0.01905,0.0031408630396677,0.013));
#2851=CARTESIAN_POINT('',(0.01255,0.0031408630396677,0.013));
#2852=CARTESIAN_POINT('',(0.01255,0.0031408630396677,0.016));
#2853=CARTESIAN_POINT('',(0.01255,0.0031408630396677,0.016));
#2854=CARTESIAN_POINT('',(0.01905,0.0031408630396677,0.016));
#2855=CARTESIAN_POINT('',(0.01255,0.00364086303966769,0.016));
#2856=CARTESIAN_POINT('',(0.01255,0.00364086303966769,0.013));
#2857=CARTESIAN_POINT('',(0.01205,0.00364086303966769,0.013));
#2858=CARTESIAN_POINT('',(0.01205,0.00364086303966769,0.016));
#2859=CARTESIAN_POINT('',(0.01205,0.00364086303966769,0.016));
#2860=CARTESIAN_POINT('',(0.01255,0.00364086303966769,0.016));
#2861=CARTESIAN_POINT('',(-0.0065,0.0166408630396677,0.016));
#2862=CARTESIAN_POINT('',(-0.0065,0.0166408630396677,0.013));
#2863=CARTESIAN_POINT('',(-0.0065,0.0171408630396677,0.013));
#2864=CARTESIAN_POINT('',(-0.007,0.0166408630396677,0.013));
#2865=CARTESIAN_POINT('',(-0.0065,0.0171408630396677,0.016));
#2866=CARTESIAN_POINT('',(-0.0065,0.0171408630396677,0.016));
#2867=CARTESIAN_POINT('',(-0.0065,0.0166408630396677,0.016));
#2868=CARTESIAN_POINT('',(-0.007,0.0166408630396677,0.016));
#2869=CARTESIAN_POINT('',(-0.007,0.0166408630396677,0.016));
#2870=CARTESIAN_POINT('',(1.7347234759768E-18,0.0171408630396677,0.016));
#2871=CARTESIAN_POINT('',(1.7347234759768E-18,0.0171408630396677,0.013));
#2872=CARTESIAN_POINT('',(0.0065,0.0171408630396677,0.013));
#2873=CARTESIAN_POINT('',(0.0065,0.0171408630396677,0.016));
#2874=CARTESIAN_POINT('',(0.0065,0.0171408630396677,0.016));
#2875=CARTESIAN_POINT('',(1.7347234759768E-18,0.0171408630396677,0.016));
#2876=CARTESIAN_POINT('',(0.0065,0.0166408630396677,0.016));
#2877=CARTESIAN_POINT('',(0.0065,0.0166408630396677,0.013));
#2878=CARTESIAN_POINT('',(0.007,0.0166408630396677,0.013));
#2879=CARTESIAN_POINT('',(0.007,0.0166408630396677,0.016));
#2880=CARTESIAN_POINT('',(0.007,0.0166408630396677,0.016));
#2881=CARTESIAN_POINT('',(0.0065,0.0166408630396677,0.016));
#2882=CARTESIAN_POINT('',(0.007,0.0101408630396677,0.016));
#2883=CARTESIAN_POINT('',(0.007,0.0101408630396677,0.013));
#2884=CARTESIAN_POINT('',(0.007,0.00364086303966769,0.013));
#2885=CARTESIAN_POINT('',(0.007,0.00364086303966769,0.016));
#2886=CARTESIAN_POINT('',(0.007,0.00364086303966769,0.016));
#2887=CARTESIAN_POINT('',(0.007,0.0101408630396677,0.016));
#2888=CARTESIAN_POINT('',(0.0065,0.0036408630396677,0.016));
#2889=CARTESIAN_POINT('',(0.0065,0.0036408630396677,0.013));
#2890=CARTESIAN_POINT('',(0.0065,0.00314086303966769,0.013));
#2891=CARTESIAN_POINT('',(0.0065,0.00314086303966769,0.016));
#2892=CARTESIAN_POINT('',(0.0065,0.00314086303966769,0.016));
#2893=CARTESIAN_POINT('',(0.0065,0.0036408630396677,0.016));
#2894=CARTESIAN_POINT('',(1.7347234759768E-18,0.0031408630396677,0.016));
#2895=CARTESIAN_POINT('',(1.7347234759768E-18,0.0031408630396677,0.013));
#2896=CARTESIAN_POINT('',(-0.0065,0.0031408630396677,0.013));
#2897=CARTESIAN_POINT('',(-0.0065,0.0031408630396677,0.016));
#2898=CARTESIAN_POINT('',(-0.0065,0.0031408630396677,0.016));
#2899=CARTESIAN_POINT('',(1.7347234759768E-18,0.0031408630396677,0.016));
#2900=CARTESIAN_POINT('',(-0.0065,0.00364086303966769,0.016));
#2901=CARTESIAN_POINT('',(-0.0065,0.00364086303966769,0.013));
#2902=CARTESIAN_POINT('',(-0.007,0.00364086303966769,0.013));
#2903=CARTESIAN_POINT('',(-0.007,0.00364086303966769,0.016));
#2904=CARTESIAN_POINT('',(-0.007,0.00364086303966769,0.016));
#2905=CARTESIAN_POINT('',(-0.0065,0.00364086303966769,0.016));
#2906=CARTESIAN_POINT('',(-0.02555,0.0166408630396677,0.016));
#2907=CARTESIAN_POINT('',(-0.02555,0.0166408630396677,0.013));
#2908=CARTESIAN_POINT('',(-0.02555,0.0171408630396677,0.013));
#2909=CARTESIAN_POINT('',(-0.02605,0.0166408630396677,0.013));
#2910=CARTESIAN_POINT('',(-0.02555,0.0171408630396677,0.016));
#2911=CARTESIAN_POINT('',(-0.02555,0.0171408630396677,0.016));
#2912=CARTESIAN_POINT('',(-0.02555,0.0166408630396677,0.016));
#2913=CARTESIAN_POINT('',(-0.02605,0.0166408630396677,0.016));
#2914=CARTESIAN_POINT('',(-0.02605,0.0166408630396677,0.016));
#2915=CARTESIAN_POINT('',(-0.01905,0.0171408630396677,0.016));
#2916=CARTESIAN_POINT('',(-0.01905,0.0171408630396677,0.013));
#2917=CARTESIAN_POINT('',(-0.01255,0.0171408630396677,0.013));
#2918=CARTESIAN_POINT('',(-0.01255,0.0171408630396677,0.016));
#2919=CARTESIAN_POINT('',(-0.01255,0.0171408630396677,0.016));
#2920=CARTESIAN_POINT('',(-0.01905,0.0171408630396677,0.016));
#2921=CARTESIAN_POINT('',(-0.01255,0.0166408630396677,0.016));
#2922=CARTESIAN_POINT('',(-0.01255,0.0166408630396677,0.013));
#2923=CARTESIAN_POINT('',(-0.01205,0.0166408630396677,0.013));
#2924=CARTESIAN_POINT('',(-0.01205,0.0166408630396677,0.016));
#2925=CARTESIAN_POINT('',(-0.01205,0.0166408630396677,0.016));
#2926=CARTESIAN_POINT('',(-0.01255,0.0166408630396677,0.016));
#2927=CARTESIAN_POINT('',(-0.01205,0.0101408630396677,0.016));
#2928=CARTESIAN_POINT('',(-0.01205,0.0101408630396677,0.013));
#2929=CARTESIAN_POINT('',(-0.01205,0.00364086303966769,0.013));
#2930=CARTESIAN_POINT('',(-0.01205,0.00364086303966769,0.016));
#2931=CARTESIAN_POINT('',(-0.01205,0.00364086303966769,0.016));
#2932=CARTESIAN_POINT('',(-0.01205,0.0101408630396677,0.016));
#2933=CARTESIAN_POINT('',(-0.01255,0.00364086303966769,0.016));
#2934=CARTESIAN_POINT('',(-0.01255,0.00364086303966769,0.013));
#2935=CARTESIAN_POINT('',(-0.01255,0.00314086303966769,0.013));
#2936=CARTESIAN_POINT('',(-0.01255,0.00314086303966769,0.016));
#2937=CARTESIAN_POINT('',(-0.01255,0.00314086303966769,0.016));
#2938=CARTESIAN_POINT('',(-0.01255,0.00364086303966769,0.016));
#2939=CARTESIAN_POINT('',(-0.01905,0.0031408630396677,0.016));
#2940=CARTESIAN_POINT('',(-0.01905,0.0031408630396677,0.013));
#2941=CARTESIAN_POINT('',(-0.02555,0.0031408630396677,0.013));
#2942=CARTESIAN_POINT('',(-0.02555,0.0031408630396677,0.016));
#2943=CARTESIAN_POINT('',(-0.02555,0.0031408630396677,0.016));
#2944=CARTESIAN_POINT('',(-0.01905,0.0031408630396677,0.016));
#2945=CARTESIAN_POINT('',(-0.02555,0.0036408630396677,0.016));
#2946=CARTESIAN_POINT('',(-0.02555,0.0036408630396677,0.013));
#2947=CARTESIAN_POINT('',(-0.02605,0.00364086303966769,0.013));
#2948=CARTESIAN_POINT('',(-0.02605,0.00364086303966769,0.016));
#2949=CARTESIAN_POINT('',(-0.02605,0.00364086303966769,0.016));
#2950=CARTESIAN_POINT('',(-0.02555,0.0036408630396677,0.016));
#2951=CARTESIAN_POINT('',(0.0411034118504013,-0.000239761960332294,0.016));
#2952=CARTESIAN_POINT('',(0.0411034118504013,-0.000239761960332294,0.013));
#2953=CARTESIAN_POINT('',(0.0411034118504013,0.0440046130396677,0.013));
#2954=CARTESIAN_POINT('',(0.0411034118504013,-0.0444841369603323,0.013));
#2955=CARTESIAN_POINT('',(0.0411034118504013,0.0440046130396677,0.016));
#2956=CARTESIAN_POINT('',(0.0411034118504013,0.0440046130396677,0.016));
#2957=CARTESIAN_POINT('',(0.0411034118504013,-0.000239761960332294,0.016));
#2958=CARTESIAN_POINT('',(0.0411034118504013,-0.0444841369603323,0.016));
#2959=CARTESIAN_POINT('',(0.0411034118504013,-0.0444841369603323,0.016));
#2960=CARTESIAN_POINT('',(0.0361034118504013,0.0440046130396677,0.016));
#2961=CARTESIAN_POINT('',(0.0361034118504013,0.0440046130396677,0.013));
#2962=CARTESIAN_POINT('',(0.0361034118504013,0.0490046130396677,0.013));
#2963=CARTESIAN_POINT('',(0.0361034118504013,0.0490046130396677,0.016));
#2964=CARTESIAN_POINT('',(0.0361034118504013,0.0490046130396677,0.016));
#2965=CARTESIAN_POINT('',(0.0361034118504013,0.0440046130396677,0.016));
#2966=CARTESIAN_POINT('',(-5.28381495987045E-5,0.0490046130396677,0.016));
#2967=CARTESIAN_POINT('',(-5.28381495987045E-5,0.0490046130396677,0.013));
#2968=CARTESIAN_POINT('',(-0.0362090881495987,0.0490046130396677,0.013));
#2969=CARTESIAN_POINT('',(-0.0362090881495987,0.0490046130396677,0.016));
#2970=CARTESIAN_POINT('',(-0.0362090881495987,0.0490046130396677,0.016));
#2971=CARTESIAN_POINT('',(-5.28381495987045E-5,0.0490046130396677,0.016));
#2972=CARTESIAN_POINT('',(-0.0362090881495987,0.0440046130396677,0.016));
#2973=CARTESIAN_POINT('',(-0.0362090881495987,0.0440046130396677,0.013));
#2974=CARTESIAN_POINT('',(-0.0412090881495987,0.0440046130396677,0.013));
#2975=CARTESIAN_POINT('',(-0.0412090881495987,0.0440046130396677,0.016));
#2976=CARTESIAN_POINT('',(-0.0412090881495987,0.0440046130396677,0.016));
#2977=CARTESIAN_POINT('',(-0.0362090881495987,0.0440046130396677,0.016));
#2978=CARTESIAN_POINT('',(-0.0412090881495987,-0.000239761960332309,0.016));
#2979=CARTESIAN_POINT('',(-0.0412090881495987,-0.000239761960332309,0.013));
#2980=CARTESIAN_POINT('',(-0.0412090881495987,-0.0444841369603323,0.013));
#2981=CARTESIAN_POINT('',(-0.0412090881495987,-0.0444841369603323,0.016));
#2982=CARTESIAN_POINT('',(-0.0412090881495987,-0.0444841369603323,0.016));
#2983=CARTESIAN_POINT('',(-0.0412090881495987,-0.000239761960332309,0.016));
#2984=CARTESIAN_POINT('',(-0.0362090881495987,-0.0444841369603323,0.016));
#2985=CARTESIAN_POINT('',(-0.0362090881495987,-0.0444841369603323,0.013));
#2986=CARTESIAN_POINT('',(-0.0362090881495987,-0.0494841369603323,0.013));
#2987=CARTESIAN_POINT('',(-0.0362090881495987,-0.0494841369603323,0.016));
#2988=CARTESIAN_POINT('',(-0.0362090881495987,-0.0494841369603323,0.016));
#2989=CARTESIAN_POINT('',(-0.0362090881495987,-0.0444841369603323,0.016));
#2990=CARTESIAN_POINT('',(-5.28381495987045E-5,-0.0494841369603323,0.016));
#2991=CARTESIAN_POINT('',(-5.28381495987045E-5,-0.0494841369603323,0.013));
#2992=CARTESIAN_POINT('',(0.0361034118504013,-0.0494841369603323,0.013));
#2993=CARTESIAN_POINT('',(0.0361034118504013,-0.0494841369603323,0.016));
#2994=CARTESIAN_POINT('',(0.0361034118504013,-0.0494841369603323,0.016));
#2995=CARTESIAN_POINT('',(-5.28381495987045E-5,-0.0494841369603323,0.016));
#2996=CARTESIAN_POINT('',(-0.0140090881495987,0.0297936412560022,0.016));
#2997=CARTESIAN_POINT('',(-0.0140090881495987,0.0297936412560022,0.013));
#2998=CARTESIAN_POINT('',(-0.0140090881495987,0.0349761130396677,0.013));
#2999=CARTESIAN_POINT('',(-0.0140090881495987,0.0246111694723368,0.013));
#3000=CARTESIAN_POINT('',(-0.0140090881495987,0.0349761130396677,0.016));
#3001=CARTESIAN_POINT('',(-0.0140090881495987,0.0349761130396677,0.016));
#3002=CARTESIAN_POINT('',(-0.0140090881495987,0.0297936412560022,0.016));
#3003=CARTESIAN_POINT('',(-0.0140090881495987,0.0246111694723368,0.016));
#3004=CARTESIAN_POINT('',(-0.0140090881495987,0.0246111694723368,0.016));
#3005=CARTESIAN_POINT('',(0.0007546618504013,0.0349761130396677,0.016));
#3006=CARTESIAN_POINT('',(0.0007546618504013,0.0349761130396677,0.013));
#3007=CARTESIAN_POINT('',(0.0155184118504013,0.0349761130396677,0.013));
#3008=CARTESIAN_POINT('',(0.0155184118504013,0.0349761130396677,0.016));
#3009=CARTESIAN_POINT('',(0.0155184118504013,0.0349761130396677,0.016));
#3010=CARTESIAN_POINT('',(0.0007546618504013,0.0349761130396677,0.016));
#3011=CARTESIAN_POINT('',(0.0155184118504013,0.0297936412560022,0.016));
#3012=CARTESIAN_POINT('',(0.0155184118504013,0.0297936412560022,0.013));
#3013=CARTESIAN_POINT('',(0.0155184118504013,0.0246111694723368,0.013));
#3014=CARTESIAN_POINT('',(0.0155184118504013,0.0246111694723368,0.016));
#3015=CARTESIAN_POINT('',(0.0155184118504013,0.0246111694723368,0.016));
#3016=CARTESIAN_POINT('',(0.0155184118504013,0.0297936412560022,0.016));
#3017=CARTESIAN_POINT('',(-0.007,-0.0279591369603323,0.016));
#3018=CARTESIAN_POINT('',(-0.007,-0.0279591369603323,0.013));
#3019=CARTESIAN_POINT('',(-0.007,-0.0279591369603323,0.016));
#3020=CARTESIAN_POINT('',(-0.02605,-0.0279591369603323,0.016));
#3021=CARTESIAN_POINT('',(-0.02605,-0.0279591369603323,0.013));
#3022=CARTESIAN_POINT('',(-0.02605,-0.0279591369603323,0.016));
#3023=CARTESIAN_POINT('',(0.01205,-0.00890913696033231,0.016));
#3024=CARTESIAN_POINT('',(0.01205,-0.00890913696033231,0.013));
#3025=CARTESIAN_POINT('',(0.01205,-0.00890913696033231,0.016));
#3026=CARTESIAN_POINT('',(-0.007,-0.00890913696033231,0.016));
#3027=CARTESIAN_POINT('',(-0.007,-0.00890913696033231,0.013));
#3028=CARTESIAN_POINT('',(-0.007,-0.00890913696033231,0.016));
#3029=CARTESIAN_POINT('',(-0.02605,-0.00890913696033231,0.016));
#3030=CARTESIAN_POINT('',(-0.02605,-0.00890913696033231,0.013));
#3031=CARTESIAN_POINT('',(-0.02605,-0.00890913696033231,0.016));
#3032=CARTESIAN_POINT('',(0.01205,0.0101408630396677,0.016));
#3033=CARTESIAN_POINT('',(0.01205,0.0101408630396677,0.013));
#3034=CARTESIAN_POINT('',(0.01205,0.0101408630396677,0.016));
#3035=CARTESIAN_POINT('',(-0.007,0.0101408630396677,0.016));
#3036=CARTESIAN_POINT('',(-0.007,0.0101408630396677,0.013));
#3037=CARTESIAN_POINT('',(-0.007,0.0101408630396677,0.016));
#3038=CARTESIAN_POINT('',(-0.02605,0.0101408630396677,0.016));
#3039=CARTESIAN_POINT('',(-0.02605,0.0101408630396677,0.013));
#3040=CARTESIAN_POINT('',(-0.02605,0.0101408630396677,0.016));
#3041=CARTESIAN_POINT('',(0.0361034118504013,-0.0444841369603323,0.016));
#3042=CARTESIAN_POINT('',(0.0361034118504013,-0.0444841369603323,0.013));
#3043=CARTESIAN_POINT('',(0.0361034118504013,-0.0444841369603323,0.016));
#3044=CARTESIAN_POINT('',(0.0353711788033677,0.0432723799926341,0.016));
#3045=CARTESIAN_POINT('',(0.0353711788033677,0.0432723799926341,0.016));
#3046=CARTESIAN_POINT('',(0.0368211788033677,0.0432723799926341,0.016));
#3047=CARTESIAN_POINT('',(0.0353711788033677,0.0432723799926341,0.013));
#3048=CARTESIAN_POINT('',(0.0368211788033677,0.0432723799926341,0.013));
#3049=CARTESIAN_POINT('',(-0.0354768551025651,-0.0437519039132986,0.016));
#3050=CARTESIAN_POINT('',(-0.0354768551025651,-0.0437519039132986,0.016));
#3051=CARTESIAN_POINT('',(-0.0340268551025651,-0.0437519039132986,0.016));
#3052=CARTESIAN_POINT('',(-0.0354768551025651,-0.0437519039132986,0.013));
#3053=CARTESIAN_POINT('',(-0.0340268551025651,-0.0437519039132986,0.013));
#3054=CARTESIAN_POINT('',(0.0353711788033677,-0.0437519039132986,0.016));
#3055=CARTESIAN_POINT('',(0.0353711788033677,-0.0437519039132986,0.016));
#3056=CARTESIAN_POINT('',(0.0368211788033677,-0.0437519039132986,0.016));
#3057=CARTESIAN_POINT('',(0.0353711788033677,-0.0437519039132986,0.013));
#3058=CARTESIAN_POINT('',(0.0368211788033677,-0.0437519039132986,0.013));
#3059=CARTESIAN_POINT('',(-0.0354768551025651,0.0432723799926341,0.016));
#3060=CARTESIAN_POINT('',(-0.0354768551025651,0.0432723799926341,0.016));
#3061=CARTESIAN_POINT('',(-0.0339705424093883,0.0432723799926341,0.016));
#3062=CARTESIAN_POINT('',(-0.0354768551025651,0.0432723799926341,0.013));
#3063=CARTESIAN_POINT('',(-0.0339705424093883,0.0432723799926341,0.013));
#3064=CARTESIAN_POINT('',(0.0007546618504013,0.0246111694723368,0.016));
#3065=CARTESIAN_POINT('',(0.0007546618504013,0.0246111694723368,0.013));
#3066=CARTESIAN_POINT('',(0.0007546618504013,0.0246111694723368,0.016));
#3067=CARTESIAN_POINT('',(0.01205,-0.0279591369603323,0.016));
#3068=CARTESIAN_POINT('',(0.01205,-0.0279591369603323,0.013));
#3069=CARTESIAN_POINT('',(0.01205,-0.0279591369603323,0.016));
#3070=CARTESIAN_POINT('',(-5.2838149598701E-5,-0.000239761960332298,0.016));
#3071=CARTESIAN_POINT('',(-5.2838149598701E-5,-0.000239761960332298,0.013));
#3072=MECHANICAL_DESIGN_GEOMETRIC_PRESENTATION_REPRESENTATION('',(#1825),
#3073);
#3073=(
GEOMETRIC_REPRESENTATION_CONTEXT(3)
GLOBAL_UNCERTAINTY_ASSIGNED_CONTEXT((#3074))
GLOBAL_UNIT_ASSIGNED_CONTEXT((#3077,#3076,#3075))
REPRESENTATION_CONTEXT('Part 2','TOP_LEVEL_ASSEMBLY_PART')
);
#3074=UNCERTAINTY_MEASURE_WITH_UNIT(LENGTH_MEASURE(1.E-8),#3077,
'DISTANCE_ACCURACY_VALUE','Maximum Tolerance applied to model');
#3075=(
NAMED_UNIT(*)
SI_UNIT($,.STERADIAN.)
SOLID_ANGLE_UNIT()
);
#3076=(
NAMED_UNIT(*)
PLANE_ANGLE_UNIT()
SI_UNIT($,.RADIAN.)
);
#3077=(
LENGTH_UNIT()
NAMED_UNIT(*)
SI_UNIT($,.METRE.)
);
#3078=PRODUCT_DEFINITION_SHAPE('','',#3079);
#3079=PRODUCT_DEFINITION('','',#3081,#3080);
#3080=PRODUCT_DEFINITION_CONTEXT('',#3087,'design');
#3081=PRODUCT_DEFINITION_FORMATION_WITH_SPECIFIED_SOURCE('','',#3083,
 .NOT_KNOWN.);
#3082=PRODUCT_RELATED_PRODUCT_CATEGORY('','',(#3083));
#3083=PRODUCT('Part 2','Part 2','Part 2',(#3085));
#3084=PRODUCT_CATEGORY('','');
#3085=PRODUCT_CONTEXT('',#3087,'mechanical');
#3086=APPLICATION_PROTOCOL_DEFINITION('international standard',
'ap242_managed_model_based_3d_engineering',2020,#3087);
#3087=APPLICATION_CONTEXT('managed model based 3d engineering');
ENDSEC;
END-ISO-10303-21;
